id_et_x,nom_et,pnom_et,lieu_nais_et,date_nais_et,sexe,code_nationalite,nature_piece_id,num_cin_passeport,date_delivrance,lieu_delivrance,cp_et,e_mail_et,tel_et,id_candidature_final,ville_et,code_gouv,code_pays_et,id_concours,date_enreg,date_convocation,date_entretien,date_resultat,date_preinscrits,id_et_y,score_final,resultat,id_candidature,note_bac,note_entretien,score_admission,annee_admission,statut_emploi,satisfaction
1,louati,hamza,,1999-05-16,M,TN,C,1504897,2015-05-16,tunis,2200,,+216-24-634-7226,1,,TN-94,TN,,,,,,,,,,,12.99,15.59,14.03,2017,chômage,Très satisfait
2,Abassi,Rayen,gafsa,1999-04-27,M,TN,C,1504898,2015-10-24,Shibganj,4000,rtesimon1@nationalgeographic.com,+55-453-631-3013,2,,TN-61,TN,,,,,,,,,,,11.72,18.14,14.29,2018,employé,Peu satisfait
3,Ayed,mounir,tunis,2002-01-23,M,TN,P,1504899,2017-09-26,Cervantes,2013,iarnau2@a8.net,+52-583-631-4580,3,,TN-52,TN,,,,,,,,,,,13.3,14.59,13.82,2019,en formation,Très satisfait
4,Ayed,hamadi,Sousse,2000-01-01,M,TN,C,1504901,2017-03-06,Banjing,9000,erubert4@simplemachines.org,+54-896-343-3369,4,,TN-91,TN,,,,,,,,,,,15.05,13.24,14.33,2020,employé,Satisfait
5,Ayed,mondher,Sousse,2000-01-01,M,TN,C,10001112,2017-03-06,Banjing,9000,erubert4@simplemachines.org,+54-896-343-3369,5,,TN-91,TN,,,,,,,,,,,11.53,13.96,12.5,2015,employé,Satisfait
6,Brahim,sarra,Kairouan,2001-09-01,F,TN,P,1504902,2015-05-18,Hoàn Ki?m,4000,lfuzzard5@bloglines.com,+55-824-399-5176,6,,TN-32,TN,,,,,,,,,,,11.53,11.35,11.46,2018,employé,Satisfait
7,henteti,zeineb,,1998-01-12,F,TN,P,1504903,2017-09-01,Nizhniy Tagil,2040,ttong6@bizjournals.com,+389-272-767-3456,7,,,TN,,,,,,,,,,,15.16,12.96,14.28,2024,employé,Satisfait
8,Fadhel,hamma,Bizerte,2025-08-03,M,TN,P,1504904,2015-04-17,Petro-Slavyanka,2010,afolbig7@wikipedia.org,+62-870-747-6293,8,,TN-51,TN,,,,,,,,,,,13.53,13.39,13.47,2019,employé,Satisfait
9,Ben Slama,fatma,Gabès,2001-08-11,F,TN,C,1504905,2015-04-10,Delgermörön,1000,gblunkett8@dell.com,+358-663-191-6405,9,,TN-32,TN,,,,,,,,,,,11.06,13.21,11.92,2021,employé,Très satisfait
10,Brahim,fatma,La Soukra,2002-12-15,F,TN,P,1504906,2015-06-20,Iraray,2010,staw9@hexun.com,+62-497-416-8320,10,,TN-11,TN,,,,,,,,,,,13.09,14.23,13.55,2019,employé,Satisfait
11,Ghazouani,amine,Ariana,2000-02-13,M,TN,C,1504907,2016-01-14,Xinhang,2013,bvanderstraatena@google.fr,+7-887-972-5293,11,,TN-83,TN,,,,,,,,,,,11.07,12.77,11.75,2015,chômage,Peu satisfait
12,Charfi,salma,Sidi Hassine,2000-01-01,F,TN,C,1504908,2015-08-18,Pong,2040,astraniob@discuz.net,+86-311-838-4369,12,,TN-21,TN,,,,,,,,,,,11.07,15.68,12.91,2021,employé,Très satisfait
13,Ennaifer,anas,El Mourouj,1800-12-19,M,TN,C,1504909,2017-06-20,Tuanshansi,1000,pvarleyc@opera.com,+54-564-867-3422,13,,TN-52,TN,,,,,,,,,,,12.48,14.0,13.09,2022,en formation,Très satisfait
14,Gabsi,Ghanem,,1998-12-15,M,TN,P,1504910,2017-11-10,Paseh,2040,gwalstowd@newyorker.com,+249-405-729-8065,14,,TN-12,TN,,,,,,,,,,,8.17,13.99,10.5,2021,employé,Satisfait
15,Hamadi,Ahmed,Gafsa,1997-07-05,M,TN,P,1504911,2017-09-12,Mundri,1100,afrizzelle@wordpress.com,+46-668-873-5735,15,,TN-99,TN,,,,,,,,,,,8.55,13.51,10.53,2018,employé,Satisfait
16,Marouani,mohamed,Raoued,1998-06-12,M,TN,P,1504912,2016-01-13,Balungkopi,3000,jhearthfieldf@globo.com,+503-993-233-9981,16,,TN-82,TN,,,,,,,,,,,10.88,14.23,12.22,2022,employé,Satisfait
17,Materi,Tanya,Monastir,2001-08-19,F,TN,P,1504913,2017-09-23,El Bálsamo,8000,tfauguelg@godaddy.com,+998-633-115-4548,17,,TN-95,TN,,,,,,,,,,,9.97,15.24,12.08,2019,employé,Très satisfait
18,Memmi,Linda,La Marsa,2000-03-06,F,TN,C,1504914,2015-07-01,Bagikkedok Lauk,9000,ldeakinsh@nydailynews.com,+48-996-967-3580,18,,TN-92,TN,,,,,,,,,,,12.63,12.7,12.66,2024,employé,Satisfait
19,Mestiri,Lydia,La Marsa,2000-12-18,F,TN,C,1504915,2015-09-19,Somovo,2200,lclearsi@google.pl,+48-937-840-3945,19,,TN-95,TN,,,,,,,,,,,10.18,13.01,11.31,2023,chômage,Très satisfait
20,Ouertani,youssef,Mnihla,1998-01-31,M,TN,C,1504916,2017-04-15,Borucin,2040,pmcgilvraj@fastcompany.com,+81-427-819-7423,20,,TN-13,TN,,,,,,,,,,,9.18,13.54,10.92,2024,en formation,Satisfait
21,Sellimi,Fedi,Ben Arous,2000-01-01,M,TN,P,1504917,2017-01-17,Shashubay,1000,fgriptonk@ocn.ne.jp,+225-886-825-4968,21,,TN-92,TN,,,,,,,,,,,14.93,11.98,13.75,2019,en formation,Peu satisfait
22,Taïeb,Ridha,Ettadhamen,2020-06-23,M,TN,P,1504918,2015-01-11,Nanlü,2040,roxleel@simplemachines.org,+63-844-240-8905,22,,,TN,,,,,,,,,,,11.55,12.77,12.04,2015,employé,Très satisfait
23,Benjemia,Semah,Ettadhamen,2001-08-10,M,TN,P,1504919,2017-09-05,Los Dos Caminos,2200,smcturleym@ow.ly,+63-640-304-2510,23,,TN-51,TN,,,,,,,,,,,12.14,13.29,12.6,2023,chômage,Satisfait
24,Yahya,hanene,,1999-06-30,F,TN,P,1504920,2016-10-24,Adela,1100,gforbearn@trellian.com,+86-750-372-9813,24,,TN-82,TN,,,,,,,,,,,9.15,15.31,11.61,2019,employé,Pas satisfait
25,Zammit,Jamel,,2002-04-14,M,TN,P,1504921,2015-11-15,Chernogorsk,2010,jworthingo@google.ca,+48-974-892-4852,25,,TN-99,TN,,,,,,,,,,,10.91,14.39,12.3,2020,employé,Satisfait
26,Zoghlami,Lara,,1998-02-28,F,TN,C,1504922,2015-09-23,Al Funaytis,2010,lreamanp@de.vu,+856-679-710-0713,26,,TN-94,TN,,,,,,,,,,,12.22,14.29,13.05,2018,chômage,Peu satisfait
27,turkia,Baya,Kasserine,1998-03-12,F,TN,P,1504923,2017-06-22,Otaru,2040,bdrowsfieldq@umn.edu,+81-110-145-9658,27,,TN-52,TN,,,,,,,,,,,9.7,15.28,11.93,2020,chômage,Satisfait
28,kammoun,Asma,Douar Hicher,2001-03-25,F,TN,P,1504924,2015-09-24,Nueva Germania,4000,alutor@techcrunch.com,+63-820-489-2124,28,,TN-52,TN,,,,,,,,,,,12.75,13.79,13.17,2022,employé,Peu satisfait
29,ben aissa,Mariem,Ben Gardane,2000-02-04,F,TN,C,1504925,2016-09-27,Budënnovsk,2200,mdoags@ftc.gov,+7-740-391-7842,29,,TN-95,TN,,,,,,,,,,,10.8,14.59,12.32,2017,employé,Très satisfait
30,Abassi,Insaf,Djerba - Houmt Souk,2002-12-21,F,TN,P,1504926,2015-08-09,Anthoúsa,1000,rfollettt@bluehost.com,+62-544-765-4151,30,,TN-82,TN,,,,,,,,,,,11.42,13.85,12.39,2019,employé,Très satisfait
31,Ayed,habib,Le Kram,2000-01-01,M,TN,C,1504927,2015-07-17,Kapenguria,2040,gcarneyu@whitehouse.gov,+60-448-986-4051,31,,,TN,,,,,,,,,,,10.8,14.4,12.24,2016,chômage,Très satisfait
32,Azzabi,ridha,Djerba - Houmt Souk,2002-09-30,M,TN,P,1504928,2016-12-18,Köln,2010,bkasv@amazon.com,+7-486-104-7689,32,,TN-92,TN,,,,,,,,,,,15.7,13.13,14.67,2016,employé,Satisfait
33,Baccouche,Said,Hammamet,1999-04-22,M,TN,C,1504929,2015-10-13,Pudoc,3000,seisenbergw@livejournal.com,+351-112-245-4874,33,,,TN,,,,,,,,,,,11.97,10.34,11.32,2021,en formation,Peu satisfait
34,Bayram,hamza,Zarzis,2030-09-20,M,TN,P,1504930,2016-03-28,Jargalant,9000,gcantix@usda.gov,+86-125-955-3554,34,,TN-91,TN,,,,,,,,,,,9.88,13.8,11.45,2024,employé,Très satisfait
35,Béji,Yara,Djerba - Houmt Souk,2001-06-11,F,TN,P,1504931,2016-09-04,Miches,2040,ywresselly@angelfire.com,+33-758-481-8831,35,,,TN,,,,,,,,,,,13.65,16.13,14.64,2024,employé,Satisfait
36,Belhaj,Mariem,Le Bardo,2000-01-01,F,TN,P,1504932,2017-02-16,Usatove,2013,mgillaspyz@google.ru,+33-903-207-1187,36,,TN-32,TN,,,,,,,,,,,9.56,15.39,11.89,2024,employé,Satisfait
37,Belkacem,Takwa,Le Bardo,2001-01-25,F,TN,C,1504933,2016-01-08,Denver,3000,tbrideau10@usda.gov,+86-229-589-0481,37,,TN-12,TN,,,,,,,,,,,12.42,15.45,13.63,2020,employé,Satisfait
38,Belkhodja,zeineb,Médenine,1997-03-10,F,TN,P,1504934,2017-03-29,Maoping,1100,cfairholm11@reddit.com,+86-724-343-2884,38,,,TN,,,,,,,,,,,08.08,15.85,11.19,2018,employé,Très satisfait
39,Ben Achour,emna,,1997-06-11,F,TN,C,1504935,2016-04-29,Aleg,1000,aantuoni12@angelfire.com,+7-430-215-6551,39,,TN-32,TN,,,,,,,,,,,9.34,14.13,11.26,2019,chômage,Satisfait
40,Ben Ammar,achref,,2000-07-06,M,TN,C,1504936,2016-01-31,Nanbin,2013,eobispo13@blog.com,+7-288-576-6552,40,,TN-13,TN,,,,,,,,,,,12.39,14.3,13.15,2015,chômage,Très satisfait
41,Ben Ayed,Ghalia,,1998-07-20,F,TN,P,1504937,2015-10-29,Iraray,2013,gmuffitt14@issuu.com,+63-273-217-5608,41,,TN-12,TN,,,,,,,,,,,13.48,13.07,13.32,2021,en formation,Très satisfait
42,Ben Mbarek,ons,Nabeul,1997-10-06,F,TN,C,1504938,2017-03-15,Hobor,8000,vharrald15@npr.org,+86-718-554-0657,42,,TN-81,TN,,,,,,,,,,,12.34,13.53,12.82,2022,chômage,Pas satisfait
43,Ben Slama,Sabrine,Tataouine,1998-12-18,F,TN,P,1504939,2017-10-26,Pulupandan,4000,seggers16@fda.gov,+86-393-626-1717,43,,TN-93,TN,,,,,,,,,,,11.77,14.92,13.03,2023,chômage,Très satisfait
44,Benhenia,Naima,Tataouine,1997-07-13,F,TN,C,1504940,2016-07-09,Duwakbuter,3000,ncarrigan17@fema.gov,+30-778-485-0709,44,,TN-82,TN,,,,,,,,,,,11.4,15.81,13.16,2022,employé,Très satisfait
45,Bensoussan,Sami,Nabeul,2000-01-01,M,TN,P,1504941,2015-12-20,Russeifa,2010,snisco18@t.co,+49-720-155-7285,45,,TN-91,TN,,,,,,,,,,,09.04,13.79,10.94,2019,chômage,Peu satisfait
46,Bessis,Ridha,Nabeul,2000-11-24,M,TN,C,1504942,2015-03-22,Despotovac,9000,rchalder19@lycos.com,+46-315-141-8603,46,,TN-51,TN,,,,,,,,,,,10.56,13.32,11.66,2017,employé,Très satisfait
47,Bouazizi,Rebah,Djerba,1999-08-25,M,TN,C,1504943,2015-12-05,Ust’-Labinsk,1100,raldiss1a@yale.edu,+1-805-144-6669,47,,TN-41,TN,,,,,,,,,,,11.08,14.0,12.25,2024,employé,Satisfait
48,Bouhajeb,Jamil,Béja,1997-07-26,M,TN,P,1504944,2017-08-03,Šenkovec,1100,jcarnaman1b@youtube.com,+62-765-467-1042,48,,TN-99,TN,,,,,,,,,,,14.11,14.9,14.43,2023,employé,Très satisfait
49,Boujenah,Soltan,Msaken,2000-01-01,M,TN,P,1504945,2017-02-17,Dana,2200,sblaasch1c@merriam-webster.com,+86-787-845-6042,49,,TN-83,TN,,,,,,,,,,,12.69,11.83,12.35,2020,employé,Très satisfait
50,Brahim,Annissa,Msaken,1997-09-30,F,TN,P,1504946,2015-02-24,Bayrachky,3000,abertolin1d@exblog.jp,+351-782-408-2467,50,,TN-71,TN,,,,,,,,,,,8.47,10.56,9.31,2019,employé,Très satisfait
51,Caïd Essebsi,farah,Radès,1997-06-06,F,TN,P,1504947,2015-04-06,Lat Lum Kaeo,2040,pferraraccio1e@msn.com,+55-605-493-0158,51,,,TN,,,,,,,,,,,12.65,13.17,12.86,2017,en formation,Très satisfait
52,Charfi,eya,,2000-07-11,F,TN,C,1504948,2016-12-21,Chornomors’ke,2013,aavieson1f@nasa.gov,+46-262-249-6751,52,,TN-42,TN,,,,,,,,,,,11.23,12.17,11.61,2020,employé,Satisfait
53,Cheikhrouhou,ghassen,,1998-10-10,M,TN,P,1504949,2016-07-17,Kalugmanan,2200,bdummigan1g@prnewswire.com,+62-909-525-3070,53,,TN-32,TN,,,,,,,,,,,10.65,13.24,11.69,2017,employé,Satisfait
54,Djaït,fatma,,1997-02-13,F,TN,P,1504950,2017-08-17,Zhongxin,2200,sianitti1h@dyndns.org,+33-106-102-1158,54,,TN-51,TN,,,,,,,,,,,13.22,13.78,13.44,2024,employé,Satisfait
55,Djaoui,nour,Radès,2002-10-22,M,TN,C,1504951,2016-03-23,Papakura,2040,nberks1i@dyndns.org,+506-471-474-0410,55,,TN-95,TN,,,,,,,,,,,14.06,13.32,13.76,2020,employé,Peu satisfait
56,Djellouli,faouizia,Oued Ellil,2000-03-06,F,TN,C,1504952,2015-12-08,Swords,2010,npyser1j@latimes.com,+60-178-555-0697,56,,TN-94,TN,,,,,,,,,,,13.86,16.18,14.79,2018,employé,Très satisfait
57,Ghazouani,tarek,Moknine,2000-01-01,M,TN,C,1504953,2015-08-19,Masma,9000,ubrayson1k@topsy.com,+48-950-216-6677,57,,TN-95,TN,,,,,,,,,,,10.32,14.49,11.99,2016,employé,Satisfait
58,Ennaifer,faouzi,Oued Ellil,2000-09-08,M,TN,P,1504954,2016-12-09,St. Anton an der Jeßnitz,8000,wcrosfield1l@usatoday.com,+33-639-936-6167,58,,TN-21,TN,,,,,,,,,,,11.38,14.45,12.61,2022,employé,Satisfait
59,Fadhel,chokri,,1998-12-13,M,TN,P,1504955,2016-10-02,Sabirabad,4000,smackereth1m@google.com.br,+251-751-814-3234,59,,TN-41,TN,,,,,,,,,,,12.66,14.93,13.57,2018,employé,Peu satisfait
60,Fellous,khaled,Le Kef,2001-01-29,M,TN,C,1504956,2016-03-23,Jinotega,2010,gjaskiewicz1n@nyu.edu,+33-244-762-5285,60,,TN-82,TN,,,,,,,,,,,13.95,12.29,13.29,2023,chômage,Très satisfait
61,Fitoussi,Laila,Oued Ellil,2000-02-18,F,TN,P,1504957,2015-07-18,Krajan Pundungsari,9000,lbyford1o@skyrock.com,+86-331-206-3867,61,,TN-91,TN,,,,,,,,,,,11.04,15.56,12.85,2021,chômage,Satisfait
62,Gabsi,Faouzi,Le Kef,2000-01-01,M,TN,C,1504958,2017-03-17,Waling,1100,fiveagh1p@ox.ac.uk,+54-409-256-5935,62,,TN-93,TN,,,,,,,,,,,11.63,13.89,12.53,2016,employé,Peu satisfait
63,Guiga,Hamza,Moknine,1999-11-02,M,TN,C,1504959,2017-06-08,Hotaka,2040,holiva1q@zdnet.com,+86-890-301-5588,63,,TN-94,TN,,,,,,,,,,,9.79,15.01,11.88,2018,employé,Très satisfait
64,Hached,Zakia,Radès,2001-05-31,F,TN,P,1504960,2016-06-06,Nixi,8000,zsimison1r@elegantthemes.com,+976-244-290-7974,64,,TN-31,TN,,,,,,,,,,,9.61,12.39,10.72,2019,employé,Peu satisfait
65,Hadida,Soltan,,2019-06-03,M,TN,P,1504961,2016-12-08,Longfeng,2040,ssuttaby1s@deviantart.com,+351-737-492-7844,65,,TN-43,TN,,,,,,,,,,,13.63,11.67,12.85,2017,chômage,Très satisfait
66,Halimi,baya,Oued Ellil,1999-04-20,F,TN,P,1504962,2016-01-16,Ar Riqama,2200,kplet1t@wikimedia.org,+86-243-751-4827,66,,TN-12,TN,,,,,,,,,,,14.71,15.23,14.92,2023,employé,Satisfait
67,Hamadi,haroun,Moknine,1997-03-26,M,TN,C,1504963,2015-05-27,Botou,9000,cwellings1u@dell.com,+227-509-144-2269,67,,TN-43,TN,,,,,,,,,,,11.86,14.56,12.94,2019,employé,Peu satisfait
68,Jaziri,Ramzi,Le Kef,2001-10-23,M,TN,P,1504964,2016-03-25,Novocherkassk,2010,rgrishukov1v@cornell.edu,+62-888-584-9874,68,,TN-72,TN,,,,,,,,,,,14.01,12.65,13.47,2016,chômage,Satisfait
69,Jebali,yara,Oued Ellil,2002-10-20,F,TN,P,1504965,2015-12-10,Metlika,2200,celsmore1w@sun.com,+420-579-799-1043,69,,TN-12,TN,,,,,,,,,,,12.72,12.7,12.71,2017,employé,Satisfait
70,Jemaa,lydia,Menzel Bourguiba,2000-01-01,F,TN,C,1504966,2016-12-22,Peroguarda,1100,flutwidge1x@technorati.com,+7-757-993-8769,70,,TN-82,TN,,,,,,,,,,,10.71,15.69,12.7,2023,employé,Très satisfait
71,Jouini,Rabia,Menzel Bourguiba,2000-01-01,M,TN,C,1504967,2016-01-04,Frederiksberg,1100,rcarlet1y@uol.com.br,+244-201-682-1711,71,,TN-94,TN,,,,,,,,,,,12.72,12.22,12.52,2021,employé,Peu satisfait
72,Kacem,Alia,Moknine,1998-02-22,F,TN,C,1504968,2015-08-25,Dzerzhinskiy,1000,afacer1z@rediff.com,+92-426-531-6147,72,,TN-32,TN,,,,,,,,,,,15.08,16.46,15.63,2016,en formation,Satisfait
73,Karoui,habiba,Menzel Bourguiba,2002-12-21,F,TN,C,1504969,2017-07-04,Miroslawiec,4000,aclear20@economist.com,+51-776-740-8329,73,,TN-51,TN,,,,,,,,,,,11.93,12.65,12.22,2023,chômage,Très satisfait
74,Kateb,Jamel,,2002-02-13,M,TN,C,1504970,2015-12-03,Kvitok,4000,jmathevet21@si.edu,+86-875-299-4830,74,,TN-43,TN,,,,,,,,,,,15.13,14.96,15.06,2018,chômage,Satisfait
75,Klibi,Othman,Menzel Bourguiba,2025-03-30,M,TN,P,1504971,2017-09-23,San Juan,3000,obursnell22@cnet.com,+93-774-118-2653,75,,,TN,,,,,,,,,,,6.76,13.51,9.46,2023,employé,Satisfait
76,Laroussi,dana,,2002-02-13,F,TN,P,1504972,2015-10-20,Sobhadero,2040,mpotkin23@ocn.ne.jp,+225-528-173-6783,76,,TN-92,TN,,,,,,,,,,,13.64,14.9,14.14,2016,employé,Très satisfait
77,Lasram,Maryiem,,2002-03-20,F,TN,C,1504973,2016-08-06,Palaió Fáliro,2013,mcoatsworth24@com.com,+86-371-732-9129,77,,TN-21,TN,,,,,,,,,,,12.17,13.18,12.57,2024,en formation,Très satisfait
78,Lelouch,naziha,Radès,2000-01-01,F,TN,P,1504974,2015-08-08,Gaio,3000,mjouhandeau25@sciencedaily.com,+967-946-403-5443,78,,TN-93,TN,,,,,,,,,,,11.4,13.76,12.34,2018,en formation,Très satisfait
79,Mahjoub,ibrahim,Menzel Bourguiba,2000-08-31,M,TN,P,1504975,2016-02-04,Yangjiao,2010,plindstrom26@mashable.com,+84-262-869-0280,79,,TN-95,TN,,,,,,,,,,,12.18,14.06,12.93,2019,employé,Satisfait
80,Mahjoubi,Ghalia,,1997-10-02,F,TN,C,1504976,2015-03-01,Mórrope,3000,gdeeves27@abc.net.au,+46-220-269-5447,80,,TN-43,TN,,,,,,,,,,,08.02,12.5,9.81,2016,chômage,Satisfait
81,Mamou,Emna,Kalâa Kebira,1999-02-04,F,TN,P,1504977,2017-05-14,Shiyu,3000,evanderkrui28@google.cn,+62-998-701-5662,81,,TN-52,TN,,,,,,,,,,,11.56,15.11,12.98,2024,employé,Satisfait
82,Manaï,ayoub,Sakiet Ezzit,1997-08-22,M,TN,P,1504978,2017-10-05,Xifangcheng,4000,ydoerren29@blogs.com,+30-694-697-5827,82,,TN-12,TN,,,,,,,,,,,12.71,13.23,12.92,2015,employé,Peu satisfait
83,Marouani,faouzi,Menzel Bourguiba,1997-06-05,M,TN,C,1504979,2017-04-05,San Juan,4000,cmaccleay2a@ox.ac.uk,+62-725-475-3333,83,,TN-82,TN,,,,,,,,,,,14.96,13.66,14.44,2021,chômage,Peu satisfait
84,Marzouk,ilyan,Béja,2000-01-01,M,TN,P,1504980,2017-05-25,Phoenix,2040,ccowup2b@jiathis.com,+86-906-874-8352,84,,TN-71,TN,,,,,,,,,,,10.96,12.51,11.58,2024,employé,Satisfait
85,Marzouki,youssef,Kalâa Kebira,2000-03-24,M,TN,C,1504981,2017-02-01,Jiezi,2200,twashtell2c@icq.com,+49-918-907-1979,85,,TN-83,TN,,,,,,,,,,,10.38,10.16,10.29,2015,en formation,Très satisfait
86,Materi,hamza,Kalâa Kebira,1997-01-24,M,TN,P,1504982,2017-12-23,Ciomas,2200,yclipston2d@people.com.cn,+351-155-248-7881,86,,TN-82,TN,,,,,,,,,,,11.0,13.71,12.08,2022,employé,Satisfait
87,Mbarek,mourad,Sakiet Ezzit,2000-02-19,M,TN,C,1504983,2017-11-02,Velké Karlovice,2010,chalcro2e@cloudflare.com,+595-312-687-0890,87,,TN-72,TN,,,,,,,,,,,13.83,17.62,15.35,2017,employé,Satisfait
88,Meddeb,chaima,Sakiet Ezzit,2002-03-01,F,TN,C,1504984,2015-09-16,Cacheu,2010,smarney2f@last.fm,+51-494-347-4388,88,,TN-81,TN,,,,,,,,,,,12.66,15.18,13.67,2024,en formation,Satisfait
89,Melki,Laila,Kalâa Kebira,2000-07-29,F,TN,C,1504985,2017-05-29,Molepolole,8000,lboumphrey2g@earthlink.net,+351-213-747-6354,89,,TN-93,TN,,,,,,,,,,,10.94,13.97,12.15,2020,en formation,Satisfait
90,Memmi,faouzi,Radès,2000-01-01,M,TN,C,1504986,2016-09-10,Knyazhichi,1000,lopdenort2h@gmpg.org,+382-372-550-6130,90,,TN-61,TN,,,,,,,,,,,13.03,13.61,13.26,2021,employé,Très satisfait
91,Menchari,Lamia,Béja,2001-07-15,F,TN,P,1504987,2017-12-26,Peuhaq,2200,lledwith2i@mail.ru,+62-474-753-9452,91,,TN-11,TN,,,,,,,,,,,12.19,14.03,12.93,2024,employé,Peu satisfait
92,Mestiri,tarek,Menzel Bourguiba,2002-10-19,M,TN,C,1504988,2016-04-10,San Jerónimo,1100,rferrieres2j@java.com,+55-740-526-9821,92,,TN-83,TN,,,,,,,,,,,13.94,14.82,14.29,2015,chômage,Très satisfait
93,Miled,Ahlem,Menzel Bourguiba,1998-09-25,F,TN,P,1504989,2015-04-10,Fundación,2040,arucklesse2k@nih.gov,+81-952-463-1922,93,,TN-32,TN,,,,,,,,,,,10.6,12.23,11.25,2020,employé,Satisfait
94,Mzali,rami,Béja,2000-05-03,M,TN,P,1504990,2016-07-03,Sintansin,1100,rmyles2l@tinypic.com,+237-678-344-6514,94,,TN-93,TN,,,,,,,,,,,11.34,15.67,13.07,2021,en formation,Très satisfait
95,Naccache,younes,Kalâa Kebira,1998-12-04,M,TN,C,1504991,2017-01-21,Meda,2013,joverstall2m@163.com,+7-384-371-0693,95,,TN-93,TN,,,,,,,,,,,11.22,15.07,12.76,2020,en formation,Peu satisfait
96,Najar,khaled,,1998-09-28,M,TN,C,1504992,2017-03-31,Gulou,8000,ospottiswood2n@mtv.com,+7-173-185-4890,96,,TN-99,TN,,,,,,,,,,,09.07,15.08,11.47,2018,employé,Très satisfait
97,Osman,Rania,Menzel Bourguiba,1997-08-23,F,TN,C,1504993,2015-07-24,Piškorevci,4000,rhawksby2o@shop-pro.jp,+63-315-893-9123,97,,TN-52,TN,,,,,,,,,,,12.59,14.66,13.42,2015,employé,Très satisfait
98,Ouertani,ilyan,Sakiet Ezzit,2000-01-01,M,TN,C,1504994,2015-02-06,Dongshe,2010,bdominichelli2p@deviantart.com,+380-795-145-5581,98,,TN-71,TN,,,,,,,,,,,12.52,14.03,13.12,2023,employé,Très satisfait
99,Oueslati,ayoub,,2000-04-22,M,TN,C,1504995,2017-04-09,Braço do Norte,1000,csibylla2q@rakuten.co.jp,+380-828-209-4819,99,,TN-42,TN,,,,,,,,,,,12.01,15.01,13.21,2018,en formation,Très satisfait
100,Rabhi,mystapha,Kalâa Kebira,2002-03-17,M,TN,P,1504996,2015-08-15,Tuojiang,2010,eharvard2r@soundcloud.com,+86-878-853-4825,100,,TN-13,TN,,,,,,,,,,,11.53,14.89,12.87,2021,employé,Très satisfait
101,Riahi,habiba,Béja,2000-09-22,F,TN,C,1504997,2016-10-16,Sopo,2200,cdrakes2s@examiner.com,+86-470-456-2910,101,,TN-99,TN,,,,,,,,,,,9.17,13.47,10.89,2021,employé,Satisfait
102,Sabbegh,Leila,Sakiet Ezzit,1992-11-22,F,TN,P,1504998,2015-05-21,Zhdanov,2010,llucius2t@economist.com,+1-797-520-4768,102,,TN-82,TN,,,,,,,,,,,11.16,13.14,11.95,2016,employé,Satisfait
103,Sellimi,zakaria,Sakiet Ezzit,2001-09-23,M,TN,C,1504999,2016-08-22,Újezd,2200,bjelliman2u@is.gd,+86-974-509-2883,103,,TN-21,TN,,,,,,,,,,,11.31,14.15,12.45,2015,employé,Très satisfait
104,Sfar,hamza,Mahdia,2000-04-24,M,TN,C,1505000,2017-01-08,Guadalupe,4000,ccouronne2v@etsy.com,+81-593-273-2438,104,,TN-91,TN,,,,,,,,,,,10.4,16.32,12.77,2022,employé,Très satisfait
105,Sitruk,Chaima,Jemmal,2002-03-24,F,TN,C,1505001,2016-04-17,Tarbes,4000,clebreton2w@google.co.uk,+66-796-990-5325,105,,TN-94,TN,,,,,,,,,,,11.68,12.14,11.86,2022,employé,Peu satisfait
106,Slama,Tarek,Jemmal,1998-08-03,M,TN,P,1505002,2017-07-09,Kangar,2013,tchaffin2x@mediafire.com,+57-530-369-0551,106,,TN-42,TN,,,,,,,,,,,12.81,11.8,12.41,2021,en formation,Satisfait
107,Slim,anis,Mahdia,2020-03-10,M,TN,C,1505003,2015-03-18,Yashao,1000,edomleo2y@ox.ac.uk,+33-461-606-6568,107,,TN-52,TN,,,,,,,,,,,15.77,14.25,15.16,2022,en formation,Satisfait
108,Snoussi,Alma,Ksar Hellal,1997-11-23,F,TN,P,1505004,2016-11-28,Kataba,4000,aharring2z@oaic.gov.au,+591-533-852-7309,108,,TN-99,TN,,,,,,,,,,,12.35,14.08,13.04,2017,chômage,Satisfait
109,Taïeb,Khaoula,Sakiet Ezzit,1999-05-13,F,TN,P,1505005,2015-07-31,Nantes,2013,kalvarado30@ebay.com,+55-431-908-6125,109,,TN-95,TN,,,,,,,,,,,12.52,14.26,13.22,2016,employé,Très satisfait
110,Touati,karima,,1998-07-13,F,TN,C,1505006,2017-10-27,Gujo,9000,cgreiser31@fotki.com,+880-506-907-0449,110,,TN-91,TN,,,,,,,,,,,11.85,14.37,12.86,2021,employé,Très satisfait
111,Trabelsi,Faicel,Mahdia,1999-04-01,M,TN,C,1505007,2015-03-21,Ad Dujayl,9000,fshortcliffe32@google.co.uk,+30-202-776-3086,111,,TN-41,TN,,,,,,,,,,,8.16,13.67,10.36,2022,chômage,Très satisfait
112,Triki,Sarra,Jemmal,2000-01-01,F,TN,P,1505008,2015-08-15,Písecná,1100,sfairrie33@wix.com,+57-995-220-2217,112,,TN-99,TN,,,,,,,,,,,11.95,16.23,13.66,2015,employé,Peu satisfait
113,Yahya,ayoub,Sakiet Ezzit,2000-01-01,M,TN,P,1505009,2017-07-08,Sapphaya,8000,cduce34@hatena.ne.jp,+86-754-435-4340,113,,TN-11,TN,,,,,,,,,,,12.12,11.6,11.91,2024,en formation,Pas satisfait
114,Zammit,anas,Mahdia,2000-01-01,M,TN,C,1505010,2017-09-28,Namangan Shahri,3000,ccarwithan35@skyrock.com,+58-708-255-2578,114,,TN-42,TN,,,,,,,,,,,16.93,12.76,15.26,2023,chômage,Satisfait
115,Zaouche,Alya,,2000-02-15,F,TN,C,1505011,2017-10-30,Ciechanowiec,9000,aduling36@gov.uk,+234-176-811-4710,115,,TN-71,TN,,,,,,,,,,,11.62,13.85,12.51,2018,employé,Très satisfait
116,Zarrouk,farouk,Sakiet Ezzit,2001-02-22,M,TN,P,1505012,2016-06-11,Badajoz,3000,bscarratt37@tumblr.com,+63-189-441-7854,116,,,TN,,,,,,,,,,,12.6,11.54,12.18,2018,en formation,Très satisfait
117,Zoghlami,Kmar,Ksar Hellal,2002-05-28,F,TN,P,1505013,2017-04-24,Wang Noi,2200,kreffe38@wufoo.com,+351-103-806-2970,117,,TN-72,TN,,,,,,,,,,,11.93,13.74,12.65,2017,en formation,Très satisfait
118,Zribi,Jalila,Mahdia,1940-05-29,F,TN,C,1505014,2017-08-08,Khagrachhari,8000,jgerrill39@prlog.org,+505-130-100-2707,118,,TN-99,TN,,,,,,,,,,,9.66,16.49,12.39,2020,employé,Satisfait
119,baroumi,noura,Jemmal,2000-07-18,F,TN,P,1505015,2017-09-27,Isla Verde,9000,mbrownsworth3a@macromedia.com,+86-866-679-6912,119,,TN-13,TN,,,,,,,,,,,14.29,14.03,14.19,2015,employé,Très satisfait
120,barhoumi,alya,Mahdia,1998-09-04,F,TN,P,1505016,2017-09-02,Himi,3000,cdyball3b@who.int,+34-256-745-6338,120,,TN-72,TN,,,,,,,,,,,13.5,14.35,13.84,2020,employé,Peu satisfait
121,turkia,Rihab,Ksar Hellal,2018-06-23,F,TN,P,1505017,2015-07-15,Pansoy,1100,rmccathay3c@paypal.com,+62-123-731-4962,121,,TN-83,TN,,,,,,,,,,,13.58,12.11,12.99,2016,employé,Très satisfait
122,haj kassem,Jelila,Jemmal,2002-08-15,F,TN,C,1505018,2017-07-24,Milín,4000,jthorwarth3d@usnews.com,+55-487-333-4019,122,,TN-81,TN,,,,,,,,,,,10.18,13.08,11.34,2023,employé,Peu satisfait
123,kammoun,Dina,,2002-08-11,F,TN,C,1505019,2017-04-17,Atamanovka,3000,dclapshaw3e@domainmarket.com,+351-410-275-3838,123,,TN-51,TN,,,,,,,,,,,14.81,13.44,14.26,2016,employé,Peu satisfait
124,frikha,Aicha,Jemmal,1998-12-31,F,TN,C,1505020,2015-03-18,Burevestnik,8000,aheart3f@123-reg.co.uk,+98-626-284-5003,124,,TN-94,TN,,,,,,,,,,,9.2,13.52,10.93,2021,en formation,Peu satisfait
125,ben salah,Bayrem,Ksar Hellal,2001-02-10,M,TN,C,1505021,2015-09-19,Felege Neway,4000,bbril3g@google.it,+62-810-927-6939,125,,TN-13,TN,,,,,,,,,,,13.17,15.92,14.27,2015,employé,Satisfait
126,ben aissa,Tarek,Al Mijlad,2000-03-06,M,TN,C,1505022,2017-01-22,Youlongchuan,2200,twakes3h@nba.com,+249-423-741-9587,126,,TN-11,TN,,,,,,,,,,,16.38,14.84,15.76,2021,employé,Satisfait
127,farhati,Rihab,,1999-01-14,F,TN,P,1505023,2015-10-23,Corga,9000,rfawltey3i@google.com.br,+420-191-672-3407,127,,TN-82,TN,,,,,,,,,,,10.02,12.33,10.94,2019,chômage,Satisfait
128,ben taleb,haroun,Sidi Bouzid,1998-10-28,M,TN,C,1505024,2015-08-02,Krian,1100,cjezard3j@people.com.cn,+255-615-806-1318,128,,TN-94,TN,,,,,,,,,,,10.87,14.37,12.27,2022,employé,Satisfait
129,ben aissa,jemil,Kélibia,2000-03-31,M,TN,P,1505025,2015-04-22,Bagalangit,2200,jleverentz3k@bigcartel.com,+55-378-832-1129,129,,TN-82,TN,,,,,,,,,,,12.2,14.75,13.22,2018,chômage,Satisfait
130,frikha,hattab,,2020-08-22,M,TN,P,1505026,2017-04-16,Malabag,3000,eudall3l@yandex.ru,+63-364-979-1813,130,,TN-21,TN,,,,,,,,,,,10.99,15.71,12.88,2024,employé,Pas satisfait
131,haj kassem,Baha,,2001-01-13,M,TN,C,1505027,2015-05-20,Duncan Town,8000,bmacconnell3m@hp.com,+86-708-289-1907,131,,,TN,,,,,,,,,,,8.9,16.37,11.89,2021,employé,Satisfait
132,barhoumi,Ali,Sidi Bouzid,2000-01-01,M,TN,P,1505028,2015-01-25,Duofudu,2013,achalfont3n@amazon.co.uk,+86-834-386-5297,132,,TN-92,TN,,,,,,,,,,,12.14,12.48,12.28,2020,employé,Peu satisfait
133,Zribi,Bilel,,2000-02-15,M,TN,C,1505029,2017-04-13,Erétria,2040,bcurrum3o@facebook.com,+7-893-640-6663,133,,,TN,,,,,,,,,,,9.88,12.78,11.04,2019,chômage,Peu satisfait
134,Zarrouk,moussa,,2002-12-06,M,TN,C,1505030,2017-02-17,Cibeureum Satu,9000,oterrelly3p@slate.com,+256-757-824-2466,134,,TN-13,TN,,,,,,,,,,,12.95,12.11,12.61,2018,employé,Très satisfait
135,Zammit,Haykel,Kélibia,1998-06-15,M,TN,C,1505031,2015-03-22,Kaset Sombun,4000,hrobley3q@purevolume.com,+82-527-243-4159,135,,TN-91,TN,,,,,,,,,,,10.16,13.65,11.56,2021,chômage,Très satisfait
136,Triki,karim,Kélibia,2001-05-29,M,TN,C,1505032,2017-03-12,Masons Bay,2010,bblase3r@lycos.com,+880-809-745-9729,136,,TN-42,TN,,,,,,,,,,,15.1,14.7,14.94,2019,employé,Satisfait
137,Touati,wanissa,Tataouine,1999-11-03,F,TN,C,1505033,2016-12-06,São Gonçalo do Sapucaí,1100,okingwell3s@aol.com,+216-432-777-1303,137,,TN-31,TN,,,,,,,,,,,10.43,15.48,12.45,2019,employé,Satisfait
138,Taïeb,mourad,Kélibia,1999-02-11,M,TN,C,1505034,2015-10-05,Kaga Bandoro,3000,cplayford3t@hugedomains.com,+358-935-800-2305,138,,TN-72,TN,,,,,,,,,,,11.36,13.89,12.37,2015,employé,Peu satisfait
139,Smaoui,fethi,Sidi Bouzid,2001-05-12,M,TN,C,1505035,2015-03-03,Shicong,4000,fweedon3u@umn.edu,+967-937-445-1129,139,,TN-52,TN,,,,,,,,,,,13.63,13.52,13.59,2016,en formation,Satisfait
140,Slama,nassim,Fouchana,2000-01-01,M,TN,C,1505036,2015-11-01,Kumba,4000,awardlaw3v@elpais.com,+86-648-668-0217,140,,TN-42,TN,,,,,,,,,,,9.54,14.23,11.42,2019,en formation,Satisfait
141,Sfar,Karima,,1997-10-06,F,TN,P,1505037,2016-11-17,Mont-de-Marsan,1000,kjoselovitch3w@trellian.com,+359-144-441-7420,141,,TN-12,TN,,,,,,,,,,,12.45,12.75,12.57,2017,employé,Satisfait
142,Sellimi,Khaoula,Kélibia,1998-11-21,F,TN,P,1505038,2016-06-14,Mogoditshane,2010,kvasyushkhin3x@hp.com,+62-743-692-2872,142,,TN-12,TN,,,,,,,,,,,14.61,17.13,15.62,2016,employé,Très satisfait
143,Riahi,Hedia,Fouchana,2000-08-13,F,TN,P,1505039,2017-11-08,Zawiya,8000,homond3y@marketwatch.com,+86-514-398-6699,143,,TN-72,TN,,,,,,,,,,,8.79,11.59,9.91,2018,employé,Satisfait
144,Oueslati,mariem,Sakiet Eddaïer,1998-11-18,F,TN,C,1505040,2015-08-15,General Lavalle,3000,isheard3z@yellowpages.com,+86-722-147-3862,144,,TN-92,TN,,,,,,,,,,,12.37,14.28,13.13,2018,employé,Peu satisfait
145,Osman,Basma,Sidi Bouzid,2000-01-01,F,TN,P,1505041,2015-10-26,Koga,2010,bgrandison40@mac.com,+93-301-678-8959,145,,TN-71,TN,,,,,,,,,,,12.52,17.04,14.33,2018,employé,Très satisfait
146,Naccache,Legha,Fouchana,2002-09-04,M,TN,C,1505042,2017-11-26,Duoxiang,2013,lhattam41@pbs.org,+86-181-194-0820,146,,TN-92,TN,,,,,,,,,,,13.56,14.01,13.74,2018,en formation,Satisfait
147,Mestiri,Sirine,Kélibia,2001-12-29,F,TN,P,1505043,2016-02-14,Xintang,2013,sjiruch42@google.nl,+53-247-927-2872,147,,TN-12,TN,,,,,,,,,,,9.53,13.71,11.2,2017,en formation,Satisfait
148,Memmi,Karim,Sakiet Eddaïer,2002-08-22,M,TN,C,1505044,2016-02-21,Selemadeg Kelod,9000,kklimko43@vk.com,+46-124-475-9571,148,,,TN,,,,,,,,,,,9.36,13.46,11.0,2021,employé,Très satisfait
149,Meddeb,Janna,Sidi Bouzid,1999-12-22,F,TN,P,1505045,2015-10-07,Rattanawapi,9000,jmacnamara44@free.fr,+212-799-687-8653,149,,TN-93,TN,,,,,,,,,,,13.04,13.73,13.32,2023,employé,Très satisfait
150,Materi,Dalila,Sakiet Eddaïer,1997-06-25,F,TN,P,1505046,2016-01-03,Íos,9000,drediers45@seesaa.net,+55-159-158-2677,150,,TN-95,TN,,,,,,,,,,,12.59,16.06,13.98,2019,chômage,Pas satisfait
151,Marzouk,Kader,Kélibia,1999-01-11,M,TN,P,1505047,2017-08-28,Gaigeturi,9000,kesposi46@foxnews.com,+7-862-720-7035,151,,TN-81,TN,,,,,,,,,,,12.5,10.68,11.77,2018,chômage,Très satisfait
152,Manaï,Mehrez,Kélibia,2000-01-01,M,TN,C,1505048,2015-06-10,Sayansk,2010,mboyington47@bloglines.com,+63-866-411-5370,152,,TN-71,TN,,,,,,,,,,,12.69,16.3,14.13,2016,employé,Très satisfait
153,Mahjoubi,ali,Sidi Bouzid,1997-10-09,M,TN,C,1505049,2016-05-10,Söderköping,2040,abarnicott48@gnu.org,+86-865-462-3243,153,,TN-61,TN,,,,,,,,,,,10.64,11.86,11.13,2016,employé,Très satisfait
154,Lelouch,nour,,1997-04-10,M,TN,P,1505050,2017-09-13,Tiyingtali Kelod,8000,bseemmonds49@berkeley.edu,+1-942-905-3489,154,,TN-52,TN,,,,,,,,,,,12.46,13.6,12.92,2019,employé,Satisfait
155,Laroussi,Isra,La Goulette,1997-10-08,F,TN,C,1505051,2017-12-05,Merefa,2200,icritchell4a@tinyurl.com,+212-506-928-3006,155,,TN-32,TN,,,,,,,,,,,12.59,13.36,12.9,2021,employé,Satisfait
156,Kateb,nesrine,,2023-08-27,F,TN,C,1505052,2016-06-21,Santo Isidro,9000,knutbean4b@statcounter.com,+504-935-903-1610,156,,TN-32,TN,,,,,,,,,,,10.57,14.88,12.29,2024,employé,Satisfait
157,Kacem,Olfa,Kélibia,1998-02-09,F,TN,P,1505053,2017-09-20,Andalucía,1000,oprop4c@springer.com,+55-416-545-8807,157,,TN-13,TN,,,,,,,,,,,15.73,11.6,14.08,2024,employé,Très satisfait
158,Jemaa,naim,Fouchana,1998-03-07,M,TN,C,1505054,2016-11-03,Kétou,2010,ctipperton4d@posterous.com,+62-182-967-0534,158,,,TN,,,,,,,,,,,12.95,14.69,13.65,2023,chômage,Peu satisfait
159,Jaziri,khadija,Kélibia,2001-01-28,F,TN,C,1505055,2016-08-28,Zomba,2040,cgoodbarr4e@dedecms.com,+48-864-534-2950,159,,TN-81,TN,,,,,,,,,,,9.62,17.04,12.59,2021,employé,Très satisfait
160,Halimi,selim,La Goulette,2000-10-06,M,TN,P,1505056,2015-03-13,Wangfu,2200,ysmeuin4f@themeforest.net,+86-579-346-7545,160,,TN-21,TN,,,,,,,,,,,13.31,11.96,12.77,2019,employé,Très satisfait
161,Hached,Hejer,Sakiet Eddaïer,1998-02-06,F,TN,C,1505057,2015-10-14,Komsomolets,9000,hberrane4g@cmu.edu,+93-623-255-8846,161,,TN-21,TN,,,,,,,,,,,10.05,14.28,11.74,2024,employé,Satisfait
162,Gabsi,Jannet,La Goulette,2000-05-13,F,TN,P,1505058,2016-12-16,Intendente Alvear,1100,jschriren4h@pen.io,+86-332-374-6247,162,,TN-71,TN,,,,,,,,,,,13.57,13.01,13.35,2024,chômage,Très satisfait
163,Fellous,eya,Fouchana,2022-11-02,F,TN,P,1505059,2017-12-14,Lukashin,2040,efrood4i@skyrock.com,+7-361-789-4631,163,,TN-11,TN,,,,,,,,,,,14.32,14.64,14.45,2024,chômage,Peu satisfait
164,Ennaifer,Rihab,Kélibia,2000-04-16,F,TN,P,1505060,2017-04-09,Komyshany,2200,rellaway4j@utexas.edu,+51-315-167-6047,164,,TN-43,TN,,,,,,,,,,,10.36,14.03,11.83,2020,employé,Peu satisfait
165,Djellouli,Leyla,Sakiet Eddaïer,2002-06-06,F,TN,C,1505061,2017-03-21,Zambujal,2040,lmillion4k@cbsnews.com,+351-447-430-8218,165,,TN-31,TN,,,,,,,,,,,13.93,13.04,13.57,2017,employé,Très satisfait
166,Djaït,Rami,Sakiet Eddaïer,2000-07-22,M,TN,C,1505062,2015-05-25,Lívingston,2010,rturley4l@tiny.cc,+7-499-635-3358,166,,TN-95,TN,,,,,,,,,,,12.83,14.73,13.59,2019,en formation,Peu satisfait
167,Charfi,Jamil,Fouchana,2002-01-06,M,TN,P,1505063,2016-09-11,Bonoua,1100,jcossom4m@si.edu,+86-120-938-5855,167,,TN-43,TN,,,,,,,,,,,13.64,16.71,14.87,2022,employé,Peu satisfait
168,Brahim,Shaima,Kélibia,1999-03-28,F,TN,P,1505064,2016-04-09,Zhaxi,1100,sbendelow4n@symantec.com,+63-290-999-0610,168,,TN-83,TN,,,,,,,,,,,15.79,13.71,14.96,2015,employé,Peu satisfait
169,Bouhajeb,Amira,La Goulette,2001-01-05,F,TN,P,1505065,2016-10-14,Lunang,9000,afanti4o@qq.com,+86-324-758-5848,169,,TN-32,TN,,,,,,,,,,,11.51,15.08,12.94,2015,employé,Très satisfait
170,Besais,Ghalia,Jendouba,2000-01-01,F,TN,C,1505066,2015-06-09,Linghu,1100,givantsov4p@youku.com,+93-353-147-4899,170,,TN-21,TN,,,,,,,,,,,10.49,12.06,11.12,2021,employé,Satisfait
171,Benhenia,Leila,La Goulette,1999-04-22,F,TN,P,1505067,2017-09-24,Camaquã,1000,lraggles4q@surveymonkey.com,+62-703-639-2036,171,,TN-72,TN,,,,,,,,,,,10.22,12.57,11.16,2019,employé,Très satisfait
172,Ben Mbarek,Rassem,Kélibia,2001-09-23,M,TN,P,1505068,2016-05-15,Navatat,2040,rbianco4r@yolasite.com,+86-982-831-2734,172,,TN-41,TN,,,,,,,,,,,10.37,14.71,12.11,2019,en formation,Peu satisfait
173,Ben Ammar,khaled,Fouchana,2000-05-27,M,TN,P,1505069,2016-05-07,Sobral da Abelheira,9000,cbronot4s@mlb.com,+358-993-557-5164,173,,TN-51,TN,,,,,,,,,,,11.85,16.23,13.6,2015,chômage,Très satisfait
174,Belkhodja,mohssen,Kélibia,1998-01-31,M,TN,C,1505070,2016-11-03,Vladislav,2013,bdeave4t@friendfeed.com,+351-653-684-2868,174,,TN-52,TN,,,,,,,,,,,12.68,14.53,13.42,2023,employé,Satisfait
175,Belhaj,tayen,Kélibia,2000-12-03,M,TN,P,1505071,2017-04-07,Valparaíso,1000,erockliffe4u@ehow.com,+358-696-796-4645,175,,TN-82,TN,,,,,,,,,,,12.55,13.53,12.94,2015,en formation,Très satisfait
176,Bayram,moataz,La Goulette,1998-04-11,M,TN,C,1505072,2017-04-06,Hirvensalmi,2010,usopper4v@latimes.com,+86-679-716-9991,176,,TN-41,TN,,,,,,,,,,,13.65,14.0,13.79,2019,employé,Très satisfait
177,Azzabi,hassen,Sakiet Eddaïer,1999-03-30,M,TN,P,1505073,2017-10-11,Fangshan,8000,cruppertz4w@huffingtonpost.com,+48-184-331-2984,177,,TN-71,TN,,,,,,,,,,,12.03,12.12,12.07,2024,employé,Satisfait
178,Abassi,Kamilia,El Aïn,2001-03-19,F,TN,C,1505074,2017-08-02,Qimeng,2200,kpennicard4x@bloomberg.com,+86-175-733-2623,178,,TN-94,TN,,,,,,,,,,,14.91,14.91,14.91,2023,employé,Peu satisfait
179,Ayed,Mariem,Fouchana,1999-11-09,F,TN,C,1505075,2017-05-03,Malabor,2040,mdavids4y@nbcnews.com,+86-258-156-0306,179,,TN-12,TN,,,,,,,,,,,11.47,15.32,13.01,2018,chômage,Satisfait
180,Baccouche,Delila,Sakiet Eddaïer,2001-01-20,F,TN,C,1505076,2017-12-09,Bieliny,2200,dpadkin4z@mayoclinic.com,+261-562-824-5745,180,,TN-12,TN,,,,,,,,,,,17.44,13.32,15.79,2022,employé,Peu satisfait
181,Béji,Daoued,Hammam Sousse,2054-11-07,M,TN,C,1505077,2016-11-07,Las Higueras,9000,dpetrie50@rakuten.co.jp,+62-974-665-4761,181,,TN-11,TN,,,,,,,,,,,13.25,13.29,13.27,2020,employé,Très satisfait
182,Belkacem,ahmed,La Goulette,2001-01-25,M,TN,P,1505078,2017-10-09,Hangchuan,2040,hbravington51@simplemachines.org,+92-461-255-9649,182,,TN-52,TN,,,,,,,,,,,10.29,14.4,11.93,2017,chômage,Satisfait
183,Khalil,issa,Hammam Lif,1998-12-30,M,TN,C,1505079,2017-01-30,Charlotte,2013,gjollie52@theatlantic.com,+55-680-176-6315,183,,TN-92,TN,,,,,,,,,,,9.86,13.34,11.25,2018,chômage,Satisfait
184,Ben Achour,karim,Dar Chaâbane,2002-08-31,M,TN,C,1505080,2016-08-09,Varoška Rijeka,9000,dallot53@phpbb.com,+54-288-247-7622,184,,TN-81,TN,,,,,,,,,,,12.96,13.9,13.34,2016,chômage,Très satisfait
185,Ben Ayed,lamjed,El Hamma,1997-03-23,M,TN,P,1505081,2015-02-28,Jablonec nad Nisou,2040,lworswick54@ebay.com,+62-659-234-6014,185,,TN-43,TN,,,,,,,,,,,11.55,17.15,13.79,2015,employé,Satisfait
186,Benni,Leila,Gremda,2001-12-03,F,TN,P,1505082,2015-07-13,Pumaqangtang,9000,litzcovich55@redcross.org,+86-561-946-1683,186,,TN-82,TN,,,,,,,,,,,13.43,13.63,13.51,2022,employé,Satisfait
187,Ben Slama,Jannet,Ennour,2001-07-10,F,TN,P,1505083,2015-07-06,Gines-Patay,2010,jcare56@qq.com,+234-613-348-1382,187,,TN-41,TN,,,,,,,,,,,12.95,13.46,13.15,2015,employé,Satisfait
188,Bouazizi,tarek,Sakiet Eddaïer,1999-12-27,M,TN,C,1505084,2016-01-28,Shiwan,2010,bearley57@ox.ac.uk,+351-226-765-5888,188,,TN-11,TN,,,,,,,,,,,11.85,13.03,12.32,2015,employé,Satisfait
189,Boujenah,Kaouther,La Goulette,2000-09-24,F,TN,P,1505085,2016-07-05,Futuroscope,8000,kalbury58@skype.com,+351-323-429-7499,189,,TN-71,TN,,,,,,,,,,,10.31,15.12,12.23,2018,en formation,Satisfait
190,Caïd Essebsi,mourad,Bou Mhel el-Bassatine,2000-10-19,M,TN,P,1505086,2016-10-30,Norrköping,1100,ahydechambers59@about.me,+33-929-856-9686,190,,TN-99,TN,,,,,,,,,,,8.97,13.73,10.87,2024,employé,Très satisfait
191,Cheikhrouhou,Ismail,Menzel Temime,2021-07-01,M,TN,P,1505087,2016-10-11,Maying,2040,iberrill5a@reuters.com,+256-928-626-6905,191,,TN-94,TN,,,,,,,,,,,11.11,13.03,11.88,2024,employé,Très satisfait
192,Djaoui,Mariem,Sakiet Eddaïer,1998-11-14,F,TN,P,1505088,2017-08-15,Piedecuesta,9000,mheiden5b@dedecms.com,+63-533-923-3044,192,,TN-11,TN,,,,,,,,,,,13.71,15.98,14.62,2020,chômage,Satisfait
193,Ghazouani,Sondes,Bou Mhel el-Bassatine,1998-11-23,F,TN,C,1505089,2017-01-18,Bilajari,8000,smcgeachie5c@apache.org,+380-426-441-6983,193,,TN-82,TN,,,,,,,,,,,12.43,16.13,13.91,2023,employé,Très satisfait
194,Fadhel,moussa,Menzel Temime,1998-12-10,M,TN,C,1505090,2015-04-24,Paris La Défense,2010,elebond5d@themeforest.net,+7-330-291-4106,194,,TN-43,TN,,,,,,,,,,,9.51,13.1,10.95,2015,employé,Très satisfait
195,Aissa,Linda,Menzel Temime,2001-04-19,F,TN,C,1505091,2017-01-06,Yeni Suraxani,2010,lsneezem5e@devhub.com,+1-812-221-9410,195,,TN-99,TN,,,,,,,,,,,12.35,11.2,11.89,2021,chômage,Satisfait
196,Fitoussi,wiem,Bou Mhel el-Bassatine,2001-12-13,F,TN,C,1505092,2017-12-14,Dhaka,2040,bbosanko5f@squarespace.com,+504-826-492-7781,196,,TN-42,TN,,,,,,,,,,,12.77,15.51,13.87,2024,chômage,Satisfait
197,Guiga,nour,,1997-04-28,M,TN,P,1505093,2016-06-17,Dalongtan,2010,hrime5g@twitter.com,+86-838-674-1861,197,,TN-21,TN,,,,,,,,,,,10.23,12.97,11.33,2019,chômage,Très satisfait
198,Hadida,faicel,Korba,2000-01-01,M,TN,P,1505094,2015-07-17,Parksville,2013,icarloni5h@umn.edu,+66-543-791-6168,198,,TN-93,TN,,,,,,,,,,,12.31,15.19,13.46,2022,employé,Satisfait
199,Hamadi,Malika,Menzel Temime,2002-04-09,F,TN,C,1505095,2017-12-16,Hod HaSharon,2040,mcobson5i@rediff.com,+86-517-858-1517,199,,TN-21,TN,,,,,,,,,,,12.12,11.04,11.69,2021,employé,Satisfait
200,Jebali,Leyla,Métlaoui,1997-02-03,F,TN,P,1505096,2017-06-24,Muhos,2040,lsebrook5j@bbb.org,+62-558-652-1537,200,,TN-94,TN,,,,,,,,,,,9.71,15.34,11.96,2018,chômage,Très satisfait
201,Jouini,Emira,Sliman,2000-06-30,F,TN,P,1505097,2017-07-06,Zašová,2010,enosworthy5k@alexa.com,+54-151-602-7460,201,,TN-32,TN,,,,,,,,,,,12.72,12.18,12.5,2018,employé,Peu satisfait
202,Karoui,Lemia,Téboulba,2001-08-23,F,TN,P,1505098,2016-07-28,Selajambe Satu,3000,lcheeseman5l@yahoo.co.jp,+86-981-751-5480,202,,TN-94,TN,,,,,,,,,,,13.12,15.1,13.91,2020,employé,Satisfait
203,Klibi,Fatma,Korba,2001-09-13,F,TN,P,1505099,2015-01-07,Comalapa,2010,fsiddele5m@rakuten.co.jp,+7-200-195-4731,203,,TN-71,TN,,,,,,,,,,,14.17,14.02,14.11,2020,chômage,Satisfait
204,Lasram,Hazem,Téboulba,1900-04-09,M,TN,P,1505100,2015-08-27,Safi,3000,hagar5n@yahoo.com,+389-832-234-3579,204,,TN-13,TN,,,,,,,,,,,14.11,12.57,13.49,2023,employé,Satisfait
205,Mahjoub,Nada,Métlaoui,1998-04-17,F,TN,P,1505101,2015-04-24,Twardogóra,1100,ningliss5o@ustream.tv,+234-572-405-7732,205,,TN-72,TN,,,,,,,,,,,9.24,13.39,10.9,2019,chômage,Très satisfait
206,Mamou,hamza,Sliman,1999-06-11,M,TN,C,1505102,2016-09-12,Kohila,2013,jturfs5p@tmall.com,+502-162-966-3877,206,,TN-32,TN,,,,,,,,,,,10.12,15.03,12.08,2022,employé,Satisfait
207,Marouani,Jelila,Korba,2060-04-22,F,TN,C,1505103,2016-04-14,Paradyz,8000,jcocking5q@geocities.com,+48-822-562-6707,207,,TN-92,TN,,,,,,,,,,,13.03,14.16,13.48,2019,employé,Très satisfait
208,Marzouki,Nawress,Téboulba,2002-05-04,F,TN,C,1505104,2017-12-30,Novocherkassk,9000,nmccluin5r@fema.gov,+86-469-161-7032,208,,TN-71,TN,,,,,,,,,,,13.03,14.88,13.77,2016,employé,Peu satisfait
209,Mbarek,Nader,Métlaoui,2002-09-21,M,TN,C,1505105,2015-10-13,Xianshuigu,8000,nsheering5s@ca.gov,+62-158-144-6628,209,,TN-95,TN,,,,,,,,,,,13.03,16.96,14.6,2020,chômage,Peu satisfait
210,Melki,Mariem,Téboulba,1999-03-21,F,TN,P,1505106,2015-03-12,Vinh Tu?ng,4000,mmale5t@state.tx.us,+228-975-486-0292,210,,TN-93,TN,,,,,,,,,,,19.71,11.65,16.49,2023,employé,Satisfait
211,Menchari,Ghalia,,1998-07-26,F,TN,C,1505107,2017-05-18,Ergates,9000,gchantler5u@nasa.gov,+55-590-706-2505,211,,TN-94,TN,,,,,,,,,,,13.14,16.43,14.46,2017,employé,Très satisfait
212,Mzali,Soufia,Sliman,2000-04-29,F,TN,C,1505108,2016-05-02,Vári,2010,slehr5v@qq.com,+961-543-623-0475,212,,TN-41,TN,,,,,,,,,,,14.27,14.16,14.23,2015,chômage,Très satisfait
213,Najar,Chedia,Métlaoui,2001-03-01,F,TN,C,1505109,2017-03-16,Oula Xiuma,4000,chinckley5w@reddit.com,+62-726-250-3878,213,,TN-43,TN,,,,,,,,,,,13.91,12.65,13.41,2015,chômage,Très satisfait
214,Ouertani,Karim,Téboulba,2000-01-01,M,TN,C,1505110,2016-08-21,Javarthushuu,2200,kdacth5x@opensource.org,+93-145-919-7475,214,,TN-13,TN,,,,,,,,,,,13.3,12.0,12.78,2017,en formation,Satisfait
215,Rabhi,hamza,Tozeur,2002-06-30,M,TN,P,1505111,2016-10-30,Babantar,2010,kbloom5y@over-blog.com,+86-894-748-8522,215,,TN-95,TN,,,,,,,,,,,11.37,13.72,12.31,2024,employé,Très satisfait
216,Sabbegh,ali,Sliman,1997-11-21,M,TN,P,1505112,2016-07-09,La Fortuna,2013,ccaveau5z@joomla.org,+48-734-812-6541,216,,TN-82,TN,,,,,,,,,,,13.52,15.38,14.26,2019,employé,Satisfait
217,Sfar,kader,Téboulba,1999-03-06,M,TN,C,1505113,2016-07-13,Juwana,2200,wheams60@123-reg.co.uk,+46-586-126-2158,217,,TN-43,TN,,,,,,,,,,,10.45,13.81,11.79,2017,en formation,Très satisfait
218,Slama,Haroun,Tozeur,2001-07-05,M,TN,P,1505114,2016-10-13,Yayao,2040,hbeckhouse61@theatlantic.com,+63-773-126-6321,218,,,TN,,,,,,,,,,,11.53,16.27,13.43,2023,chômage,Pas satisfait
219,Smaoui,Sami,Métlaoui,2001-12-07,M,TN,P,1505115,2016-10-08,Meylan,9000,srobathon62@sciencedaily.com,+351-594-818-3260,219,,TN-93,TN,,,,,,,,,,,11.03,11.82,11.35,2022,employé,Très satisfait
220,Haroun,Haithem,Sliman,2000-01-01,M,TN,P,1505116,2016-12-02,Mbouda,8000,hbyles63@facebook.com,+7-320-267-7192,220,,TN-41,TN,,,,,,,,,,,12.16,13.98,12.89,2017,employé,Peu satisfait
221,Taïeb,Shaima,Téboulba,1999-07-17,F,TN,P,1505117,2016-11-15,Senglea,2040,sfilpo64@utexas.edu,+62-521-574-5832,221,,TN-99,TN,,,,,,,,,,,16.63,12.12,14.83,2023,chômage,Peu satisfait
222,Touati,Kamilia,Tozeur,1997-09-24,F,TN,C,1505118,2017-02-12,Mbala,2013,kwinney65@tinypic.com,+62-490-433-6515,222,,TN-81,TN,,,,,,,,,,,8.27,14.55,10.78,2020,employé,Satisfait
223,Selma,Issra,Tozeur,1998-01-29,F,TN,P,1505119,2017-05-25,Curridabat,1000,iodonohoe66@senate.gov,+46-402-257-9874,223,,TN-41,TN,,,,,,,,,,,13.37,15.33,14.15,2021,chômage,Satisfait
224,Daghrour,ghassen,Tozeur,2002-06-29,M,TN,C,1505120,2017-06-09,Khondab,3000,lronald67@networkadvertising.org,+48-929-440-6407,224,,TN-43,TN,,,,,,,,,,,8.77,13.37,10.61,2018,employé,Satisfait
225,Triki,Lemia,Téboulba,1998-12-07,F,TN,C,1505121,2016-07-03,Libertad,1000,lfortoun68@bigcartel.com,+253-932-989-8179,225,,TN-21,TN,,,,,,,,,,,11.06,10.09,10.67,2018,employé,Satisfait
226,Zammit,Melika,Tozeur,2000-08-13,F,TN,P,1505122,2015-07-31,Ashton,4000,mwoolam69@surveymonkey.com,+86-173-470-8421,226,,TN-83,TN,,,,,,,,,,,14.18,14.3,14.23,2016,chômage,Très satisfait
227,Zarrouk,karim,Ezzahra,1997-12-20,M,TN,C,1505123,2017-07-02,Meicheng,3000,cvarnes6a@arizona.edu,+373-847-175-7224,227,,TN-21,TN,,,,,,,,,,,12.13,14.66,13.14,2019,employé,Très satisfait
228,Zribi,Mayssa,Nabunturan,2001-06-01,F,TN,C,1505124,2015-03-04,Kefang,1000,mgebbie6b@census.gov,+63-709-341-6004,228,,TN-71,TN,,,,,,,,,,,9.84,14.61,11.75,2022,employé,Satisfait
229,barhoumi,jobran,,2002-12-31,M,TN,C,1505125,2017-11-19,Masoli,3000,jbrundle6c@deviantart.com,+46-833-132-9743,229,,TN-13,TN,,,,,,,,,,,10.57,15.85,12.68,2021,employé,Satisfait
230,haj kassem,Bessem,Tozeur,2001-06-13,M,TN,C,1505126,2015-01-07,Zhouling,1100,bmorgen6d@ustream.tv,+7-199-983-3253,230,,TN-32,TN,,,,,,,,,,,13.36,12.39,12.97,2021,employé,Satisfait
231,frikha,Faouzi,Ezzahra,2002-01-15,M,TN,P,1505127,2016-01-25,Portelinha,3000,florenzetti6e@washington.edu,+47-777-365-9956,231,,TN-13,TN,,,,,,,,,,,10.54,15.02,12.33,2020,chômage,Très satisfait
232,ben aissa,faicel,Tozeur,2000-05-11,M,TN,P,1505128,2017-09-08,Yangjiafang,1100,bobern6f@goodreads.com,+62-684-672-0226,232,,TN-82,TN,,,,,,,,,,,12.43,15.79,13.77,2017,chômage,Très satisfait
233,ben taleb,wided,Ezzahra,2000-01-01,F,TN,C,1505129,2015-07-06,Batangtoru,2040,ayakovliv6g@yolasite.com,+234-407-138-0309,233,,TN-43,TN,,,,,,,,,,,12.09,11.33,11.79,2019,chômage,Très satisfait
234,Bouazizi,haithem,Ezzahra,2000-01-23,M,TN,P,1505130,2017-12-04,Hokor,2040,gpudsall6h@rakuten.co.jp,+48-103-744-0426,234,,TN-52,TN,,,,,,,,,,,10.7,14.48,12.21,2015,employé,Très satisfait
235,Lidya,Jamila,Tozeur,2002-04-04,F,TN,P,1505131,2015-01-12,Ning’an,2010,jbewley6i@free.fr,+380-258-900-6146,235,,TN-32,TN,,,,,,,,,,,16.29,13.24,15.07,2021,employé,Très satisfait
236,Gabsi,Jannet,Tozeur,2000-11-11,F,TN,P,1505132,2016-10-19,Tukbur,4000,jmccarroll6j@spotify.com,+351-293-159-8077,236,,TN-93,TN,,,,,,,,,,,13.27,13.88,13.51,2023,employé,Très satisfait
237,Djellouli,jad,,1999-10-04,M,TN,C,1505133,2017-12-09,Notre-Dame-de-l'Île-Perrot,3000,cbarber6k@over-blog.com,+62-953-305-4521,237,,TN-12,TN,,,,,,,,,,,7.95,14.52,10.58,2015,en formation,Très satisfait
238,Fellous,Rostem,,2020-10-08,M,TN,P,1505134,2016-03-23,Huixing,2040,rgriffey6l@amazon.com,+98-236-886-2647,238,,TN-11,TN,,,,,,,,,,,12.37,13.27,12.73,2016,chômage,Peu satisfait
239,Hadida,raif,Ezzahra,2002-08-02,M,TN,C,1505135,2015-02-15,Kilifi,2040,trottgers6m@about.com,+82-911-367-3191,239,,TN-81,TN,,,,,,,,,,,10.68,12.99,11.6,2017,chômage,Très satisfait
240,Hamadi,karima,Tozeur,1999-07-13,F,TN,C,1505136,2016-06-01,Daba,9000,csedgemore6n@fastcompany.com,+62-723-848-5757,240,,TN-32,TN,,,,,,,,,,,13.7,14.05,13.84,2017,employé,Satisfait
241,Kacem,Mahassen,,2001-09-14,F,TN,C,1505137,2017-05-24,Lusambo,1100,mhefner6o@nytimes.com,+62-541-780-1546,241,,TN-12,TN,,,,,,,,,,,10.41,12.37,11.19,2022,employé,Très satisfait
242,Laroussi,haroun,,1998-07-02,M,TN,C,1505138,2017-04-13,Goundi,2200,hiddison6p@elpais.com,+373-211-682-0352,242,,TN-81,TN,,,,,,,,,,,11.77,12.37,12.01,2021,employé,Peu satisfait
243,Mahjoubi,haikel,Ouabed Khazanet,1998-09-13,M,TN,C,1505139,2016-11-11,Kedungbacin,1100,groumier6q@mac.com,+62-489-672-8396,243,,TN-92,TN,,,,,,,,,,,13.01,15.02,13.81,2020,employé,Satisfait
244,Marouani,Rania,Mateur,2000-07-27,F,TN,C,1505140,2017-10-10,Pepayan,9000,rdunleavy6r@icio.us,+63-264-379-3335,244,,TN-94,TN,,,,,,,,,,,13.73,12.28,13.15,2024,employé,Très satisfait
245,Marzouki,Mustapha,El Ksar,1997-08-07,M,TN,C,1505141,2017-12-10,Gimry,1100,mhopfer6s@nasa.gov,+264-217-547-9001,245,,,TN,,,,,,,,,,,9.6,15.0,11.76,2024,en formation,Satisfait
246,Melki,Dalila,Kalâa Seghira,2001-04-26,F,TN,C,1505142,2016-09-30,Karanggeneng,2200,dredwin6t@addthis.com,+86-380-538-0526,246,,TN-83,TN,,,,,,,,,,,11.33,14.69,12.67,2018,employé,Très satisfait
247,Najar,younes,Thyna,1997-10-21,M,TN,C,1505143,2017-03-13,Masis,1100,eagate6u@weebly.com,+86-159-262-1169,247,,TN-71,TN,,,,,,,,,,,11.05,11.41,11.19,2023,employé,Satisfait
248,Ouertani,ghassen,Ouabed Khazanet,2000-08-22,M,TN,P,1505144,2017-12-03,København,3000,jhenaughan6v@gmpg.org,+93-810-940-4478,248,,TN-43,TN,,,,,,,,,,,10.69,12.98,11.61,2015,employé,Très satisfait
249,Sfar,ridha,La Manouba,2000-09-13,M,TN,C,1505145,2017-07-20,Binangun,1000,aseedull6w@japanpost.jp,+52-314-464-5375,249,,TN-94,TN,,,,,,,,,,,15.53,15.79,15.63,2016,en formation,Pas satisfait
250,Yahya,hamza,Kalâa Seghira,2000-01-01,M,TN,P,1505146,2017-11-28,Canga’an,2040,agriniov6x@redcross.org,+593-625-920-5384,250,,TN-83,TN,,,,,,,,,,,12.81,12.53,12.7,2018,employé,Satisfait
251,Zarrouk,Haithem,La Manouba,2000-01-01,M,TN,P,1505147,2015-12-15,Buçimas,4000,hrominov6y@typepad.com,+63-146-693-0502,251,,TN-83,TN,,,,,,,,,,,9.48,13.3,11.01,2017,chômage,Très satisfait
252,baroumi,Sami,Ouabed Khazanet,2000-01-01,M,TN,P,1505148,2016-06-03,Manlucahoc,9000,smcqueen6z@mit.edu,+55-364-397-3254,252,,TN-83,TN,,,,,,,,,,,13.84,14.69,14.18,2015,en formation,Satisfait
253,haj kassem,Malika,Kalâa Seghira,1998-04-21,F,TN,C,1505149,2015-07-06,Metchosin,1000,mbritland70@vk.com,+86-951-401-6442,253,,TN-51,TN,,,,,,,,,,,16.24,15.18,15.82,2019,employé,Très satisfait
254,ben salah,ele,La Manouba,1927-08-03,F,TN,P,1505150,2015-09-14,Cheongsong gun,8000,utew71@devhub.com,+66-615-208-0530,254,,TN-52,TN,,,,,,,,,,,14.06,13.62,13.88,2021,chômage,Peu satisfait
255,farhati,ele,Ouabed Khazanet,2002-12-02,F,TN,C,1505151,2017-05-12,Campo Maior,4000,mblandamere72@hao123.com,+351-952-297-3729,255,,TN-92,TN,,,,,,,,,,,8.96,13.1,10.62,2016,employé,Satisfait
256,ben taleb,habiba,La Manouba,2001-01-30,F,TN,P,1505152,2016-04-26,Wentang,9000,hahrens73@sogou.com,+86-154-501-3251,256,,TN-72,TN,,,,,,,,,,,11.03,16.13,13.07,2019,employé,Satisfait
257,Béji,ghassen,,2000-11-19,M,TN,P,1505153,2017-12-01,Tanamiting,1100,ccobbe74@meetup.com,+48-229-860-2284,257,,TN-94,TN,,,,,,,,,,,14.53,16.61,15.36,2020,chômage,Très satisfait
258,Bouazizi,haroun,Ouabed Khazanet,1998-04-18,M,TN,P,1505154,2017-08-05,San Jose,4000,tducroe75@wix.com,+46-539-814-4012,258,,TN-12,TN,,,,,,,,,,,10.58,15.47,12.54,2021,chômage,Peu satisfait
259,Djaït,takwa,Hammam Chotty,2001-01-02,F,TN,P,1505155,2017-05-17,Novoanninskiy,4000,tvaines76@pagesperso-orange.fr,+63-994-895-5147,259,,TN-95,TN,,,,,,,,,,,12.89,14.13,13.39,2015,employé,Satisfait
260,Guiga,Rabeb,Sisseb-Driaat,1997-04-10,F,TN,P,1505156,2016-10-25,Young,8000,rdivill77@over-blog.com,+389-488-741-4815,260,,TN-12,TN,,,,,,,,,,,13.55,12.79,13.25,2021,employé,Très satisfait
261,asly,mourad,Ouabed Khazanet,2002-02-25,M,TN,C,1505157,2015-09-15,Ait Ali,2010,ogerraty78@mozilla.org,+1-949-531-4510,261,,TN-92,TN,,,,,,,,,,,10.15,12.75,11.19,2018,employé,Très satisfait
262,Jaziri,Samir,Siliana,2000-01-01,M,TN,C,1505158,2015-04-14,Claremont,2010,sgerant79@upenn.edu,+996-151-519-7200,262,,TN-43,TN,,,,,,,,,,,11.88,14.78,13.04,2022,employé,Très satisfait
263,Laroussi,Anissa,El Amra,1999-05-25,F,TN,C,1505159,2016-11-13,Masebewa,8000,akeefe7a@de.vu,+387-190-715-3740,263,,TN-71,TN,,,,,,,,,,,5.52,14.63,9.16,2018,employé,Pas satisfait
264,Lelouch,oumaima,Balta-Bou Aouane,2000-09-08,F,TN,P,1505160,2015-03-31,Omachi,9000,oashall7b@blinklist.com,+420-279-937-3359,264,,TN-12,TN,,,,,,,,,,,9.95,16.1,12.41,2020,employé,Très satisfait
265,Mamou,ayoub,Douz,1999-03-23,M,TN,P,1505161,2016-04-24,Taverny,1000,uormston7c@independent.co.uk,+86-149-375-6254,265,,TN-12,TN,,,,,,,,,,,11.49,14.98,12.89,2023,employé,Satisfait
266,Manaï,moussa,Zarzis Nord,2000-03-05,M,TN,C,1505162,2017-01-10,Opocno,1100,thicken7d@disqus.com,+63-680-470-0551,266,,TN-42,TN,,,,,,,,,,,9.5,11.75,10.4,2019,chômage,Très satisfait
267,Marzouk,ghassen,Mornag,2002-03-19,M,TN,P,1505163,2015-03-30,Coaldale,8000,ddehm7e@domainmarket.com,+7-414-646-1360,267,,TN-83,TN,,,,,,,,,,,15.26,15.58,15.39,2018,employé,Très satisfait
268,Meddeb,fadhila,Fériana,1920-08-17,F,TN,C,1505164,2015-06-21,Xihuachi,8000,sitchingham7f@jugem.jp,+86-423-731-2002,268,,TN-11,TN,,,,,,,,,,,9.14,12.5,10.48,2022,employé,Satisfait
269,Menchari,Mounir,Joumine,1999-04-13,M,TN,P,1505165,2017-06-27,Duyanggang,2010,mpinar7g@xrea.com,+86-129-275-2072,269,,TN-93,TN,,,,,,,,,,,11.12,13.42,12.04,2023,employé,Pas satisfait
270,Oueslati,Mariem,naassen,1997-06-24,F,TN,C,1505166,2017-05-25,Gaoua,2013,msodo7h@studiopress.com,+86-894-372-7894,270,,TN-32,TN,,,,,,,,,,,12.26,14.38,13.11,2018,chômage,Satisfait
271,Sfar,amir,Ksour Essef,1997-09-10,M,TN,P,1505167,2017-06-29,Muikamachi,9000,erottenbury7i@princeton.edu,+383-938-204-1419,271,,TN-71,TN,,,,,,,,,,,14.88,16.99,15.72,2017,employé,Peu satisfait
272,ghanem,Henda,Djedeida,2001-12-05,F,TN,P,1505168,2016-11-09,Laiguangying,2010,hgaiter7j@opera.com,+43-605-456-4335,272,,TN-13,TN,,,,,,,,,,,9.13,18.66,12.94,2022,employé,Satisfait
273,ghachem,Haythem,,2001-05-26,M,TN,P,1505169,2015-03-02,Kabardinka,9000,hwillgoose7k@creativecommons.org,+46-395-609-5669,273,,TN-99,TN,,,,,,,,,,,14.33,14.91,14.56,2019,employé,Très satisfait
274,ferah,Naima,,2000-01-04,F,TN,C,1505170,2016-06-09,Tayuan,9000,nbargh7l@constantcontact.com,+963-546-342-4010,274,,TN-95,TN,,,,,,,,,,,12.02,13.73,12.7,2016,chômage,Très satisfait
275,touil,mousser,,2002-02-16,M,TN,C,1505171,2017-01-12,Sipirok,4000,gwattam7m@narod.ru,+63-266-454-8617,275,,TN-13,TN,,,,,,,,,,,10.04,14.8,11.94,2024,employé,Satisfait
276,ayari,Karima,,1998-08-22,F,TN,P,1505172,2016-10-18,Cajati,9000,kgermain7n@nationalgeographic.com,+55-984-675-4996,276,,TN-52,TN,,,,,,,,,,,12.92,15.33,13.88,2023,chômage,Pas satisfait
277,bousselem,ridha,,2000-10-23,M,TN,P,1505173,2016-10-29,Puqian,1100,egecks7o@digg.com,+27-504-158-7178,277,,TN-61,TN,,,,,,,,,,,12.4,13.52,12.85,2017,en formation,Peu satisfait
278,akrout,ilyan,,1999-01-25,M,TN,P,1505174,2017-12-31,Winton,2013,bgrishenkov7p@theatlantic.com,+256-576-416-4009,278,,TN-81,TN,,,,,,,,,,,10.8,16.69,13.16,2016,chômage,Très satisfait
279,akkari,Donnia,Ras Jebel,2000-01-01,F,TN,C,1505175,2017-05-30,Midland,2013,dsantus7q@cbsnews.com,+55-966-462-3918,279,,TN-82,TN,,,,,,,,,,,12.14,14.35,13.02,2015,chômage,Très satisfait
280,debbiche,ali,Naassen,2150-07-31,M,TN,P,1505176,2015-05-04,Yinhedahan’er,4000,cmaron7r@bloglovin.com,+7-261-248-6486,280,,TN-99,TN,,,,,,,,,,,11.23,14.75,12.64,2022,employé,Très satisfait
281,soltane,kader,Ghannouch,1997-11-30,M,TN,C,1505177,2015-06-22,Balsas,2010,smcteggart7s@businessinsider.com,+504-611-921-9089,281,,TN-82,TN,,,,,,,,,,,12.23,15.0,13.34,2017,employé,Peu satisfait
282,kammoun,Baya,Tebourba,2001-07-16,F,TN,P,1505178,2017-11-04,Kaiapoi,2200,bspeakman7t@yelp.com,+265-655-746-9369,282,,TN-71,TN,,,,,,,,,,,13.32,14.63,13.84,2021,en formation,Peu satisfait
283,korbi,mohsen,Akouda,1998-03-03,M,TN,C,1505179,2017-12-11,Tingqian,8000,ttummons7u@wiley.com,+30-515-408-8814,283,,TN-82,TN,,,,,,,,,,,15.17,15.26,15.21,2015,employé,Peu satisfait
284,dhaouadi,Ghalia,Ghezala,2001-08-19,F,TN,P,1505180,2015-02-24,Ishiki,3000,gdonnelly7v@hibu.com,+242-466-626-3648,284,,TN-91,TN,,,,,,,,,,,9.52,13.07,10.94,2015,employé,Très satisfait
285,chaouachi,mongi,Mégrine,1997-04-04,M,TN,P,1505181,2016-01-04,Jianling,8000,jmatissoff7w@seattletimes.com,+962-673-792-9595,285,,TN-93,TN,,,,,,,,,,,16.27,13.16,15.03,2023,chômage,Satisfait
286,gharbi,Basma,DenDen,1998-09-27,F,TN,P,1505182,2015-03-09,Saumur,4000,bbenedict7x@fema.gov,+62-443-707-8001,286,,TN-61,TN,,,,,,,,,,,8.1,12.35,9.8,2022,employé,Satisfait
287,ghachem,Lassad,Chihia,2002-12-21,M,TN,P,1505183,2017-08-12,Bartolomé Masó,2200,lappleyard7y@cyberchimps.com,+55-836-838-1292,287,,TN-94,TN,,,,,,,,,,,11.7,14.66,12.88,2017,employé,Très satisfait
288,aouay,Moncef,,2020-12-23,M,TN,C,1505184,2017-08-01,Semanding Barat,2013,mjoburn7z@naver.com,+1-260-569-3005,288,,TN-61,TN,,,,,,,,,,,13.18,15.17,13.98,2020,employé,Satisfait
289,hajji,fadhel,Redeyef,2001-01-02,M,TN,P,1505185,2017-08-10,Aqtoghay,1000,pantosik80@jiathis.com,+970-493-530-8767,289,,TN-13,TN,,,,,,,,,,,12.56,14.69,13.41,2017,employé,Très satisfait
290,karaborni,Fatma,Sbeïtla,2000-01-06,F,TN,P,1505186,2016-03-12,Minas de Oro,8000,fscannell81@so-net.ne.jp,+33-382-305-8744,290,,TN-13,TN,,,,,,,,,,,10.75,16.51,13.05,2018,chômage,Très satisfait
291,gzara,Anissa,Sbeïtla,1997-10-19,F,TN,P,1505187,2016-11-16,Caringin,1000,ahuskinson82@ustream.tv,+967-298-293-1495,291,,TN-51,TN,,,,,,,,,,,11.58,13.99,12.54,2015,employé,Peu satisfait
292,legha,Torkia,Grombalia,2000-01-01,F,TN,C,1505188,2016-04-19,Chikeng,4000,tcammoile83@ning.com,+351-302-224-2015,292,,TN-94,TN,,,,,,,,,,,11.01,15.0,12.61,2019,employé,Peu satisfait
293,debbiche,Salma,Djerba - Ajim,2000-06-19,F,TN,C,1505189,2015-10-30,Tirah,8000,sweir84@miibeian.gov.cn,+1-717-350-0116,293,,TN-31,TN,,,,,,,,,,,10.82,12.36,11.44,2015,employé,Satisfait
294,chaouachi,ferid,Raqqada,1997-07-03,M,TN,P,1505190,2015-05-31,Xiangyun,3000,vcunde85@state.tx.us,+58-296-688-5741,294,,TN-61,TN,,,,,,,,,,,13.7,13.42,13.59,2015,chômage,Satisfait
295,Sitruk,Baya,Chrayaa-Machrek Chams,1998-11-28,F,TN,P,1505191,2017-10-17,Kore,1100,bhaggerston86@vkontakte.ru,+504-650-440-8667,295,,TN-99,TN,,,,,,,,,,,12.71,15.04,13.64,2024,chômage,Très satisfait
296,turkia,Taher,El Fahs,2002-02-23,M,TN,P,1505192,2016-12-30,Leubatang,1000,tmcnirlan87@miitbeian.gov.cn,+86-603-371-4479,296,,TN-81,TN,,,,,,,,,,,10.61,15.27,12.47,2021,employé,Satisfait
297,ben salah,ons,Fondouk Jedid-Seltene,2002-11-16,F,TN,P,1505193,2017-05-05,Marína,4000,ajeger88@deviantart.com,+381-883-711-9381,297,,TN-51,TN,,,,,,,,,,,13.8,13.56,13.7,2020,chômage,Peu satisfait
298,ben taleb,Ghalia,Essaïda,1999-03-06,F,TN,C,1505194,2017-04-11,Vol’no-Nadezhdinskoye,4000,gkenworthey89@cnet.com,+62-785-139-1057,298,,TN-81,TN,,,,,,,,,,,12.61,13.89,13.12,2016,employé,Peu satisfait
299,Osman,Malek,Ouled Chamekh,2001-06-09,,TN,C,1505195,2017-10-21,Pärnu,2010,mnaire8a@cnn.com,+47-545-387-7463,299,,TN-52,TN,,,,,,,,,,,13.63,11.72,12.87,2016,en formation,Satisfait
300,Rabhi,Hazem,Menzel Jemil,2002-07-01,M,TN,P,1505196,2017-01-11,Portão,3000,hkluge8b@cnn.com,+62-178-298-3862,300,,TN-83,TN,,,,,,,,,,,13.26,13.46,13.34,2021,employé,Très satisfait
301,Smaoui,fatima,Chebba,2002-12-22,F,TN,C,1505197,2016-05-05,Thawi Watthana,2040,vcowl8c@php.net,+86-626-493-4038,301,,TN-99,TN,,,,,,,,,,,10.34,15.34,12.34,2015,chômage,Très satisfait
302,Najar,azer,Faiedh Bennour,2050-12-12,M,TN,P,1505198,2017-01-29,Rtishchevo,2010,ecornewell8d@angelfire.com,+1-319-574-9917,302,,TN-12,TN,,,,,,,,,,,10.88,14.86,12.47,2016,employé,Satisfait
303,Slim,bassem,Ouchtata-Jmila,2000-10-01,M,TN,P,1505199,2015-01-25,Xianyi,2040,bbillsberry8e@csmonitor.com,+86-720-896-0191,303,,TN-12,TN,,,,,,,,,,,13.49,14.75,13.99,2022,employé,Très satisfait
304,Tlili,karim,Ezzouhour,2001-04-06,M,TN,C,1505200,2015-03-29,Muli,1000,cglacken8f@deliciousdays.com,+62-291-461-6116,304,,TN-51,TN,,,,,,,,,,,13.22,14.07,13.56,2020,employé,Peu satisfait
305,Triki,moussa,Ouerdanine,2002-03-03,,TN,P,1505201,2015-10-10,Belo Horizonte,9000,hnewbury8g@pen.io,+7-949-944-0760,305,,TN-43,TN,,,,,,,,,,,11.96,14.01,12.78,2016,chômage,Très satisfait
306,alaya,Leila,Teboulbou,2000-04-09,F,TN,P,1505202,2015-06-01,Tangdong,2040,ltiller8h@over-blog.com,+33-450-526-9721,306,,TN-71,TN,,,,,,,,,,,12.23,13.01,12.54,2021,employé,Très satisfait
307,zidi,khaoula,Souk Jedid,2000-08-24,F,TN,P,1505203,2015-11-20,Taihe,2013,pmatzl8i@over-blog.com,+353-642-540-5882,307,,TN-93,TN,,,,,,,,,,,14.56,15.05,14.76,2018,en formation,Très satisfait
308,zid,Karima,Nefta,2000-01-01,F,TN,P,1505204,2015-01-28,Lanuza,2010,kdance8j@friendfeed.com,+86-423-442-0878,308,,TN-61,TN,,,,,,,,,,,10.82,14.63,12.34,2016,employé,Pas satisfait
309,toumi,Zakaria,Medjez el-Bab,2000-10-23,M,TN,P,1505205,2015-03-21,Libertador General San Martín,2010,zwhiston8k@nifty.com,+66-660-515-8234,309,,TN-82,TN,,,,,,,,,,,13.09,14.74,13.75,2020,employé,Très satisfait
310,Ibrahim,Malek,Bou Salem,1999-05-28,M,TN,C,1505206,2017-10-26,Mianhu,2040,mpadberry8l@tinyurl.com,+1-901-600-8687,310,,TN-82,TN,,,,,,,,,,,11.6,13.21,12.24,2023,employé,Satisfait
311,touati,Yosra,Béni Khiar,1997-12-20,,TN,P,1505207,2016-03-29,Zheshart,9000,ypattie8m@hao123.com,+66-528-983-3629,311,,TN-92,TN,,,,,,,,,,,11.56,10.77,11.24,2023,chômage,Satisfait
312,tlili,Jamel,El Jem,1999-12-27,M,TN,C,1505208,2017-06-24,Chuntai,9000,jlarrosa8n@weibo.com,+420-406-532-9433,312,,TN-72,TN,,,,,,,,,,,14.2,15.65,14.78,2022,employé,Très satisfait
313,Saadaoui,Selima,Tinja,2002-01-20,F,TN,P,1505209,2017-06-22,Gryfów Slaski,2010,sipsgrave8o@friendfeed.com,+351-661-785-3945,313,,TN-91,TN,,,,,,,,,,,13.65,13.28,13.5,2017,chômage,Satisfait
314,sassi,Amina,tunis,1997-07-29,,TN,C,1505210,2016-12-05,Kedawung,2200,aslowey8p@blinklist.com,+351-402-329-3137,314,,TN-42,TN,,,,,,,,,,,13.63,12.71,13.26,2017,en formation,Satisfait
315,Chebbi,adem,tunis,2000-01-01,M,TN,P,1505211,2017-02-04,Pantukan,2013,gsugar8q@engadget.com,+86-129-953-4093,315,,TN-42,TN,,,,,,,,,,,14.61,15.04,14.78,2016,en formation,Satisfait
316,rouissi,anas,Tinja,1997-11-20,M,TN,P,1505212,2017-01-04,Enjitsu,8000,djorger8r@gizmodo.com,+505-801-240-9337,316,,TN-21,TN,,,,,,,,,,,12.04,13.41,12.59,2019,employé,Peu satisfait
317,ben rjab,Danya,,1997-06-24,,TN,C,1505213,2016-08-03,Pnikut,2200,djeratt8s@gmpg.org,+595-757-711-6093,317,,TN-83,TN,,,,,,,,,,,13.36,15.59,14.25,2018,chômage,Très satisfait
318,ouerfelli,seif,,1998-09-01,M,TN,C,1505214,2015-09-27,Al Hashimiyah,9000,omargerison8t@economist.com,+86-592-540-0788,318,,TN-92,TN,,,,,,,,,,,11.38,14.93,12.8,2021,chômage,Très satisfait
319,moussa,Fayssel,,1997-04-27,M,TN,P,1505215,2017-12-01,Guyang,2010,fmee8u@slashdot.org,+234-291-395-4804,319,,TN-41,TN,,,,,,,,,,,12.65,15.03,13.6,2018,employé,Peu satisfait
320,miledi,mohsen,Sidi Zid-Awled Moulahem,2000-01-01,M,TN,C,1505216,2015-03-14,Bluri,9000,jiacobetto8v@jugem.jp,+226-481-945-5665,320,,TN-43,TN,,,,,,,,,,,11.74,11.95,11.82,2023,chômage,Très satisfait
321,mejri,Harroun,Nadhour-Sidi Ali Ben Abedn,2000-06-23,M,TN,P,1505217,2017-12-17,Lesnoy,2013,hlowdwell8w@elegantthemes.com,+62-997-178-5291,321,,TN-32,TN,,,,,,,,,,,12.19,15.82,13.64,2016,employé,Satisfait
322,mannai,ghaylen,Zaghouan,2002-03-11,,TN,C,1505218,2016-09-18,Huangbu,3000,gstanner8x@bloomberg.com,+62-903-237-0434,322,,TN-83,TN,,,,,,,,,,,13.19,14.39,13.67,2020,employé,Peu satisfait
323,lasrem,Doua,Zaouiet Sousse,2002-04-03,F,TN,C,1505219,2016-07-22,Sukmoilang,9000,dtallow8y@lulu.com,+66-823-304-0596,323,,TN-99,TN,,,,,,,,,,,10.36,13.45,11.6,2021,employé,Très satisfait
324,louati,Abbes,,1999-03-10,M,TN,C,1505220,2015-04-11,Ha,8000,abottby8z@bloglovin.com,+86-421-435-8363,324,,TN-31,TN,,,,,,,,,,,16.18,14.22,15.4,2018,employé,Satisfait
325,kassem,Ishak,,2001-11-14,,TN,C,1505221,2017-07-24,Amieirinha,8000,igoundry90@omniture.com,+86-303-819-8374,325,,TN-12,TN,,,,,,,,,,,9.99,11.34,10.53,2020,employé,Très satisfait
326,kalboussi,Narjes,Kébili,2020-11-06,F,TN,C,1505222,2017-01-30,Sairam,1100,nsarson91@reference.com,+7-139-713-2159,326,,TN-99,TN,,,,,,,,,,,9.57,14.61,11.59,2021,employé,Très satisfait
327,karoui,Shirine,Utique,2000-01-01,F,TN,C,1505223,2017-04-28,Portelinha,4000,sdanielsen92@sciencedirect.com,+53-310-612-3930,327,,TN-31,TN,,,,,,,,,,,14.32,12.46,13.58,2018,chômage,Très satisfait
328,jerbi,mongi,Mornaguia,2002-01-06,M,TN,C,1505224,2017-02-25,Muarabuliti,1100,fbickmore93@nih.gov,+994-421-760-6874,328,,TN-12,TN,,,,,,,,,,,13.58,11.97,12.94,2022,employé,Peu satisfait
329,jaziri,malek,Tabarka,1997-09-02,,TN,P,1505225,2017-10-26,Reforma,1100,bstubs94@cloudflare.com,+86-817-213-6489,329,,TN-71,TN,,,,,,,,,,,13.25,11.72,12.64,2023,employé,Très satisfait
330,hmayda,Haythem,Ghardimaou,2000-01-01,M,TN,P,1505226,2017-12-22,Namie,3000,hbaleine95@fema.gov,+62-795-780-7818,330,,TN-92,TN,,,,,,,,,,,13.26,15.67,14.22,2015,employé,Satisfait
331,hlel,Malek,Hadjeb,2002-02-27,,TN,C,1505227,2015-10-08,Noebana,9000,mbarke96@bigcartel.com,+249-126-735-8396,331,,TN-43,TN,,,,,,,,,,,11.98,13.06,12.41,2021,employé,Peu satisfait
332,hattab,hatem,Lessouda,2000-03-14,M,TN,C,1505228,2016-09-07,Tualeu,1100,pharnett97@un.org,+92-761-313-4014,332,,TN-13,TN,,,,,,,,,,,10.21,16.3,12.65,2023,chômage,Satisfait
333,hammoudi,Wiem,Hassi El Ferid,1998-07-24,F,TN,P,1505229,2016-03-02,Maloma,2200,wdenis98@webmd.com,+46-181-275-4709,333,,TN-71,TN,,,,,,,,,,,12.15,13.2,12.57,2024,employé,Satisfait
334,houri,wissal,Habib Thameur Bouatouch,1998-04-27,F,TN,P,1505230,2016-04-02,Anambongan,3000,ayanukhin99@woothemes.com,+260-440-992-4765,334,,TN-92,TN,,,,,,,,,,,10.65,11.44,10.97,2019,chômage,Satisfait
335,hajri,Baya,El Ayoun,2002-09-20,F,TN,C,1505231,2017-03-02,Xiaozhang,3000,bstredder9a@about.com,+7-583-405-9215,335,,TN-12,TN,,,,,,,,,,,13.95,12.33,13.3,2016,employé,Très satisfait
336,guesmi,Nesima,Menzel Abderrahmane,2000-04-17,F,TN,P,1505232,2015-05-30,Chinch'on,2200,nrhydderch9b@joomla.org,+33-940-943-0187,336,,TN-71,TN,,,,,,,,,,,11.71,15.85,13.37,2024,chômage,Satisfait
337,ben ghorbel,Leila,Sahline Moôtmar,2000-01-01,F,TN,P,1505233,2017-09-16,Saint Andrews,1100,llegen9c@biblegateway.com,+55-704-682-0092,337,,TN-94,TN,,,,,,,,,,,10.35,13.77,11.72,2020,employé,Satisfait
338,gharsallah,ridha,Grimet-Hicher,1999-04-08,M,TN,C,1505234,2016-07-23,Sychëvo,3000,jhulke9d@devhub.com,+55-375-997-3584,338,,TN-82,TN,,,,,,,,,,,11.36,13.18,12.09,2021,employé,Pas satisfait
339,hammouda,tarek,Hazeg Ellouza,1997-04-15,M,TN,C,1505235,2016-10-25,Sertânia,2013,rsloper9e@foxnews.com,+62-372-138-9093,339,,TN-51,TN,,,,,,,,,,,12.83,14.24,13.39,2016,chômage,Peu satisfait
340,hammami,lasaad,Souk Lahad,1999-06-16,M,TN,P,1505236,2017-07-20,La Sebala du Mornag,4000,eeaseman9f@paginegialle.it,+359-280-744-1989,340,,,TN,,,,,,,,,,,10.87,14.75,12.42,2016,employé,Peu satisfait
341,dziri,oumaima,tunis,2001-05-30,F,TN,P,1505237,2016-09-15,Qianxu Zhen,2010,arodolf9g@sciencedirect.com,+55-123-987-2025,341,,TN-95,TN,,,,,,,,,,,10.36,15.68,12.49,2024,chômage,Peu satisfait
342,hakimi,mounir,,2000-08-22,M,TN,P,1505238,2017-12-12,Bela-Bela,9000,tmarlin9h@1und1.de,+46-201-475-0000,342,,TN-41,TN,,,,,,,,,,,12.49,16.17,13.96,2024,chômage,Satisfait
343,el ghoul,hamma,Menzel Bouzelfa,1998-12-24,M,TN,C,1505239,2017-08-31,Phra Pradaeng,1000,rverrell9i@canalblog.com,+81-580-565-6541,343,,TN-41,TN,,,,,,,,,,,12.49,13.46,12.88,2015,employé,Satisfait
344,fridi,mohamed,El Hachachna,2000-01-01,M,TN,C,1505240,2017-01-06,San Diego,9000,hhuckin9j@comcast.net,+46-797-742-2444,344,,TN-12,TN,,,,,,,,,,,10.99,12.01,11.4,2018,employé,Peu satisfait
345,djobbi,houcine,El Alia,1999-09-28,M,TN,C,1505241,2015-05-19,Kiambu,9000,avannucci9k@webnode.com,+86-948-751-1345,345,,TN-91,TN,,,,,,,,,,,11.06,13.38,11.99,2021,employé,Très satisfait
346,derbel,tarek,tunis,2002-11-13,M,TN,C,1505242,2017-02-19,Solna,1100,tsanchez9l@answers.com,+63-158-269-3976,346,,TN-93,TN,,,,,,,,,,,12.46,14.39,13.23,2023,en formation,Pas satisfait
347,chaouch,faouzi,Thala,1998-01-29,M,TN,P,1505243,2015-10-29,Mýrina,4000,cswafford9m@msn.com,+1-919-776-2939,347,,,TN,,,,,,,,,,,9.1,12.55,10.48,2017,chômage,Satisfait
348,chaouchi,kaouther,Kalâat el-Andalous,2001-07-24,F,TN,P,1505244,2017-01-08,Jacobina,4000,cfancett9n@wp.com,+7-161-379-6731,348,,TN-51,TN,,,,,,,,,,,9.19,12.56,10.54,2021,employé,Satisfait
349,chebbi,yesmine,tunis,1998-06-18,F,TN,C,1505245,2016-05-13,Monching,1100,ycrittal9o@ed.gov,+1-703-417-0238,349,,TN-13,TN,,,,,,,,,,,10.56,14.52,12.14,2021,employé,Satisfait
350,ayari,Amal,Tajerouine,2001-08-12,F,TN,C,1505246,2016-05-28,Tugu,8000,aferreras9p@telegraph.co.uk,+351-478-862-2641,350,,TN-83,TN,,,,,,,,,,,11.57,13.93,12.51,2021,employé,Pas satisfait
351,charfi,mohssen,Ezzouhour,2002-10-17,M,TN,C,1505247,2016-03-11,Pio Duran,2013,clodemann9q@livejournal.com,+212-247-987-0657,351,,TN-72,TN,,,,,,,,,,,12.62,14.05,13.19,2016,chômage,Très satisfait
352,miledi,jalil,Carthage,2021-02-12,M,TN,P,1505248,2015-01-07,Nanlü,4000,ttortoise9r@answers.com,+55-686-728-2403,352,,TN-43,TN,,,,,,,,,,,14.95,12.86,14.11,2020,employé,Satisfait
353,ben rjab,Ridha,,2000-06-27,M,TN,P,1505249,2015-05-10,Hetian,2013,rstidston9s@wikimedia.org,+86-220-852-6259,353,,TN-42,TN,,,,,,,,,,,13.72,13.65,13.69,2016,employé,Satisfait
354,Gharsallah,Rania,,2002-06-16,,TN,P,1505250,2017-09-23,Iset’,1100,rnewbury9t@mysql.com,+62-192-919-4107,354,,TN-21,TN,,,,,,,,,,,11.68,12.61,12.05,2020,chômage,Très satisfait
355,Rafia,samia,Ennasr,1999-12-11,F,TN,C,1505251,2016-11-07,Smyków,4000,cgrayham9u@engadget.com,+62-328-974-9514,355,,TN-95,TN,,,,,,,,,,,11.96,15.34,13.31,2024,employé,Peu satisfait
356,zid,yasmine,Zéramdine,2002-05-07,F,TN,C,1505252,2015-03-05,Oslo,2010,jbernollet9v@indiegogo.com,+62-911-589-6872,356,,TN-72,TN,,,,,,,,,,,9.99,15.55,12.21,2017,employé,Satisfait
357,ben ghorbel,akrem,Jouaouda,1997-11-17,M,TN,P,1505253,2016-04-21,Qabqir,9000,klukacs9w@time.com,+1-504-474-5619,357,,TN-94,TN,,,,,,,,,,,11.96,11.23,11.67,2016,en formation,Satisfait
358,hakimi,moncef,Tlelsa,2002-07-05,M,TN,P,1505254,2016-03-08,Asahikawa,2010,ibiasotti9x@reverbnation.com,+86-619-902-8229,358,,TN-61,TN,,,,,,,,,,,11.42,12.61,11.9,2020,chômage,Très satisfait
359,chaouch,lotfi,Sumberbatas,2002-06-12,M,TN,P,1505255,2017-06-03,New Orleans,2013,awey9y@nasa.gov,+62-751-170-9400,359,,TN-21,TN,,,,,,,,,,,12.65,11.76,12.29,2016,employé,Satisfait
360,jerbi,Anas,Rongmei,2000-01-01,M,TN,C,1505256,2016-06-06,Besançon,1100,askarin9z@cdbaby.com,+86-936-811-3967,360,,TN-41,TN,,,,,,,,,,,10.35,13.02,11.42,2019,employé,Satisfait
361,lasrem,Kaouther,Tegalgunung,1998-10-16,F,TN,C,1505257,2016-04-25,Yangdenghu,2200,kmcblaina0@soundcloud.com,+62-211-384-0655,361,,TN-12,TN,,,,,,,,,,,13.04,13.87,13.37,2016,employé,Satisfait
362,ben smida,monia,Veiros,1998-06-04,F,TN,C,1505258,2015-12-11,Pasirmadang,4000,phammersleya1@reverbnation.com,+351-651-465-9151,362,,TN-82,TN,,,,,,,,,,,15.07,11.83,13.77,2017,employé,Très satisfait
363,Jasem,ghassen,Patpata Segundo,1998-09-02,M,TN,P,1505259,2015-05-14,Haifa,2200,agerrelsa2@pbs.org,+63-634-405-0525,363,,TN-52,TN,,,,,,,,,,,11.78,12.62,12.12,2017,chômage,Pas satisfait
364,hammouda,hamza,Blackfalds,2001-05-01,M,TN,C,1505260,2015-02-19,Burao,2013,tzorroa3@pen.io,+1-882-534-3265,364,,TN-11,TN,,,,,,,,,,,12.8,12.49,12.68,2020,employé,Satisfait
365,dziri,haithem,Bala Murghab,1997-03-09,M,TN,C,1505261,2017-11-11,Kudus,9000,aterrena4@clickbank.net,+93-960-254-5978,365,,TN-52,TN,,,,,,,,,,,13.38,14.31,13.75,2020,chômage,Satisfait
366,derbel,mehrez,Panyingkiran,2000-11-16,M,TN,P,1505262,2017-12-04,Strömsnäsbruk,9000,skempstona5@blogtalkradio.com,+62-287-552-1144,366,,TN-81,TN,,,,,,,,,,,11.2,14.1,12.36,2024,en formation,Satisfait
367,hammami,Sofien,Sec,2000-01-01,M,TN,P,1505263,2017-07-01,Youxi,1100,sskyrama6@desdev.cn,+420-861-166-3483,367,,TN-13,TN,,,,,,,,,,,12.45,12.92,12.64,2017,employé,Très satisfait
368,Bouazizi,sabri,Zabnica,2002-02-28,M,TN,C,1505264,2015-04-30,Zhujiang,2200,smcclosha7@arizona.edu,+48-406-724-3651,368,,TN-12,TN,,,,,,,,,,,12.03,14.27,12.93,2017,employé,Satisfait
369,Tanzani,Jemila,Cibeureum,2001-08-18,F,TN,P,1505265,2015-06-10,Lau,2013,jblankleya8@facebook.com,+62-452-436-8868,369,,TN-82,TN,,,,,,,,,,,12.2,13.18,12.59,2015,employé,Satisfait
370,Mahmoud,salim,Novhorodka,1998-02-24,M,TN,C,1505266,2017-03-03,Trà Vinh,2010,arawlencea9@canalblog.com,+380-274-755-9073,370,,TN-31,TN,,,,,,,,,,,10.45,13.59,11.71,2021,en formation,Satisfait
371,Ayed,Jannet,Xiling,2000-02-10,F,TN,C,1505267,2017-07-27,Shaydon,2200,jissacsonaa@nature.com,+86-901-553-6619,371,,TN-12,TN,,,,,,,,,,,12.05,16.51,13.83,2022,chômage,Satisfait
372,azebbi,fadhila,Strasbourg,2002-11-22,F,TN,P,1505268,2017-09-21,Simpang,3000,pfrondtab@smh.com.au,+33-416-738-6079,372,,TN-13,TN,,,,,,,,,,,13.0,16.01,14.2,2016,employé,Satisfait
373,Nouri,kalthoum,Conduaga,2002-11-05,F,TN,P,1505269,2016-06-08,Gugut,8000,cgilhooleyac@state.tx.us,+63-586-998-5535,373,,TN-71,TN,,,,,,,,,,,14.9,12.05,13.76,2018,chômage,Très satisfait
374,taher,fatma,Pryazha,2001-11-09,F,TN,P,1505270,2015-10-30,Panyambungan,2200,cguerrieriad@unicef.org,+7-196-575-3608,374,,TN-94,TN,,,,,,,,,,,13.92,15.24,14.45,2024,employé,Satisfait
375,Taher,bechir,Qiankeng,1999-03-08,M,TN,P,1505271,2015-11-24,Kuanheum,1000,boganae@odnoklassniki.ru,+86-826-858-8226,375,,TN-11,TN,,,,,,,,,,,16.31,15.22,15.87,2021,en formation,Très satisfait
376,Ben tara,haikel,La Uvita,1908-03-31,M,TN,P,1505272,2016-12-29,Cerro Punta,1000,hvellaaf@com.com,+57-257-523-2554,376,,TN-13,TN,,,,,,,,,,,10.47,12.28,11.19,2022,employé,Très satisfait
377,Makrem,ameni,Sobotín,1999-03-08,F,TN,P,1505273,2015-02-11,Bogra,1000,mdeatheag@latimes.com,+420-527-144-8244,377,,TN-92,TN,,,,,,,,,,,13.74,15.23,14.34,2015,employé,Peu satisfait
378,Mohsen,habiba,Fenglu,1999-01-02,F,TN,C,1505274,2015-01-20,Yoro,2200,hashtonhurstah@oracle.com,+86-427-141-8002,378,,TN-21,TN,,,,,,,,,,,12.37,16.31,13.95,2018,chômage,Satisfait
379,Salem,Wissal,Pawa,2001-01-10,F,TN,P,1505275,2017-08-01,Ya’ngan,1000,wstovoldai@sina.com.cn,+63-925-605-2395,379,,TN-31,TN,,,,,,,,,,,16.38,12.32,14.76,2020,employé,Satisfait
380,Gargouri,Rami,Culasian,2000-08-16,M,TN,P,1505276,2017-01-28,Xianyang,1100,rasheaj@weibo.com,+63-178-384-4245,380,,TN-51,TN,,,,,,,,,,,10.38,12.62,11.28,2017,employé,Satisfait
381,mechmech,Jesser,West Jerusalem,1997-03-20,M,TN,P,1505277,2015-11-01,Tuncheng,1000,jfontellesak@amazon.com,+972-713-193-1146,381,,TN-93,TN,,,,,,,,,,,10.32,15.53,12.4,2019,employé,Peu satisfait
382,aarafet,jessem,Mistrató,1998-03-21,M,TN,C,1505278,2017-10-13,Logroño,8000,greynaal@ftc.gov,+57-423-542-1885,382,,TN-71,TN,,,,,,,,,,,10.8,14.41,12.24,2024,employé,Satisfait
383,ben tara,manel,Oka,1998-03-15,F,TN,C,1505279,2015-09-11,Wyszków,1100,bdugmoream@foxnews.com,+1-721-210-2444,383,,TN-61,TN,,,,,,,,,,,7.75,14.83,10.58,2023,employé,Peu satisfait
384,lengliz,ghanem,Thorold,2000-01-03,M,TN,C,1505280,2016-11-25,Wapno,1100,bnorreean@yolasite.com,+1-888-427-2434,384,,TN-95,TN,,,,,,,,,,,10.95,14.51,12.37,2017,en formation,Très satisfait
385,Nouri,Alia,Le Pontet,2000-01-01,F,TN,P,1505281,2015-12-14,Knjazevac,8000,ajadosao@nbcnews.com,+33-995-602-0259,385,,TN-51,TN,,,,,,,,,,,10.48,14.59,12.12,2019,employé,Pas satisfait
386,Selmi,Ele,Évry,1998-06-04,F,TN,P,1505282,2016-01-26,Kiruna,9000,ejeenesap@reverbnation.com,+33-684-861-3860,386,,TN-94,TN,,,,,,,,,,,12.3,12.01,12.18,2022,employé,Peu satisfait
387,Dridi,Amen allah,Cabedelo,1997-09-26,M,TN,P,1505283,2015-02-24,Grenoble,2040,ahaswellaq@washingtonpost.com,+55-521-285-4259,387,,TN-92,TN,,,,,,,,,,,12.68,15.57,13.84,2020,chômage,Peu satisfait
388,Khouli,Chawki,Suvorov,1997-04-07,M,TN,P,1505284,2015-04-16,Parnaíba,1100,cboyntonar@studiopress.com,+7-158-664-1838,388,,TN-11,TN,,,,,,,,,,,15.75,15.75,15.75,2018,employé,Très satisfait
389,rostem,Bachir,Mirskoy,1999-12-29,M,TN,P,1505285,2015-07-02,Halmstad,2013,bbravenas@prnewswire.com,+7-173-487-9636,389,,TN-99,TN,,,,,,,,,,,13.9,13.66,13.8,2022,employé,Très satisfait
390,lengliz,Sami,København,1998-04-03,M,TN,P,1505286,2015-01-18,Jinbo,2200,sgreystockat@wix.com,+45-491-719-3653,390,,TN-99,TN,,,,,,,,,,,10.85,13.93,12.08,2017,chômage,Très satisfait
391,kammoun,Amina,Mitry-Mory,2001-04-20,F,TN,P,1505287,2017-06-19,Candelaria,1000,aarundellau@skype.com,+33-469-201-3823,391,,TN-42,TN,,,,,,,,,,,10.2,11.7,10.8,2017,chômage,Très satisfait
392,khlifa,Ahmed,Krajan Caluk,1999-05-27,M,TN,C,1505288,2016-10-16,Töysä,2200,amacgormanav@elegantthemes.com,+62-819-390-5621,392,,TN-31,TN,,,,,,,,,,,12.98,14.77,13.7,2018,chômage,Peu satisfait
393,khlil,mohamed,Daykitin,2000-01-01,M,TN,P,1505289,2015-09-28,Stockholm,4000,eloyaw@accuweather.com,+63-174-643-9147,393,,TN-12,TN,,,,,,,,,,,9.36,14.86,11.56,2023,chômage,Très satisfait
394,khalfallah,Ghailen,Pagedangan,2002-03-21,M,TN,P,1505290,2017-08-26,Liyuan,2200,gtregentax@blinklist.com,+62-410-965-8771,394,,TN-32,TN,,,,,,,,,,,15.66,13.91,14.96,2019,employé,Très satisfait
395,mouradi,Ahmed,Campurrejo,1999-03-15,M,TN,C,1505291,2017-06-27,Outlook,1100,aduerdenay@hibu.com,+62-872-803-5507,395,,TN-11,TN,,,,,,,,,,,14.36,15.69,14.89,2022,en formation,Très satisfait
396,yahya,Isra,Vällingby,2001-12-25,F,TN,C,1505292,2015-08-04,Zhongben,2040,ithewlessaz@goo.ne.jp,+46-121-279-1722,396,,TN-12,TN,,,,,,,,,,,11.06,13.5,12.04,2020,employé,Très satisfait
397,zakaria,Selima,Ban Rangsit,2002-08-08,F,TN,P,1505293,2015-06-13,Vetluzhskiy,1100,sorrowb0@cdc.gov,+66-484-232-2103,397,,TN-94,TN,,,,,,,,,,,8.57,14.85,11.08,2017,chômage,Très satisfait
398,zoghlemi,Mayar,Garawati,2002-10-31,F,TN,C,1505294,2017-01-28,Trompsburg,1000,mbohlb1@wikia.com,+62-403-872-5977,398,,TN-52,TN,,,,,,,,,,,14.71,12.47,13.81,2022,employé,Peu satisfait
399,dridi,hamma,Dasha,2050-03-23,M,TN,P,1505295,2017-08-29,Nowy Korczyn,2010,dlippiattb2@hao123.com,+86-785-672-5106,399,,TN-43,TN,,,,,,,,,,,11.77,13.96,12.65,2023,en formation,Satisfait
400,mastouri,Noha,Coronel Fabriciano,2002-07-20,F,TN,C,1505296,2015-05-28,Dar Chabanne,1000,nenderleb3@chron.com,+55-628-707-0850,400,,TN-93,TN,,,,,,,,,,,14.48,13.74,14.18,2022,chômage,Très satisfait
401,mraihi,hamza,Severo-Zadonsk,1997-04-03,M,TN,C,1505297,2017-08-07,Karvia,2010,eyurygynb4@rakuten.co.jp,+7-607-414-7875,401,,,TN,,,,,,,,,,,8.81,14.34,11.02,2018,chômage,Satisfait
402,zoubaier,ilyes,Anaráchi,2000-05-29,M,TN,C,1505298,2017-10-08,Oslo,4000,trubertisb5@google.de,+30-400-824-2770,402,,TN-41,TN,,,,,,,,,,,10.8,13.45,11.86,2020,employé,Satisfait
403,fitouri,Rabia,Otsuki,1999-07-22,M,TN,C,1505299,2016-07-07,Conceição da Barra,2010,rkearfordb6@boston.com,+81-363-759-7426,403,,TN-61,TN,,,,,,,,,,,12.01,13.8,12.73,2015,employé,Très satisfait
404,ftiti,Hassiba,Ejidal,1997-11-26,F,TN,C,1505300,2016-09-13,Frederico Westphalen,9000,hcudbirdb7@blogtalkradio.com,+52-349-846-0792,404,,TN-93,TN,,,,,,,,,,,12.09,15.24,13.35,2018,chômage,Satisfait
405,faouaz,Donia,Shuhong,1998-04-18,F,TN,C,1505301,2017-10-03,Gammad,2013,dtunuyb8@independent.co.uk,+86-744-579-5121,405,,,TN,,,,,,,,,,,11.1,13.34,12.0,2022,chômage,Satisfait
406,farhat,kamel,Velká Bystrice,1997-10-02,M,TN,P,1505302,2017-08-06,Thiès Nones,2200,kcorradob9@dmoz.org,+420-587-848-6793,406,,TN-95,TN,,,,,,,,,,,13.25,11.59,12.59,2015,employé,Satisfait
407,ben guebila,Rim,Lhokkruet,2000-01-02,F,TN,P,1505303,2017-04-24,Reims,1000,rpasleyba@dailymail.co.uk,+62-563-452-0959,407,,TN-82,TN,,,,,,,,,,,9.86,16.62,12.56,2017,en formation,Satisfait
408,sifi,rim,Pedro Sánchez,2002-01-29,F,TN,P,1505304,2017-01-25,Shangyuan,4000,pardlingbb@nydailynews.com,+1-480-578-3070,408,,TN-31,TN,,,,,,,,,,,11.72,16.07,13.46,2015,chômage,Très satisfait
409,zid,Haithem,Zolochiv,1999-08-09,M,TN,P,1505305,2015-03-11,Horta,1100,hvenourbc@ustream.tv,+380-319-357-3233,409,,TN-42,TN,,,,,,,,,,,12.24,12.06,12.17,2023,employé,Pas satisfait
410,mabrouki,nasira,Ozalj,2025-02-14,F,TN,C,1505306,2017-04-21,Yao,3000,vbarkasbd@globo.com,+385-656-429-4669,410,,TN-81,TN,,,,,,,,,,,13.03,15.03,13.83,2016,chômage,Peu satisfait
411,mbarek,Lamia,Guilhabreu,2000-12-30,F,TN,C,1505307,2015-06-20,Heidelberg,1000,lrawsonbe@about.com,+351-398-634-9467,411,,TN-95,TN,,,,,,,,,,,13.42,13.25,13.35,2023,employé,Peu satisfait
412,miloud,Tamer,Chahe,1998-12-31,M,TN,C,1505308,2015-08-20,Novopokrovka,3000,tstartonbf@i2i.jp,+86-281-684-4943,412,,TN-81,TN,,,,,,,,,,,9.75,14.4,11.61,2018,employé,Très satisfait
413,nouri,Karima,Bilbays,2000-12-11,F,TN,P,1505309,2017-10-02,Buenavista,2010,kbolgerbg@opera.com,+20-660-920-0412,413,,TN-51,TN,,,,,,,,,,,8.93,14.44,11.13,2016,employé,Peu satisfait
414,rostem,karim,Zajecí,2000-09-17,M,TN,C,1505310,2016-12-11,Heilangkou,2200,lhordlebh@who.int,+420-470-460-2440,414,,TN-82,TN,,,,,,,,,,,14.56,13.65,14.2,2018,employé,Peu satisfait
415,ben aziza,faicel,Chekmagush,2000-01-01,M,TN,C,1505311,2017-01-27,Gaoyi,4000,oiacovazzibi@walmart.com,+7-962-751-4800,415,,TN-82,TN,,,,,,,,,,,12.66,12.82,12.72,2024,chômage,Peu satisfait
416,ben halima,Abbes,Babao,2000-12-11,M,TN,C,1505312,2016-03-28,Melíssia,2040,acobleybj@shareasale.com,+86-988-598-7660,416,,TN-43,TN,,,,,,,,,,,10.5,12.96,11.48,2020,employé,Très satisfait
417,roussi,Donia,Söderhamn,2002-05-28,F,TN,C,1505313,2017-08-19,Greystones,9000,dtrivettbk@newsvine.com,+46-346-839-2239,417,,TN-41,TN,,,,,,,,,,,15.1,12.63,14.11,2021,chômage,Satisfait
418,chaouchi,Hatem,Fantan,2001-08-22,M,TN,C,1505314,2016-11-14,Butembo,2013,hmiddlemistbl@ed.gov,+374-850-747-1838,418,,TN-83,TN,,,,,,,,,,,12.23,12.75,12.44,2017,chômage,Pas satisfait
419,arafet,Sarra,Safotulafai,2002-08-02,F,TN,P,1505315,2015-06-02,Liberta,2010,sodowdbm@reference.com,+685-563-510-2316,419,,TN-83,TN,,,,,,,,,,,14.36,13.9,14.18,2017,chômage,Satisfait
420,Andolsi,ridha,Oued Laou,2001-01-17,M,TN,P,1505316,2015-02-26,Waterbury,3000,lcockneybn@earthlink.net,+212-866-811-3958,420,,TN-95,TN,,,,,,,,,,,12.14,12.93,12.46,2024,employé,Satisfait
421,raissi,Jemila,Ban Ko Lan,2001-06-03,F,TN,P,1505317,2015-12-29,Qiqin,2200,jkernleybo@discovery.com,+66-660-236-3734,421,,TN-52,TN,,,,,,,,,,,16.12,15.02,15.68,2022,chômage,Peu satisfait
422,ben tara,Kamel,Cam Lâm,1999-02-08,M,TN,C,1505318,2015-06-11,Floresta,2200,keslerbp@github.io,+84-286-174-6121,422,,TN-94,TN,,,,,,,,,,,15.51,16.23,15.8,2019,employé,Satisfait
423,lengliz,malek,Nsukka,1997-03-31,M,TN,P,1505319,2015-02-27,Duy Xuyên,4000,cbaldenbq@icio.us,+234-276-813-0099,423,,TN-94,TN,,,,,,,,,,,11.5,13.13,12.15,2018,employé,Satisfait
424,hammouda,ramzi,Hekou,1999-12-19,M,TN,P,1505320,2016-05-16,Troitsk,4000,kvernonbr@nbcnews.com,+86-231-542-7431,424,,TN-51,TN,,,,,,,,,,,13.94,14.36,14.11,2021,employé,Satisfait
425,Daoued,Ele,Nezamyslice,2000-01-01,F,TN,P,1505321,2015-05-24,Sudimoro,2010,ekohlermanbs@walmart.com,+420-817-555-5348,425,,TN-12,TN,,,,,,,,,,,13.29,14.75,13.87,2021,employé,Peu satisfait
426,rostem,rabeb,Banjar Tiga,2000-11-03,F,TN,P,1505322,2015-02-10,Rožaje,4000,ppowellbt@hp.com,+62-819-922-1703,426,,TN-21,TN,,,,,,,,,,,14.74,14.71,14.73,2023,chômage,Très satisfait
427,zidi,Rache,Beisijiazi,1997-09-27,F,TN,C,1505323,2016-08-04,Wichit,2200,rkeymarbu@weebly.com,+86-778-768-0958,427,,,TN,,,,,,,,,,,10.07,14.11,11.69,2023,employé,Satisfait
428,zid,haithem,Cabouco,1998-11-19,M,TN,C,1505324,2015-05-23,Manzanillo,1000,gkillingworthbv@hud.gov,+351-648-942-0532,428,,TN-91,TN,,,,,,,,,,,13.37,15.11,14.07,2019,chômage,Satisfait
429,toumi,Amal,Villa Nueva,2001-03-29,F,TN,C,1505325,2017-06-04,Changning,1000,acreddonbw@is.gd,+54-678-714-6646,429,,TN-21,TN,,,,,,,,,,,14.12,14.72,14.36,2022,employé,Peu satisfait
430,touati,Rayen,Damatou,2002-01-13,M,TN,P,1505326,2015-05-31,Benzilan,1100,rburndredbx@godaddy.com,+86-588-622-0342,430,,TN-52,TN,,,,,,,,,,,8.48,12.14,9.94,2024,employé,Satisfait
431,tlili,Rostom,Kangping,2000-12-26,M,TN,P,1505327,2017-06-03,Bhopalwala,8000,rgeraghtyby@addtoany.com,+86-633-618-1525,431,,TN-61,TN,,,,,,,,,,,9.63,15.3,11.9,2015,en formation,Peu satisfait
432,sassi,Douja,Soavinandriana,2002-04-08,F,TN,C,1505328,2017-08-28,Kaduluhur,1000,ddwyerbz@theguardian.com,+261-443-936-8015,432,,TN-52,TN,,,,,,,,,,,7.92,15.33,10.88,2023,chômage,Peu satisfait
433,rouissi,bilel,Verkhniy Baskunchak,2000-01-01,M,TN,C,1505329,2015-05-29,Chimbas,3000,bshatfordc0@google.com,+7-131-847-0441,433,,TN-72,TN,,,,,,,,,,,11.46,12.86,12.02,2022,employé,Très satisfait
434,ben rjab,Lelia,Ntoroko,2001-03-10,F,TN,P,1505330,2017-11-15,Babakankadu,8000,lbenjafieldc1@canalblog.com,+256-827-879-3831,434,,TN-43,TN,,,,,,,,,,,13.44,14.06,13.69,2020,employé,Satisfait
435,ouerfelli,Fatma,Now Zad,1999-05-28,F,TN,C,1505331,2017-05-07,San Martín,2040,fernshawc2@unicef.org,+93-417-288-2308,435,,TN-41,TN,,,,,,,,,,,15.0,15.02,15.01,2017,employé,Très satisfait
436,moussa,Mahdi,Tuqiao,2002-03-06,M,TN,P,1505332,2016-11-19,Si Somdet,2010,mhorlockc3@domainmarket.com,+86-260-311-1726,436,,TN-61,TN,,,,,,,,,,,12.15,13.69,12.77,2017,employé,Très satisfait
437,Djellouli,mehrez,Vendas de Galizes,2001-01-07,M,TN,P,1505333,2015-11-15,Trélissac,4000,estrangc4@constantcontact.com,+351-495-557-5590,437,,TN-83,TN,,,,,,,,,,,15.26,15.61,15.4,2022,chômage,Satisfait
438,Ghazouani,Anissa,Petäjävesi,1998-07-15,F,TN,P,1505334,2015-02-28,Stegna,1000,atownsonc5@miibeian.gov.cn,+358-557-649-4584,438,,TN-99,TN,,,,,,,,,,,9.24,17.55,12.56,2019,chômage,Peu satisfait
439,Ennaifer,Ghalia,Ignacio Zaragoza,2001-12-29,F,TN,C,1505335,2016-02-19,Shah Alam,2010,gteresac6@prlog.org,+52-220-519-1914,439,,TN-72,TN,,,,,,,,,,,8.59,12.82,10.28,2024,employé,Peu satisfait
440,Fadhel,mayssa,Touba,1997-01-08,F,TN,C,1505336,2017-12-22,Panino,2013,adunrigec7@odnoklassniki.ru,+225-648-935-5233,440,,TN-81,TN,,,,,,,,,,,11.89,11.93,11.91,2021,en formation,Très satisfait
441,henia,joud,San Diego,1999-12-17,M,TN,C,1505337,2016-04-20,Komsomolsk,2013,jscholec8@g.co,+1-619-988-8879,441,,TN-83,TN,,,,,,,,,,,12.77,14.46,13.45,2019,employé,Très satisfait
442,Fellous,henni,Palmasola,2001-10-06,M,TN,C,1505338,2015-01-04,Xingdian,2013,tdesimonic9@nasa.gov,+58-514-541-6926,442,,TN-52,TN,,,,,,,,,,,11.93,15.08,13.19,2022,employé,Satisfait
443,Fitoussi,yaakoub,Kedungwringin,1901-01-12,M,TN,P,1505339,2017-12-14,Refojos,2013,jlangca@zdnet.com,+62-483-240-5290,443,,TN-43,TN,,,,,,,,,,,7.87,13.65,10.18,2024,employé,Satisfait
444,Gabsi,rostem,Klášter,2000-01-31,M,TN,C,1505340,2016-11-28,Iba,2010,rvonderemptencb@sourceforge.net,+420-286-554-9453,444,,TN-21,TN,,,,,,,,,,,11.82,16.18,13.56,2024,chômage,Très satisfait
445,Guiga,Baya,Wubao,2002-10-17,F,TN,C,1505341,2015-03-12,Gongji,1000,bearlycc@cnbc.com,+86-332-928-0102,445,,TN-31,TN,,,,,,,,,,,9.39,11.99,10.43,2018,employé,Peu satisfait
446,Hached,ridha,Pelasgía,1998-10-15,M,TN,P,1505342,2017-06-08,Caujul,8000,edurrantcd@nature.com,+30-118-929-8908,446,,TN-41,TN,,,,,,,,,,,13.34,15.04,14.02,2016,employé,Peu satisfait
447,Hadida,eya,Duut,2000-09-17,F,TN,P,1505343,2016-03-03,Malaga,2040,elillce@stumbleupon.com,+976-490-494-9173,447,,TN-21,TN,,,,,,,,,,,12.73,13.09,12.87,2017,employé,Satisfait
448,Halimi,Jamel,Pangpang,1999-05-19,M,TN,C,1505344,2016-09-02,Jiangbu,4000,jlanahancf@biblegateway.com,+63-789-638-1703,448,,TN-32,TN,,,,,,,,,,,10.12,16.58,12.7,2022,employé,Peu satisfait
449,Hamadi,Khaoula,Yangjingziwan,1998-02-19,F,TN,P,1505345,2016-08-25,Koszarawa,8000,ksissonscg@guardian.co.uk,+86-944-869-8901,449,,,TN,,,,,,,,,,,10.97,16.99,13.38,2021,chômage,Très satisfait
450,asly,Syrine,Suka Makmue,1998-03-08,F,TN,P,1505346,2015-10-09,Taisen-ri,4000,sgiacopazzich@1688.com,+62-642-452-8652,450,,TN-82,TN,,,,,,,,,,,9.88,12.85,11.07,2016,employé,Satisfait
451,Jaziri,mohssen,Podivín,1997-03-15,M,TN,C,1505347,2015-06-26,San Jose,8000,ebrewettci@seesaa.net,+420-443-705-8090,451,,TN-31,TN,,,,,,,,,,,11.87,13.18,12.39,2020,employé,Satisfait
452,Jebali,Jihen,Donghoufang,2000-01-01,F,TN,C,1505348,2017-04-12,Jinzhou,3000,jshepleycj@tripod.com,+86-262-601-5038,452,,TN-94,TN,,,,,,,,,,,13.91,15.29,14.46,2023,chômage,Très satisfait
453,Jemaa,Haroun,Chandler,2000-10-13,M,TN,P,1505349,2016-04-08,Bayan Uula Sumu,9000,hraymanck@washington.edu,+1-602-922-5430,453,,TN-92,TN,,,,,,,,,,,10.03,13.42,11.39,2018,en formation,Peu satisfait
454,Jouini,Hana,Núi Ð?i,2000-11-18,F,TN,P,1505350,2016-05-07,Genova,4000,hfenloncl@addtoany.com,+84-806-787-5977,454,,TN-42,TN,,,,,,,,,,,13.01,13.93,13.38,2023,en formation,Satisfait
455,Kacem,Samir,Yasenevo,1997-02-27,M,TN,P,1505351,2016-10-08,Bolorejo,2013,sgosenellcm@vinaora.com,+7-275-566-3060,455,,TN-71,TN,,,,,,,,,,,10.94,14.04,12.18,2016,employé,Satisfait
456,Karoui,Radhouan,Puerto Parra,2000-04-20,M,TN,P,1505352,2017-11-07,Beberon,2010,rgippcn@i2i.jp,+57-747-366-9911,456,,TN-12,TN,,,,,,,,,,,10.41,11.12,10.69,2016,employé,Très satisfait
457,Kateb,Maya,Jiazi,2001-08-09,F,TN,P,1505353,2016-08-28,El Crucero,9000,mmcgillacoellco@nytimes.com,+86-528-448-3627,457,,TN-42,TN,,,,,,,,,,,11.79,13.98,12.67,2023,employé,Très satisfait
458,Klibi,Alia,Bayt Ummar,1999-06-27,F,TN,C,1505354,2017-08-23,Tiniguiban,2040,adaverancp@unicef.org,+970-722-707-4853,458,,TN-71,TN,,,,,,,,,,,9.93,12.97,11.15,2021,employé,Très satisfait
459,Laroussi,Daousser,Bancal,1999-10-14,M,TN,P,1505355,2015-11-07,Taling,4000,diwanowiczcq@vk.com,+63-371-969-9772,459,,TN-21,TN,,,,,,,,,,,10.89,13.26,11.84,2021,en formation,Satisfait
460,Lasram,Emna,Rumilly,2000-01-01,F,TN,C,1505356,2015-02-02,Cibitung,3000,eeastopecr@harvard.edu,+33-819-259-3341,460,,TN-82,TN,,,,,,,,,,,9.6,16.17,12.23,2015,employé,Satisfait
461,Lelouch,Monia,Vallenar,2002-03-15,F,TN,P,1505357,2017-03-12,San Pablo,2040,mgiancs@sakura.ne.jp,+56-911-272-9321,461,,TN-72,TN,,,,,,,,,,,15.93,12.12,14.41,2020,employé,Très satisfait
462,Mahjoub,Faouzi,Era,1998-01-19,M,TN,P,1505358,2015-03-05,Tarut,3000,ffaughnyct@marketwatch.com,+62-902-888-7703,462,,TN-32,TN,,,,,,,,,,,12.07,15.22,13.33,2021,employé,Satisfait
463,Mahjoubi,Emna,Zhishan,2001-04-01,F,TN,C,1505359,2015-01-27,Porto Real,2040,edustingcu@cdbaby.com,+86-321-188-5966,463,,TN-94,TN,,,,,,,,,,,10.6,13.58,11.79,2020,employé,Satisfait
464,Mamou,raoudha,Sanxing,1999-09-23,F,TN,C,1505360,2015-09-01,Fengcheng,9000,cgulbergcv@go.com,+86-681-165-3837,464,,TN-93,TN,,,,,,,,,,,12.43,13.58,12.89,2020,chômage,Satisfait
465,Manaï,mondher,Al ‘Ashshah,1999-04-26,M,TN,P,1505361,2016-11-13,Jaciara,8000,nkenrickcw@comcast.net,+967-564-274-3693,465,,TN-94,TN,,,,,,,,,,,11.78,15.19,13.14,2016,employé,Satisfait
466,Marouani,shemma,Nagasaki-shi,2027-02-03,F,TN,P,1505362,2015-06-13,Pando,2200,ssantorecx@dagondesign.com,+81-276-274-1129,466,,TN-61,TN,,,,,,,,,,,11.56,14.51,12.74,2020,employé,Peu satisfait
467,Sneguria,Bechir,Kalangbret,1999-09-23,M,TN,P,1505363,2017-03-10,Guanzhuang,9000,bvankeevcy@github.com,+62-628-123-5858,467,,TN-43,TN,,,,,,,,,,,13.23,14.86,13.88,2018,employé,Satisfait
468,Marzouk,Faouzi,Rantaupanjang,1999-10-10,M,TN,P,1505364,2016-03-26,Ingenio La Esperanza,2013,fsmalcombecz@buzzfeed.com,+62-446-114-8269,468,,TN-81,TN,,,,,,,,,,,13.52,15.45,14.29,2023,employé,Satisfait
469,Marzouki,Entissar,Yerofey Pavlovich,1997-10-10,F,TN,C,1505365,2015-04-20,Kukës,9000,egirauxd0@about.me,+7-957-179-0871,469,,TN-72,TN,,,,,,,,,,,10.94,13.5,11.96,2015,employé,Très satisfait
470,Materi,amine,København,1999-05-06,M,TN,P,1505366,2017-03-29,Santo Amaro da Imperatriz,2010,lcarwithand1@alibaba.com,+45-241-873-4169,470,,TN-13,TN,,,,,,,,,,,10.85,13.08,11.74,2022,chômage,Très satisfait
471,Mbarek,Lina,Talawi,1997-10-14,F,TN,C,1505367,2017-10-01,Pentecoste,2200,lhallagand2@china.com.cn,+62-611-515-8710,471,,TN-43,TN,,,,,,,,,,,11.45,12.37,11.82,2019,employé,Très satisfait
472,Meddeb,Khaoula,Guachucal,2000-01-01,F,TN,P,1505368,2017-02-11,Constantia,3000,kbenerd3@networkadvertising.org,+57-729-184-1470,472,,TN-52,TN,,,,,,,,,,,7.4,12.76,9.54,2015,chômage,Satisfait
473,guidouz,hamma,Lille,2000-01-01,M,TN,P,1505369,2017-09-28,Gambang,1000,chuddyd4@google.es,+33-412-894-3673,473,,TN-31,TN,,,,,,,,,,,8.97,18.42,12.75,2018,en formation,Très satisfait
474,Melki,mohamed,Cijengkol,1999-04-23,M,TN,C,1505370,2015-10-19,Mauá,1100,tlegerwoodd5@omniture.com,+62-911-188-0983,474,,,TN,,,,,,,,,,,14.73,15.87,15.19,2015,en formation,Très satisfait
475,Memmi,Mariem,Prachuap Khiri Khan,1997-03-20,F,TN,P,1505371,2016-03-11,San Jacinto,8000,mnealandd6@fastcompany.com,+66-520-468-1080,475,,TN-11,TN,,,,,,,,,,,15.29,11.97,13.96,2020,en formation,Peu satisfait
476,Menchari,khmayes,Kungsör,2000-01-01,M,TN,P,1505372,2015-12-14,Tianzishan,2010,cmulherond7@soundcloud.com,+46-645-695-4772,476,,TN-21,TN,,,,,,,,,,,11.5,12.02,11.71,2016,employé,Très satisfait
477,Mestiri,Mayssa,Paltashaco,2000-01-01,F,TN,C,1505373,2015-03-19,Dagda,2010,mchumleyd8@wikia.com,+51-418-669-7211,477,,TN-92,TN,,,,,,,,,,,13.15,14.72,13.78,2019,employé,Très satisfait
478,Mzali,Ghalia,Tagdanua,2000-12-19,F,TN,P,1505374,2017-12-23,Krasni Okny,2040,gkelshawd9@bbb.org,+63-954-561-6835,478,,TN-31,TN,,,,,,,,,,,12.62,14.82,13.5,2021,employé,Très satisfait
479,Naccache,fatma,Stakhanov,2002-05-15,F,TN,C,1505375,2017-04-24,Karpogory,9000,pjennionsda@odnoklassniki.ru,+380-894-627-6330,479,,TN-82,TN,,,,,,,,,,,18.16,14.82,16.82,2016,chômage,Peu satisfait
480,Najar,yaakoub,Santa Maria Oliveira,2001-11-22,M,TN,P,1505376,2017-04-25,Gidole,3000,omennelldb@about.me,+351-224-940-9329,480,,TN-61,TN,,,,,,,,,,,14.24,13.62,13.99,2020,en formation,Très satisfait
481,Osman,chirine,Vónitsa,2002-11-19,F,TN,P,1505377,2017-01-31,Rust’avi,1000,cmorigandc@twitpic.com,+30-190-892-8103,481,,TN-21,TN,,,,,,,,,,,11.74,13.81,12.57,2020,chômage,Satisfait
482,Ouertani,Jamel,Changma,2002-08-25,M,TN,C,1505378,2017-06-04,Zangbi,8000,jdecastelaindd@globo.com,+86-312-623-4303,482,,TN-92,TN,,,,,,,,,,,10.09,14.49,11.85,2019,employé,Satisfait
483,Oueslati,Raoudha,Laç,2002-01-22,F,TN,P,1505379,2017-11-22,Anyang,2040,rdenkinde@moonfruit.com,+355-234-652-5629,483,,TN-99,TN,,,,,,,,,,,8.79,14.13,10.93,2019,en formation,Satisfait
484,Rabhi,rostem,Ovacik,2002-02-08,M,TN,C,1505380,2015-02-15,Vista Hermosa,2040,lridedf@gov.uk,+90-501-545-3528,484,,TN-81,TN,,,,,,,,,,,12.41,10.67,11.71,2017,employé,Satisfait
485,Sakka,Emna,Cherga,1998-05-15,F,TN,C,1505381,2017-11-24,La Roche-sur-Yon,9000,ebocdg@imageshack.us,+7-204-320-6412,485,,,TN,,,,,,,,,,,10.49,13.66,11.76,2024,employé,Peu satisfait
486,Riahi,kaouther,Badrah,2001-07-01,F,TN,P,1505382,2015-07-17,Hulín,2040,cchidgeydh@hp.com,+976-457-403-4274,486,,TN-91,TN,,,,,,,,,,,9.16,12.72,10.58,2024,employé,Très satisfait
487,Sabbegh,Aisha,Izyum,2000-01-01,F,TN,P,1505383,2015-10-19,Th? Tr?n Qu?,1000,ablankodi@amazon.com,+380-398-942-9665,487,,TN-93,TN,,,,,,,,,,,10.71,14.26,12.13,2016,employé,Très satisfait
488,Sellimi,Jamel,Tenno,2002-02-03,M,TN,C,1505384,2015-09-04,Río de Oro,3000,jcasswelldj@irs.gov,+81-910-106-5082,488,,TN-41,TN,,,,,,,,,,,9.84,18.48,13.3,2021,employé,Très satisfait
489,Sfar,Rim,Puerto Cumarebo,2001-03-15,F,TN,C,1505385,2015-05-25,Temaiku Village,4000,rmilnthorpedk@sogou.com,+58-621-569-0745,489,,TN-72,TN,,,,,,,,,,,15.37,14.55,15.04,2015,employé,Très satisfait
490,Sitruk,Melek,Nanfeng,1997-09-09,F,TN,C,1505386,2015-05-03,Irkutsk,2010,mraymentdl@cdc.gov,+86-550-422-3277,490,,TN-81,TN,,,,,,,,,,,13.76,13.53,13.67,2020,employé,Très satisfait
491,Slama,ridha,Omihachiman,1998-03-11,M,TN,P,1505387,2016-08-05,Qindu,3000,cwatermandm@whitehouse.gov,+81-442-572-1099,491,,TN-91,TN,,,,,,,,,,,11.98,15.38,13.34,2020,chômage,Très satisfait
492,Slim,Amira,Lévis,1999-10-01,F,TN,C,1505388,2017-01-30,Nagoselo do Douro,2200,avedishchevdn@devhub.com,+1-570-315-2864,492,,TN-32,TN,,,,,,,,,,,14.96,14.72,14.86,2017,chômage,Satisfait
493,Smaoui,mayssem,Mkiriwadjumoi,1999-01-08,F,TN,C,1505389,2016-02-28,Pérama,2040,mpavlovdo@hao123.com,+269-325-662-0402,493,,TN-51,TN,,,,,,,,,,,12.15,14.63,13.14,2016,chômage,Satisfait
494,Snoussi,Wahida,Buffalo,1998-01-24,F,TN,P,1505390,2015-05-17,Bilüü,2040,wambrodidp@comsenz.com,+1-716-259-8911,494,,TN-91,TN,,,,,,,,,,,10.28,14.91,12.13,2016,employé,Très satisfait
495,Taïeb,hamza,Shengao,1998-09-08,M,TN,P,1505391,2016-05-22,Sande São Martinho,9000,ulaurenzdq@usa.gov,+86-678-725-5000,495,,TN-12,TN,,,,,,,,,,,15.05,17.08,15.86,2023,chômage,Satisfait
496,Tlili,haithem,Shashemene,2001-10-05,M,TN,C,1505392,2017-08-09,Kwali,3000,bblundendr@springer.com,+251-483-444-3881,496,,TN-43,TN,,,,,,,,,,,13.08,12.3,12.77,2019,en formation,Très satisfait
497,Touati,Mariem,Yangkou,2001-02-02,F,TN,P,1505393,2015-02-22,Embalse,1100,mcrimminsds@bbb.org,+86-935-472-3209,497,,TN-81,TN,,,,,,,,,,,9.93,14.71,11.84,2021,employé,Très satisfait
498,Trabelsi,Melissa,Pyshchug,2000-08-12,F,TN,C,1505394,2017-02-21,Alae,1100,mricardsdt@admin.ch,+7-766-780-0480,498,,TN-71,TN,,,,,,,,,,,11.62,12.61,12.02,2019,employé,Satisfait
499,Triki,mohamed,Yimamu,1902-07-26,M,TN,C,1505395,2015-10-06,Charleston,3000,ssmittondu@webs.com,+86-823-210-4059,499,,TN-32,TN,,,,,,,,,,,10.25,14.83,12.08,2021,employé,Très satisfait
500,Yahya,ahmed,Lidecko,1999-09-28,M,TN,C,1505396,2015-04-21,Kuzhu,4000,amcdermottrowdv@springer.com,+420-465-346-1725,500,,TN-52,TN,,,,,,,,,,,9.23,12.62,10.59,2018,employé,Très satisfait
501,kammoun,fatma,Sumeng,1999-06-08,F,TN,P,1505397,2015-09-05,Sharan,9000,mbrughdw@vinaora.com,+86-130-918-4561,501,,TN-94,TN,,,,,,,,,,,13.85,13.37,13.66,2022,chômage,Satisfait
502,Zammit,Ezer,Mesto Libavá,2002-07-14,M,TN,C,1505398,2017-09-19,Heshan,1000,edowyerdx@bigcartel.com,+420-385-857-4152,502,,TN-52,TN,,,,,,,,,,,15.82,13.56,14.92,2024,chômage,Peu satisfait
503,Zaouche,Fawez,Páno Polemídia,2000-08-26,M,TN,C,1505399,2016-04-17,Ping’an,2200,fdaiddy@eventbrite.com,+357-763-920-9182,503,,TN-94,TN,,,,,,,,,,,9.2,15.46,11.7,2024,employé,Satisfait
504,Zarrouk,faiza,Mbumi,1998-10-13,F,TN,C,1505400,2016-11-14,Lipnica,1000,chaslendz@patch.com,+255-373-881-4181,504,,TN-43,TN,,,,,,,,,,,13.13,15.38,14.03,2021,chômage,Très satisfait
505,Zoghlami,Rania,Salamanca,1998-03-03,F,TN,C,1505401,2016-12-23,Filiatrá,9000,rmclemone0@4shared.com,+63-468-828-6706,505,,,TN,,,,,,,,,,,10.7,12.13,11.27,2024,chômage,Peu satisfait
506,Zribi,Tarek,Sremska Mitrovica,2000-01-01,M,TN,P,1505402,2015-06-10,Gaozhou,9000,theinekee1@examiner.com,+381-393-446-3918,506,,TN-93,TN,,,,,,,,,,,11.03,14.08,12.25,2019,en formation,Satisfait
507,baroumi,Shaima,Nanping,1997-11-22,F,TN,C,1505403,2017-07-07,Potolo,4000,sclewarthe2@berkeley.edu,+86-222-818-4467,507,,TN-99,TN,,,,,,,,,,,10.82,12.94,11.67,2020,employé,Satisfait
508,barhoumi,Fey,Monte-Carlo,2000-10-25,F,TN,C,1505404,2016-07-16,Karangsembung,2013,fshilstonee3@sogou.com,+377-849-158-0430,508,,TN-71,TN,,,,,,,,,,,10.27,12.11,11.01,2019,en formation,Peu satisfait
509,turkia,Baya,Stockholm,1997-04-20,F,TN,C,1505405,2016-07-01,Jasionów,2040,bgoodingse4@mediafire.com,+46-173-600-5789,509,,TN-31,TN,,,,,,,,,,,12.1,13.67,12.73,2021,employé,Satisfait
510,haj kassem,ahmed,Pámfylla,1997-03-15,M,TN,P,1505406,2017-11-28,Yerazgavors,2040,emcaleesee5@tamu.edu,+30-218-237-9228,510,,TN-99,TN,,,,,,,,,,,10.34,13.54,11.62,2016,employé,Très satisfait
511,kammoun,Rami,Katsuta,2002-10-28,M,TN,C,1505407,2017-01-07,Xuedian,3000,rpargettere6@themeforest.net,+81-717-399-6101,511,,TN-83,TN,,,,,,,,,,,12.54,17.64,14.58,2019,employé,Satisfait
512,frikha,Maya,Pyongyang,1997-05-08,F,TN,P,1505408,2016-12-16,Besisahar,1100,mpitteme7@chronoengine.com,+850-488-546-8540,512,,TN-94,TN,,,,,,,,,,,11.9,14.65,13.0,2024,employé,Satisfait
513,ben salah,Ghaith,Xuefu,1998-06-06,M,TN,C,1505409,2017-12-08,Casal do Relvas,2013,gkingsnode8@geocities.jp,+86-129-857-9233,513,,TN-12,TN,,,,,,,,,,,11.52,11.93,11.68,2017,chômage,Satisfait
514,ben aissa,Hamza,Takari,2000-01-01,M,TN,P,1505410,2015-03-17,Pinaring,8000,hbartuseke9@ed.gov,+62-541-591-5421,514,,TN-81,TN,,,,,,,,,,,10.18,13.15,11.37,2023,employé,Satisfait
515,farhati,Ferid,Rakek,1997-10-14,M,TN,C,1505411,2015-03-18,Storuman,2010,frippingea@census.gov,+386-984-858-2066,515,,TN-21,TN,,,,,,,,,,,10.85,15.53,12.72,2020,employé,Peu satisfait
516,ben taleb,fatma,Brämhult,1999-10-28,F,TN,C,1505412,2017-02-02,Bhimbar,4000,phulseeb@ibm.com,+46-805-803-9501,516,,TN-93,TN,,,,,,,,,,,13.51,17.13,14.96,2024,employé,Peu satisfait
517,touil,Alia,Capâo Bonito,1998-09-15,F,TN,P,1505413,2015-06-04,Al Bahluliyah,1000,akaradzasec@icio.us,+55-690-703-4620,517,,TN-31,TN,,,,,,,,,,,13.0,11.62,12.45,2017,chômage,Peu satisfait
518,Cherifa,Jelila,Daliciasao,1997-06-13,F,TN,C,1505414,2017-06-15,Yantian,2200,jarboined@surveymonkey.com,+63-791-599-3957,518,,TN-51,TN,,,,,,,,,,,10.04,11.18,10.5,2021,employé,Peu satisfait
519,ferah,Zoulaikha,Galugah,1997-11-06,F,TN,C,1505415,2017-05-31,Vertientes,1100,zmurisonee@google.com.au,+98-998-229-5292,519,,TN-61,TN,,,,,,,,,,,12.2,16.81,14.04,2018,chômage,Peu satisfait
520,ghachem,Alia,Colcabamba,2001-01-14,F,TN,C,1505416,2017-06-17,Xinwo,4000,agreswellef@canalblog.com,+51-210-575-0511,520,,TN-81,TN,,,,,,,,,,,13.5,14.58,13.93,2017,employé,Très satisfait
521,ghanem,Monia,Saharna,2000-01-16,F,TN,C,1505417,2017-09-09,Kireyevsk,3000,mberniereg@creativecommons.org,+373-115-980-0994,521,,TN-83,TN,,,,,,,,,,,8.66,12.7,10.28,2022,employé,Très satisfait
522,legha,Bassem,Vol’sk,2000-05-10,M,TN,C,1505418,2015-11-12,Siemianowice Slaskie,2040,btraseeh@cargocollective.com,+7-738-797-1136,522,,TN-91,TN,,,,,,,,,,,13.09,14.8,13.77,2018,employé,Satisfait
523,ayari,Hamza,Congonhas,1998-10-17,M,TN,C,1505419,2017-11-15,Wan’an,1100,hjeynesei@umn.edu,+55-984-333-3087,523,,TN-51,TN,,,,,,,,,,,10.67,10.05,10.42,2015,employé,Peu satisfait
524,bousselem,Baha,Atipuluhan,1998-12-13,M,TN,P,1505420,2015-02-07,Sara Kunda,2013,bthreadgoldej@vkontakte.ru,+63-356-777-2037,524,,TN-81,TN,,,,,,,,,,,13.14,14.01,13.49,2020,employé,Satisfait
525,akrout,Mounir,Quinta da Queimada,1997-07-02,M,TN,C,1505421,2017-01-31,Nasirabad,8000,mnormanvilleek@gravatar.com,+351-772-464-4462,525,,TN-11,TN,,,,,,,,,,,10.47,14.49,12.08,2024,employé,Satisfait
526,akkari,Ghalia,San Bernardino,2001-09-04,F,TN,C,1505422,2015-09-22,Tomice,9000,gmapesel@quantcast.com,+502-845-758-7186,526,,TN-83,TN,,,,,,,,,,,8.39,15.39,11.19,2015,en formation,Très satisfait
527,debbiche,Ele,Ozarów,2000-08-13,F,TN,C,1505423,2016-10-24,Lamak,2010,eyashaevem@scribd.com,+48-489-495-4095,527,,TN-91,TN,,,,,,,,,,,8.74,12.48,10.24,2019,chômage,Très satisfait
528,soltane,Yassine,Cikondang,1999-12-11,M,TN,P,1505424,2016-05-24,Górki Wielkie,3000,ysutliffen@indiatimes.com,+62-901-601-6141,528,,TN-72,TN,,,,,,,,,,,12.1,14.13,12.91,2021,employé,Satisfait
529,korbi,Hamza,Morani,1999-06-21,M,TN,C,1505425,2016-11-18,La Romana,2013,hmacleodeo@google.pl,+389-342-598-7701,529,,TN-94,TN,,,,,,,,,,,12.52,12.61,12.56,2020,employé,Très satisfait
530,dhaouadi,Chaima,Pavlysh,1998-03-26,F,TN,C,1505426,2015-06-13,Piru,2040,crougierep@delicious.com,+380-460-142-6744,530,,TN-93,TN,,,,,,,,,,,10.19,14.38,11.87,2016,chômage,Très satisfait
531,chaouachi,lina,Gapluk,2000-01-07,F,TN,P,1505427,2017-07-12,Rzyki,2013,gsimmgeneq@cmu.edu,+62-391-231-2454,531,,,TN,,,,,,,,,,,13.28,12.66,13.03,2018,employé,Très satisfait
532,gharbi,raoudha,Krajan,1997-01-11,F,TN,P,1505428,2016-12-28,Banyuurip,2040,osiddaleyer@e-recht24.de,+62-133-415-3936,532,,TN-32,TN,,,,,,,,,,,8.68,13.39,10.56,2016,employé,Très satisfait
533,ghachem,Omnia,Kondinskoye,1998-08-13,F,TN,C,1505429,2015-09-16,Jingmen,8000,ourryes@statcounter.com,+7-535-679-1040,533,,TN-32,TN,,,,,,,,,,,11.87,12.51,12.13,2015,chômage,Satisfait
534,aouay,Khaled,Shinpokh,1997-01-18,M,TN,C,1505430,2017-11-08,Rincón,1000,kbussonset@rediff.com,+92-941-208-4353,534,,TN-61,TN,,,,,,,,,,,9.58,14.98,11.74,2017,chômage,Très satisfait
535,hajji,Khalil,Besançon,2002-04-03,M,TN,P,1505431,2016-04-15,Piet Retief,4000,kbatteneu@canalblog.com,+33-779-682-4515,535,,TN-12,TN,,,,,,,,,,,10.7,15.29,12.54,2017,employé,Satisfait
536,gzara,anas,Pare,1998-09-05,M,TN,C,1505432,2016-05-31,Xuling,4000,pruthenev@vistaprint.com,+62-293-431-3327,536,,TN-81,TN,,,,,,,,,,,12.09,13.65,12.71,2021,employé,Très satisfait
537,karaborni,Dana,Tunjuk Selatan,2000-12-11,F,TN,C,1505433,2015-02-21,Funan Chengguanzhen,1100,dduligalew@uiuc.edu,+62-311-955-1986,537,,TN-83,TN,,,,,,,,,,,10.28,14.06,11.79,2015,employé,Peu satisfait
538,alaya,Darci,Pingdi,1999-08-03,F,TN,C,1505434,2016-08-09,Satte,2013,dteresiaex@icio.us,+86-983-143-0544,538,,TN-51,TN,,,,,,,,,,,11.23,11.83,11.47,2023,chômage,Très satisfait
539,abbassi,Haifa,Paris 15,1998-12-13,F,TN,P,1505435,2015-09-19,Zubtsov,2200,hstruysey@huffingtonpost.com,+33-920-296-3023,539,,TN-91,TN,,,,,,,,,,,14.01,13.55,13.83,2020,employé,Satisfait
540,abdou,seif,Duowa,2000-01-01,M,TN,P,1505436,2017-09-26,Huoshaoping,4000,helacoateez@simplemachines.org,+86-939-958-3275,540,,TN-92,TN,,,,,,,,,,,10.85,13.92,12.08,2018,employé,Satisfait
541,abbes,Mariem,Izlake,2002-04-26,F,TN,C,1505437,2016-05-24,Dolní Becva,9000,mprosserf0@baidu.com,+386-229-997-8596,541,,TN-81,TN,,,,,,,,,,,13.67,17.93,15.37,2017,employé,Très satisfait
542,abidi,karima,Putina,2001-01-27,F,TN,C,1505438,2017-11-18,Orhei,3000,qbaileyf1@cloudflare.com,+51-541-871-2431,542,,TN-72,TN,,,,,,,,,,,9.74,12.33,10.78,2017,employé,Peu satisfait
543,agerbi,Ahmed,Huangtang,2001-03-11,M,TN,C,1505439,2015-10-16,Kiikala,9000,aloneyf2@sbwire.com,+86-233-587-0404,543,,TN-13,TN,,,,,,,,,,,13.06,16.2,14.32,2016,en formation,Satisfait
544,aissa,Ghalia,Guojiazhuang,2000-01-01,F,TN,C,1505440,2016-08-03,Ganjiang,3000,gdhenninf3@goodreads.com,+86-442-771-7312,544,,TN-12,TN,,,,,,,,,,,14.88,15.5,15.13,2016,chômage,Satisfait
545,aissaoui,Skander,Bayt Yashut,2001-05-20,M,TN,P,1505441,2017-04-25,Belz,2200,sklaessenf4@theglobeandmail.com,+963-921-563-5479,545,,TN-42,TN,,,,,,,,,,,07.06,14.42,10.0,2024,chômage,Très satisfait
546,arafet,Fedia,Nahrin,1998-09-28,F,TN,C,1505442,2016-11-15,Bayaguana,3000,fkirmondf5@aboutads.info,+93-437-559-1557,546,,TN-93,TN,,,,,,,,,,,10.41,16.64,12.9,2019,employé,Peu satisfait
547,allani,Lotfi,Ciakar,1999-01-04,M,TN,P,1505443,2017-10-14,San Rafael,4000,llornef6@telegraph.co.uk,+62-646-128-4348,547,,TN-43,TN,,,,,,,,,,,13.15,14.56,13.71,2023,employé,Peu satisfait
548,ammar,Saoussen,Helmsange,2002-11-09,F,TN,C,1505444,2015-02-15,Brest,3000,swathanf7@prnewswire.com,+352-388-495-0887,548,,TN-99,TN,,,,,,,,,,,11.59,14.58,12.79,2016,employé,Très satisfait
549,amor,Bahri,Youngstown,1998-02-08,M,TN,P,1505445,2017-06-19,Nalbandyan,1000,bhavenhandf8@stumbleupon.com,+1-330-515-0648,549,,TN-81,TN,,,,,,,,,,,12.74,13.92,13.21,2016,employé,Très satisfait
550,amri,Alia,Dededo Village,1998-01-07,F,TN,P,1505446,2015-02-14,Ust’-Donetskiy,8000,aspicerf9@smh.com.au,+1-342-841-1729,550,,TN-51,TN,,,,,,,,,,,10.79,15.84,12.81,2020,en formation,Peu satisfait
551,arfaoui,Amina,Bobowa,1998-11-06,F,TN,P,1505447,2017-02-13,Cortiçóis,2040,amacveighfa@over-blog.com,+48-234-431-1720,551,,TN-94,TN,,,,,,,,,,,12.17,15.64,13.56,2024,employé,Satisfait
552,argoubi,Hedi,Nueva Requena,1999-08-29,M,TN,C,1505448,2016-05-06,Baton Rouge,1100,hmckellochfb@icio.us,+51-471-971-5086,552,,TN-91,TN,,,,,,,,,,,11.69,13.06,12.24,2016,employé,Peu satisfait
553,attia,Kamel,Virden,1998-04-02,M,TN,C,1505449,2016-03-19,Kosonsoy,8000,kabdyfc@cloudflare.com,+1-470-459-1534,553,,TN-43,TN,,,,,,,,,,,14.34,12.02,13.41,2018,employé,Satisfait
554,ayadi,ezer,Terra Chã,2002-06-02,M,TN,P,1505450,2015-07-12,Lens,2040,egoldsberryfd@amazon.com,+351-990-979-6062,554,,TN-83,TN,,,,,,,,,,,12.51,13.7,12.99,2020,chômage,Satisfait
555,ayari,Racha,Sertânia,1997-07-04,F,TN,P,1505451,2015-12-25,Nueva Esperanza,1000,rdurramfe@bloglovin.com,+55-351-416-9170,555,,TN-32,TN,,,,,,,,,,,12.68,12.8,12.73,2019,employé,Très satisfait
556,sbai,mariem,Shalya,1997-01-15,F,TN,P,1505452,2017-07-30,Altkirch,2200,mchurchesff@vkontakte.ru,+7-326-140-8958,556,,TN-13,TN,,,,,,,,,,,11.18,13.9,12.27,2015,employé,Très satisfait
557,ayed,Baya,Thorold,2002-06-25,F,TN,P,1505453,2017-01-14,Novovladykino,2040,bsheronfg@spiegel.de,+1-306-414-2957,557,,TN-99,TN,,,,,,,,,,,11.02,15.86,12.96,2020,employé,Satisfait
558,Sahbi,asma,Oslo,1997-07-01,F,TN,P,1505454,2015-04-27,Thành Ph? L?ng Son,9000,eginnerfh@unc.edu,+47-637-303-9176,558,,TN-83,TN,,,,,,,,,,,11.13,13.31,12.0,2015,chômage,Pas satisfait
559,ghanem,Foued,Shiyu,1997-02-16,M,TN,C,1505455,2016-12-17,Jawl al Majma‘,2010,fbernfi@canalblog.com,+86-271-160-2144,559,,TN-41,TN,,,,,,,,,,,12.79,13.94,13.25,2017,employé,Très satisfait
560,Nelli,wiem,Karaundi,2001-01-30,F,TN,C,1505456,2016-06-06,Timon,8000,rwigfieldfj@ebay.com,+92-451-541-1070,560,,TN-94,TN,,,,,,,,,,,11.16,14.09,12.33,2024,en formation,Satisfait
561,Salem,Daousser,Guankou,2001-08-01,M,TN,C,1505457,2017-08-22,Qingshu,1100,dgeraldezfk@usnews.com,+86-362-435-0588,561,,TN-43,TN,,,,,,,,,,,12.58,15.27,13.66,2019,chômage,Satisfait
562,ben tara,Ele,Karuri,1997-05-07,F,TN,P,1505458,2017-04-02,Urek-urek,2013,emactrusteyfl@disqus.com,+254-144-721-0035,562,,TN-41,TN,,,,,,,,,,,16.15,10.63,13.94,2024,employé,Satisfait
563,basli,Melek,Shidu,2002-11-15,M,TN,P,1505459,2015-12-04,Allen,2010,mstledgerfm@oaic.gov.au,+86-600-891-9572,563,,TN-11,TN,,,,,,,,,,,13.74,13.09,13.48,2019,chômage,Peu satisfait
564,Tobboubi,Khadija,Sjöbo,1998-08-22,F,TN,C,1505460,2017-09-22,Redondos,3000,krickerdfn@gov.uk,+46-644-658-0477,564,,TN-13,TN,,,,,,,,,,,11.35,14.32,12.54,2024,employé,Peu satisfait
565,basti,Alia,Thulamahashi,2000-01-01,F,TN,C,1505461,2015-05-03,Bangui,1100,arawlsfo@chicagotribune.com,+27-797-485-1123,565,,TN-99,TN,,,,,,,,,,,14.4,15.8,14.96,2020,en formation,Très satisfait
566,beji,Nesrine,Grodzisk Mazowiecki,2002-05-08,F,TN,C,1505462,2016-08-28,Vänersborg,1100,ncornishfp@sphinn.com,+48-191-807-7669,566,,TN-31,TN,,,,,,,,,,,11.18,13.26,12.01,2024,employé,Pas satisfait
567,belhaj,Kamilia,Dziegielów,1998-12-03,F,TN,P,1505463,2015-11-05,Petrodvorets,4000,kgabeyfq@dmoz.org,+48-654-204-8537,567,,TN-72,TN,,,,,,,,,,,7.92,11.19,9.23,2022,employé,Peu satisfait
568,Naffeti,Lara,Ceerigaabo,1999-10-20,F,TN,C,1505464,2015-08-01,Kardzhin,3000,ldecroixfr@wix.com,+252-473-914-0809,568,,TN-42,TN,,,,,,,,,,,9.98,14.93,11.96,2019,employé,Peu satisfait
569,belhaj,Sami,Van Nuys,2000-01-01,M,TN,P,1505465,2016-12-06,Kelowna,8000,sburlingfs@vkontakte.ru,+1-213-472-9487,569,,TN-13,TN,,,,,,,,,,,8.26,13.05,10.18,2015,employé,Satisfait
570,bouhaouel,karim,Lop,1997-08-11,M,TN,C,1505466,2015-10-16,Vale Mourão,4000,chaggerstonft@ihg.com,+86-827-259-6558,570,,TN-99,TN,,,,,,,,,,,11.3,12.22,11.67,2019,en formation,Peu satisfait
571,ben abdalah,Temer,Polloc,1997-10-09,M,TN,P,1505467,2016-10-21,Kiukasen,1000,torneblowfu@dion.ne.jp,+63-896-765-9460,571,,TN-94,TN,,,,,,,,,,,12.04,13.06,12.45,2017,employé,Très satisfait
572,ben moussa,Ghalia,Gentilly,1998-07-21,F,TN,P,1505468,2016-08-15,San Juan Atitán,1000,gmulkerrinsfv@dot.gov,+33-692-871-4356,572,,TN-82,TN,,,,,,,,,,,15.35,13.72,14.7,2018,chômage,Très satisfait
573,ben amara,Ahmed,Yamparáez,2000-10-31,M,TN,P,1505469,2016-06-21,Taquile,2040,atilerfw@gmpg.org,+591-734-805-9092,573,,TN-83,TN,,,,,,,,,,,12.65,13.09,12.83,2022,employé,Peu satisfait
574,ben amara,Daoud,Paris 07,2002-10-24,M,TN,C,1505470,2016-12-29,Pecka,2013,dshipwayfx@gmpg.org,+33-342-915-2011,574,,TN-61,TN,,,,,,,,,,,11.56,10.69,11.21,2021,en formation,Très satisfait
575,ben aziza,hatem,Rio Claro,1997-11-03,M,TN,C,1505471,2015-06-19,Kamenka,1100,ccraigiefy@ucoz.ru,+1-728-621-7051,575,,TN-82,TN,,,,,,,,,,,13.66,15.35,14.34,2019,employé,Très satisfait
576,aziza,Jinen,Chixi,1997-09-19,F,TN,C,1505472,2017-03-29,Marmashen,9000,jcursonsfz@jiathis.com,+86-284-298-9345,576,,TN-71,TN,,,,,,,,,,,7.58,15.91,10.91,2016,employé,Peu satisfait
577,chaaben,Kemla,Wonju,2000-05-30,F,TN,P,1505473,2016-07-10,Keta,2040,kcattellg0@discuz.net,+82-643-709-7995,577,,TN-81,TN,,,,,,,,,,,12.47,14.98,13.47,2020,employé,Peu satisfait
578,Ericha,rim,Krasnyy Luch,1998-05-16,F,TN,C,1505474,2016-05-05,Ranua,2010,jpimmg1@cbsnews.com,+380-733-964-8635,578,,TN-11,TN,,,,,,,,,,,13.54,12.29,13.04,2020,chômage,Très satisfait
579,Jaber,Hedi,Benito Juarez,2000-01-01,M,TN,P,1505475,2015-09-15,Klana,3000,hbernotg2@google.cn,+52-888-214-6690,579,,TN-11,TN,,,,,,,,,,,09.04,13.7,10.9,2024,employé,Peu satisfait
580,ben amor,soumaya,Rochester,1999-02-16,F,TN,P,1505476,2016-12-04,Cibungur,1000,ggittoesg3@upenn.edu,+1-315-127-3867,580,,TN-31,TN,,,,,,,,,,,14.29,13.99,14.17,2024,employé,Satisfait
581,chikhi,Raouf,Qingdao,2002-10-28,M,TN,C,1505477,2017-09-19,?uwwarah,2200,rdanieloug4@yahoo.com,+86-830-557-9990,581,,TN-99,TN,,,,,,,,,,,12.68,14.9,13.57,2020,employé,Satisfait
582,Slim,Chedi,Selínia,1998-09-02,M,TN,C,1505478,2015-12-07,Berlin,9000,cblackbroughg5@goodreads.com,+30-154-659-6891,582,,TN-99,TN,,,,,,,,,,,11.17,15.0,12.7,2023,chômage,Peu satisfait
583,ben ncira,Sandra,Najiaying,2001-02-14,F,TN,C,1505479,2016-02-14,Longshi,9000,smacenteeg6@ed.gov,+86-625-989-1713,583,,TN-71,TN,,,,,,,,,,,13.27,12.9,13.12,2022,employé,Satisfait
584,bou setta,alia,Araouane,1999-01-19,F,TN,C,1505480,2015-04-13,Agraharam,8000,atethacotg7@sohu.com,+223-210-838-7976,584,,TN-71,TN,,,,,,,,,,,16.54,14.12,15.57,2022,employé,Très satisfait
585,boumiza,ons,Bang Mun Nak,1997-01-08,F,TN,C,1505481,2016-08-19,Mayang,2200,cfeedomeg8@geocities.jp,+66-590-281-2038,585,,,TN,,,,,,,,,,,12.36,14.69,13.29,2015,employé,Très satisfait
586,romdhani,Daousser,Butel,2000-10-20,M,TN,C,1505482,2017-02-02,Dologon,1000,dstrikerg9@ifeng.com,+389-186-483-3337,586,,TN-82,TN,,,,,,,,,,,12.5,16.18,13.97,2019,chômage,Satisfait
587,amara,Naim,Tibakisa,2000-12-30,M,TN,C,1505483,2016-03-31,Nuevitas,3000,nludyga@addtoany.com,+62-689-378-5788,587,,TN-21,TN,,,,,,,,,,,11.08,15.06,12.67,2021,en formation,Satisfait
588,ben chaaben,Ons,Kalangbret,2000-08-08,F,TN,C,1505484,2015-06-04,Chenguang,3000,ohaestiergb@gnu.org,+62-825-628-9467,588,,TN-52,TN,,,,,,,,,,,10.3,15.18,12.25,2020,employé,Peu satisfait
589,bouabid,Baya,Breclav,2000-01-01,F,TN,P,1505485,2017-05-28,El Paraíso,2200,bboonegc@hugedomains.com,+420-943-125-1487,589,,TN-72,TN,,,,,,,,,,,13.66,14.13,13.85,2019,employé,Peu satisfait
590,ben ncira,insaf,Kalapadua,2000-05-30,F,TN,P,1505486,2015-02-09,Santa,4000,bszantogd@ask.com,+62-750-136-1044,590,,TN-82,TN,,,,,,,,,,,10.29,16.12,12.62,2022,employé,Satisfait
591,romdhan,Baya,Dongping,1998-07-17,F,TN,P,1505487,2015-05-27,Zheleznodorozhnyy,8000,blordenge@cdc.gov,+86-176-181-5060,591,,TN-32,TN,,,,,,,,,,,12.14,14.61,13.13,2017,employé,Peu satisfait
592,smidi,Ghalia,Usagara,2000-05-08,F,TN,P,1505488,2016-01-01,Talok,3000,gbrittaingf@tinyurl.com,+255-415-106-3386,592,,TN-42,TN,,,,,,,,,,,11.04,12.71,11.71,2020,employé,Très satisfait
593,bouselsla,Maha,Lae,2002-10-13,F,TN,C,1505489,2017-11-24,Ja Ela,2040,mpittgg@stanford.edu,+675-172-190-5694,593,,TN-99,TN,,,,,,,,,,,12.96,16.11,14.22,2019,chômage,Très satisfait
594,ben smida,Tamer,Gaoqiao,1999-02-18,M,TN,C,1505490,2016-03-28,‘Amran,2010,treinertgh@bizjournals.com,+86-918-146-2001,594,,TN-41,TN,,,,,,,,,,,12.67,15.05,13.62,2022,employé,Peu satisfait
595,ben romdhane,Ghassen,Rydultowy,2001-04-10,M,TN,P,1505491,2015-12-09,Gaoqiao,1000,gcurrgi@hhs.gov,+48-786-907-4242,595,,TN-42,TN,,,,,,,,,,,14.08,13.34,13.78,2018,en formation,Très satisfait
596,ahmed,houda,Habingkloang,2021-09-20,F,TN,C,1505492,2015-05-28,Bous,2040,gtodgj@senate.gov,+62-810-566-2710,596,,TN-31,TN,,,,,,,,,,,10.98,13.28,11.9,2022,employé,Très satisfait
597,bouzid,farid,Caibarién,1997-04-17,M,TN,C,1505493,2015-11-16,Timoulilt,1100,pbagniukgk@tinypic.com,+53-587-723-2305,597,,TN-83,TN,,,,,,,,,,,11.46,14.44,12.65,2024,chômage,Satisfait
598,chaari,Taher,Wonda,2000-05-30,M,TN,P,1505494,2015-02-24,Huancapallac,2013,tcroxleygl@apache.org,+62-491-315-0013,598,,TN-32,TN,,,,,,,,,,,10.04,14.69,11.9,2016,employé,Satisfait
599,bouhdid,Lilia,Kolkhozobod,1999-11-22,F,TN,P,1505495,2015-11-16,Alabug,1100,lrawsengm@etsy.com,+992-655-358-0338,599,,TN-52,TN,,,,,,,,,,,11.11,14.3,12.39,2023,employé,Peu satisfait
600,bouzidi,youssef,Sulangan,2001-05-31,M,TN,P,1505496,2016-08-04,Šabac,1000,jinglisgn@wikispaces.com,+63-755-383-6523,600,,TN-32,TN,,,,,,,,,,,12.75,14.47,13.44,2023,employé,Très satisfait
601,chebbi,Celima,Dijon,2000-01-01,F,TN,P,1505497,2016-09-18,Draguignan,4000,cpreskettgo@ed.gov,+33-115-337-7436,601,,TN-52,TN,,,,,,,,,,,13.51,16.55,14.73,2024,employé,Très satisfait
602,Ammar,Jana,Capandanan,1999-09-20,F,TN,C,1505498,2015-04-10,Rokytne,2013,jpashgp@google.co.uk,+63-231-452-5637,602,,TN-99,TN,,,,,,,,,,,10.16,15.61,12.34,2024,employé,Très satisfait
603,Briki,tarek,Colonia Mauricio José Troche,1999-09-30,M,TN,C,1505499,2016-06-07,Tanjiaqiao,2010,tfuzzardgq@stanford.edu,+595-847-216-6177,603,,,TN,,,,,,,,,,,13.74,14.29,13.96,2020,chômage,Satisfait
604,charfi,Sarra,Landázuri,2002-09-21,F,TN,C,1505500,2017-04-30,Hezuoqiao,8000,srobertuccigr@economist.com,+57-857-218-4438,604,,TN-72,TN,,,,,,,,,,,14.71,15.41,14.99,2018,en formation,Très satisfait
605,chaouchi,sarra,Liuzikou,1998-10-04,F,TN,P,1505501,2016-10-30,Valdice,2013,ileylandgs@acquirethisname.com,+86-482-497-8086,605,,TN-94,TN,,,,,,,,,,,12.83,12.45,12.68,2018,employé,Satisfait
606,Rostem,Kerim,Yuhuangding,2002-03-22,M,TN,C,1505502,2017-02-09,Boskovice,2013,klevingtongt@amazon.com,+86-566-540-1360,606,,TN-94,TN,,,,,,,,,,,15.75,14.6,15.29,2020,employé,Peu satisfait
607,Nouri,Kamilia,Taoyuan,2002-03-24,F,TN,P,1505503,2017-08-27,Qingshui,2200,kredheadgu@buzzfeed.com,+86-206-743-3482,607,,TN-43,TN,,,,,,,,,,,10.45,16.71,12.95,2019,employé,Peu satisfait
608,chaouchi,fadoua,Rechitsy,1997-03-27,F,TN,C,1505504,2017-07-23,Krasnyy Yar,1000,pvaggersgv@merriam-webster.com,+7-751-715-7199,608,,TN-95,TN,,,,,,,,,,,9.51,13.67,11.17,2020,employé,Très satisfait
609,djobbi,Amal,Kotido,2022-03-04,F,TN,C,1505505,2016-04-21,Amsterdam Nieuw West,2010,ahuychegw@msn.com,+256-450-205-1151,609,,TN-21,TN,,,,,,,,,,,8.44,12.73,10.16,2021,employé,Satisfait
610,fridi,eya,Fuhai,1999-04-23,F,TN,C,1505506,2016-01-02,Chwaszczyno,8000,astearndalegx@weather.com,+86-396-965-8756,610,,TN-32,TN,,,,,,,,,,,14.99,13.02,14.2,2021,chômage,Satisfait
611,el ghoul,isra,Tungelsta,1999-10-17,F,TN,C,1505507,2017-11-28,Jinggan,2013,rskelliongy@dropbox.com,+46-991-943-8265,611,,TN-51,TN,,,,,,,,,,,13.31,12.37,12.93,2023,en formation,Peu satisfait
612,hakimi,Khalil,Thouars,1998-02-15,M,TN,P,1505508,2017-09-04,Rangpur,9000,kpoachergz@tamu.edu,+33-781-945-8495,612,,TN-52,TN,,,,,,,,,,,11.89,12.82,12.26,2022,en formation,Pas satisfait
613,dziri,Baya,Miribanteng,2000-03-01,F,TN,C,1505509,2015-04-14,Gorbatov,1000,bbielfelth0@ask.com,+62-135-481-5133,613,,TN-51,TN,,,,,,,,,,,12.56,13.44,12.91,2020,employé,Très satisfait
614,hammami,Donia,Aniva,1998-10-06,F,TN,C,1505510,2015-05-12,Limoges,2010,dklaush1@vimeo.com,+7-715-572-3373,614,,TN-72,TN,,,,,,,,,,,9.75,11.89,10.61,2020,chômage,Satisfait
615,gharsallah,Naim,Shamanka,1999-03-13,M,TN,P,1505511,2016-07-30,Sapiranga,4000,ncoenraetsh2@aboutads.info,+7-186-930-1989,615,,TN-12,TN,,,,,,,,,,,16.89,14.02,15.74,2019,chômage,Très satisfait
616,Tanzani,Amina,Shangyi,1998-10-17,F,TN,C,1505512,2016-07-26,Xiaosong,4000,adietscheh3@shareasale.com,+86-170-421-9544,616,,TN-95,TN,,,,,,,,,,,12.26,15.35,13.5,2015,employé,Très satisfait
617,ben ghorbel,Ahmed,Yujiao,2002-03-19,M,TN,P,1505513,2015-12-24,Xarrë,3000,arossinh4@engadget.com,+86-617-441-2091,617,,TN-81,TN,,,,,,,,,,,12.22,12.64,12.39,2023,employé,Très satisfait
618,guesmi,ghaith,Paccho,1997-02-18,M,TN,P,1505514,2017-04-06,Lap Lae,1000,gcurrieh5@tinyurl.com,+51-614-258-9752,618,,TN-71,TN,,,,,,,,,,,13.45,16.28,14.58,2023,chômage,Satisfait
619,hajri,habiba,Vyazniki,1998-09-02,F,TN,P,1505515,2015-06-14,Alarobia,2013,rbazogeh6@sohu.com,+7-190-504-6619,619,,TN-83,TN,,,,,,,,,,,12.96,14.77,13.68,2023,employé,Satisfait
620,chaouch,karim,Kirovs’k,2000-01-01,M,TN,C,1505516,2017-04-20,Nowosielce-Gniewosz,1100,csidwickh7@google.nl,+380-712-574-2081,620,,TN-12,TN,,,,,,,,,,,12.45,15.55,13.69,2022,employé,Très satisfait
621,houri,Khalil,Itamaraju,1997-03-25,M,TN,C,1505517,2017-12-14,Wodzislaw Slaski,1000,khouseleyh8@ftc.gov,+55-231-334-4351,621,,TN-51,TN,,,,,,,,,,,10.42,13.01,11.46,2024,employé,Satisfait
622,hammouda,Maya,Hino,1999-06-09,F,TN,P,1505518,2017-02-19,Limeil-Brévannes,2200,mfoulish9@answers.com,+81-626-300-1040,622,,TN-31,TN,,,,,,,,,,,12.94,15.28,13.88,2017,employé,Très satisfait
623,hattab,faissel,Pende,1998-10-27,M,TN,C,1505519,2017-02-26,Ngulahan,1000,vmuddicliffeha@shinystat.com,+62-791-208-1663,623,,TN-82,TN,,,,,,,,,,,15.76,12.36,14.4,2015,employé,Satisfait
624,hlel,Myriam,Liuhe,2002-09-10,F,TN,C,1505520,2017-08-03,Koatas Lao,2200,mandrickhb@oracle.com,+86-753-878-1622,624,,TN-72,TN,,,,,,,,,,,14.69,15.34,14.95,2022,en formation,Très satisfait
625,jassem,amin,Sidomukti,2000-11-21,M,TN,C,1505521,2015-05-18,Hantai,2200,pknibleyhc@google.it,+62-472-167-4939,625,,TN-94,TN,,,,,,,,,,,15.19,14.26,14.82,2021,chômage,Très satisfait
626,hmayda,donia,Gapan,1997-09-04,F,TN,C,1505522,2016-08-24,Tarsouat,1100,ekubinhd@state.gov,+63-434-373-9121,626,,,TN,,,,,,,,,,,10.98,14.83,12.52,2019,chômage,Satisfait
627,Baraket,hatem,Wanju,2000-04-08,M,TN,P,1505523,2015-03-30,Wagini,2040,prowlinhe@scribd.com,+82-343-856-8496,627,,TN-72,TN,,,,,,,,,,,10.02,12.24,10.91,2024,employé,Très satisfait
628,jaziri,Hafedh,Ditsaan,1998-04-06,M,TN,P,1505524,2015-12-19,Vihti,2200,hcatohf@cargocollective.com,+63-584-898-0491,628,,TN-95,TN,,,,,,,,,,,11.75,12.66,12.11,2021,chômage,Satisfait
629,jerbi,ezer,Lajarik,2020-06-04,M,TN,P,1505525,2015-11-26,Carhuamayo,8000,egasnollhg@baidu.com,+62-719-142-4022,629,,TN-91,TN,,,,,,,,,,,12.11,14.9,13.23,2024,employé,Très satisfait
630,Snoussi,moataz,Vessada,2002-07-03,M,TN,C,1505526,2016-10-28,Agrínio,1000,njaherhh@princeton.edu,+351-308-886-3608,630,,TN-92,TN,,,,,,,,,,,14.19,12.58,13.55,2018,employé,Satisfait
631,karoui,Dana,Obryte,2001-06-28,F,TN,P,1505527,2016-11-18,Sélestat,9000,dleftwichhi@adobe.com,+48-713-424-5319,631,,TN-81,TN,,,,,,,,,,,8.62,14.69,11.05,2023,employé,Très satisfait
632,kalboussi,malek,Mapinrea,2001-02-19,M,TN,C,1505528,2016-03-16,Guaíba,1000,obaudihj@infoseek.co.jp,+62-825-824-7560,632,,TN-82,TN,,,,,,,,,,,15.06,11.95,13.82,2024,employé,Satisfait
633,kassem,Kemla,Lahat,1997-11-06,F,TN,P,1505529,2017-06-30,Nueva Helvecia,9000,krapaporthk@dmoz.org,+62-457-697-7013,633,,TN-52,TN,,,,,,,,,,,11.68,15.27,13.12,2016,employé,Peu satisfait
634,louati,Maram,Batulawang,1997-01-01,F,TN,P,1505530,2016-05-12,Furudate,4000,mvaudreyhl@uol.com.br,+62-324-309-1427,634,,TN-81,TN,,,,,,,,,,,11.15,12.15,11.55,2023,employé,Très satisfait
635,lasrem,Khalil,Foz Sousa,2000-03-13,M,TN,P,1505531,2015-12-18,Energodar,1100,kstangerhm@baidu.com,+351-134-715-9831,635,,TN-71,TN,,,,,,,,,,,9.98,14.83,11.92,2023,employé,Satisfait
636,mannai,Ghaith,Cabatuan,2002-09-13,M,TN,C,1505532,2016-06-22,Ishimbay,1100,gbunneyhn@hhs.gov,+63-610-569-4527,636,,TN-42,TN,,,,,,,,,,,8.69,14.94,11.19,2019,employé,Très satisfait
637,mejri,Bassem,Ngaliyan,1955-05-08,M,TN,C,1505533,2017-11-09,Penggakrajeng,4000,bcanetho@flavors.me,+62-650-459-8848,637,,,TN,,,,,,,,,,,13.65,12.95,13.37,2015,en formation,Satisfait
638,Dridi,Maram,Volgo-Kaspiyskiy,1998-03-24,F,TN,P,1505534,2015-10-09,Tešany,2010,mchristophehp@pbs.org,+7-720-204-1289,638,,TN-99,TN,,,,,,,,,,,12.15,14.87,13.24,2021,employé,Très satisfait
639,miled,seif,Capissayan Sur,2000-09-24,M,TN,C,1505535,2015-04-26,Yangcheng,2040,clabordehq@ycombinator.com,+63-501-634-4736,639,,TN-82,TN,,,,,,,,,,,9.42,14.39,11.41,2024,chômage,Satisfait
640,moussa,Hayet,Shimiaozi,1999-10-13,F,TN,P,1505536,2016-03-26,Daping,2200,hczajkowskahr@nhs.uk,+86-523-281-5827,640,,TN-12,TN,,,,,,,,,,,9.41,13.19,10.92,2024,employé,Satisfait
641,ouerfelli,Karim,Tulung,2001-06-21,M,TN,P,1505537,2016-03-20,Ranua,8000,kkisarhs@histats.com,+62-182-298-5853,641,,,TN,,,,,,,,,,,11.33,12.49,11.79,2018,employé,Peu satisfait
642,ben rjab,Ghali,Bani,1998-03-16,M,TN,P,1505538,2015-06-26,Cincinnati,4000,ghutchesonht@shareasale.com,+63-733-695-5676,642,,TN-52,TN,,,,,,,,,,,15.34,11.06,13.63,2023,en formation,Satisfait
643,rouissi,Karima,Osiek,1999-03-27,F,TN,C,1505539,2017-07-04,Danyang,9000,kbuesnelhu@flickr.com,+48-921-406-2124,643,,TN-12,TN,,,,,,,,,,,11.48,14.52,12.7,2020,employé,Satisfait
644,hammoudi,Lara,Bayt Sira,2001-07-24,F,TN,C,1505540,2017-07-13,Cirumput,2013,lroelofsenhv@webnode.com,+970-484-237-9795,644,,TN-12,TN,,,,,,,,,,,8.99,11.65,10.05,2017,employé,Satisfait
645,miledi,Ezer,Sakurai,1999-07-12,M,TN,C,1505541,2015-07-18,Azeitão,9000,efellenorhw@psu.edu,+81-906-778-5733,645,,TN-32,TN,,,,,,,,,,,11.51,14.14,12.56,2020,chômage,Peu satisfait
646,sassi,Selim,Fenggang,2002-08-24,M,TN,P,1505542,2015-01-25,Doyong,2013,sunderdownhx@ucoz.ru,+86-837-251-1549,646,,TN-43,TN,,,,,,,,,,,11.45,13.6,12.31,2024,employé,Peu satisfait
647,tlili,Kaouther,Mashiko,2001-01-09,M,TN,C,1505543,2017-10-07,Lachute,1000,kdimonthy@berkeley.edu,+81-885-589-6406,647,,TN-41,TN,,,,,,,,,,,6.61,15.02,9.97,2020,chômage,Très satisfait
648,naifer,Kmar,Gaotang,1999-06-27,F,TN,C,1505544,2016-06-30,Prosyana,2010,kcovolinihz@so-net.ne.jp,+86-109-701-5660,648,,TN-81,TN,,,,,,,,,,,11.89,13.55,12.55,2019,employé,Peu satisfait
649,Rafrafi,ferid,Klek,2000-01-01,M,TN,C,1505545,2016-05-11,Palcamayo,1100,fruggierii0@weebly.com,+381-734-245-6467,649,,TN-81,TN,,,,,,,,,,,11.54,13.51,12.33,2016,employé,Satisfait
650,Hrizi,moussa,Sukhirin,1997-12-24,M,TN,C,1505546,2017-09-26,Mirriah,1100,evani1@indiegogo.com,+66-363-200-2785,650,,TN-81,TN,,,,,,,,,,,13.39,15.1,14.07,2024,employé,Peu satisfait
651,Toukabri,Roua,Morelos,1999-10-02,F,TN,P,1505547,2015-10-28,K? Anh,3000,redinboroi2@europa.eu,+52-598-254-1685,651,,TN-71,TN,,,,,,,,,,,15.7,14.5,15.22,2024,employé,Peu satisfait
652,Ahmed,Wissal,Nesterovskaya,1999-08-02,F,TN,C,1505548,2015-01-08,Querocotillo,2200,wcrowi3@t.co,+7-987-749-9476,652,,TN-71,TN,,,,,,,,,,,14.25,14.47,14.34,2016,chômage,Très satisfait
653,Jrira,Mariem,Austin,2000-09-01,F,TN,P,1505549,2016-12-24,Vrbovec,4000,mbrestoni4@desdev.cn,+1-512-376-2023,653,,TN-82,TN,,,,,,,,,,,11.46,14.7,12.76,2021,chômage,Satisfait
654,tlili,Tamer,Sanlifan,2000-11-24,M,TN,P,1505550,2017-06-03,Avlónas,4000,tquixleyi5@free.fr,+86-266-265-0794,654,,,TN,,,,,,,,,,,9.79,11.7,10.55,2016,employé,Très satisfait
655,touati,Mounir,Cookshire-Eaton,2002-12-20,M,TN,C,1505551,2016-01-29,Dschang,2040,mmaindsi6@meetup.com,+1-674-592-1089,655,,TN-43,TN,,,,,,,,,,,17.15,15.14,16.35,2020,employé,Très satisfait
656,toumi,Tarek,Dijon,2000-01-28,M,TN,C,1505552,2017-12-17,Chivhu,2200,teagelli7@buzzfeed.com,+33-405-269-9299,656,,TN-13,TN,,,,,,,,,,,12.12,14.92,13.24,2019,chômage,Très satisfait
657,zid,Karim,Liaodian,1998-03-05,M,TN,P,1505553,2016-05-11,Tagta,2010,kwederelli8@irs.gov,+86-222-915-7495,657,,TN-95,TN,,,,,,,,,,,12.03,12.47,12.21,2018,employé,Satisfait
658,Smida,Karima,Veiros,2000-06-07,F,TN,C,1505554,2016-11-23,Macas,2040,kblawi9@dailymotion.com,+351-624-513-3007,658,,TN-95,TN,,,,,,,,,,,11.95,13.63,12.62,2021,employé,Très satisfait
659,hammouda,Sarra,Lacroix-Saint-Ouen,2000-10-23,F,TN,C,1505555,2017-09-20,Yihe,1000,swyleyia@addtoany.com,+33-282-307-4258,659,,TN-51,TN,,,,,,,,,,,12.4,13.94,13.02,2022,employé,Très satisfait
660,rostem,Rassem,Carleton-sur-Mer,2000-08-03,M,TN,P,1505556,2017-06-16,Flora,3000,radlingtonib@sohu.com,+1-288-407-3938,660,,TN-81,TN,,,,,,,,,,,11.71,13.8,12.55,2018,employé,Satisfait
661,zidi,ilef,Cížkovice,2000-06-18,F,TN,C,1505557,2015-07-28,Marsh Harbour,1100,ceagaric@vkontakte.ru,+420-486-586-9819,661,,TN-72,TN,,,,,,,,,,,10.85,14.5,12.31,2015,chômage,Très satisfait
662,lengliz,amira,Liuhou,1998-10-23,F,TN,P,1505558,2016-02-03,Kochani,4000,clockeyid@addtoany.com,+86-982-341-1424,662,,TN-82,TN,,,,,,,,,,,10.91,16.15,13.01,2015,en formation,Très satisfait
663,ben tara,Rabeb,Chrást,2000-10-06,F,TN,C,1505559,2016-12-06,Tajinan,9000,ryarrowie@diigo.com,+420-134-610-6063,663,,TN-41,TN,,,,,,,,,,,11.93,15.62,13.41,2015,employé,Très satisfait
664,arafet,Ghalia,Heitan,2002-12-26,F,TN,P,1505560,2016-01-04,Rochester,1100,gwardallif@webnode.com,+86-842-281-9800,664,,TN-94,TN,,,,,,,,,,,10.91,12.03,11.36,2015,employé,Très satisfait
665,chaouchi,ghassen,Jombang,2001-01-01,M,TN,P,1505561,2016-01-09,Nassarawa,2010,ppirieig@ycombinator.com,+62-421-781-1539,665,,TN-52,TN,,,,,,,,,,,10.57,14.93,12.31,2019,employé,Satisfait
666,raissi,tassnim,Ngala,1998-05-26,F,TN,C,1505562,2016-06-20,Pakuncen,2040,ttansleyih@reuters.com,+234-630-900-6394,666,,TN-21,TN,,,,,,,,,,,12.21,15.99,13.72,2018,employé,Très satisfait
667,Ali,ridha,Qobustan,1999-05-27,M,TN,C,1505563,2016-01-09,Bellavista,9000,vdixceyii@yellowbook.com,+994-831-638-5130,667,,TN-42,TN,,,,,,,,,,,11.49,14.58,12.73,2023,employé,Pas satisfait
668,roussi,Jalila,Al Matariyah,1997-09-04,F,TN,P,1505564,2017-08-02,Nijmegen,2040,jambroisij@cyberchimps.com,+20-148-965-3891,668,,TN-82,TN,,,,,,,,,,,15.01,15.64,15.26,2017,chômage,Satisfait
669,ben halima,skander,Al Ma‘alla’,1998-08-07,M,TN,P,1505565,2016-02-23,Pulo,9000,sfreelandik@discuz.net,+967-673-845-6267,669,,TN-52,TN,,,,,,,,,,,6.7,17.02,10.83,2021,employé,Très satisfait
670,ben aziza,Haythem,Danan,2002-12-16,M,TN,P,1505566,2017-07-22,Yanggu,3000,hscoatesil@abc.net.au,+86-264-312-0004,670,,TN-91,TN,,,,,,,,,,,14.18,15.54,14.72,2022,employé,Très satisfait
671,Soussi,Jamila,Elk,1997-06-17,F,TN,P,1505567,2017-01-19,Mooka,1000,jlefevreim@t-online.de,+48-247-685-1785,671,,TN-43,TN,,,,,,,,,,,14.49,14.37,14.44,2020,employé,Satisfait
672,Abbes,kassem,Marevo,2000-01-01,M,TN,P,1505568,2017-01-30,Nkpor,1100,cleetin@usda.gov,+7-595-133-9375,672,,TN-72,TN,,,,,,,,,,,7.85,15.57,10.94,2024,employé,Satisfait
673,rostem,jalila,Zhongchuan,2002-04-25,F,TN,P,1505569,2016-08-27,Anding,2200,jhaneyio@sogou.com,+86-344-105-3116,673,,TN-11,TN,,,,,,,,,,,11.31,14.22,12.47,2015,employé,Très satisfait
674,Bayram,haroun,Yelwa,1999-02-17,M,TN,C,1505570,2017-12-29,Motala,4000,oclemoesip@woothemes.com,+234-662-407-1812,674,,TN-91,TN,,,,,,,,,,,11.26,14.04,12.37,2022,chômage,Très satisfait
675,Rabhi,faouzi,Taizhou,2000-01-01,M,TN,P,1505571,2015-05-11,Soa,2010,fpalayiq@geocities.jp,+86-845-964-2776,675,,TN-32,TN,,,,,,,,,,,9.18,13.47,10.9,2024,employé,Peu satisfait
676,nouri,amina,Palmito,1998-01-24,F,TN,C,1505572,2015-12-15,Baguinge,3000,adreusir@paginegialle.it,+57-685-530-2267,676,,TN-82,TN,,,,,,,,,,,10.44,16.35,12.8,2017,chômage,Très satisfait
677,Obadiah,Amine,Tournon-sur-Rhône,2001-02-14,M,TN,C,1505573,2015-04-26,Shiling,2010,asalvinis@goo.gl,+33-622-484-2193,677,,TN-61,TN,,,,,,,,,,,9.78,12.77,10.98,2022,employé,Très satisfait
678,Aidan,karima,Xinzha,2001-06-24,F,TN,P,1505574,2017-10-15,Ambon,2200,kstychit@wp.com,+86-788-333-0055,678,,TN-11,TN,,,,,,,,,,,15.5,16.3,15.82,2018,employé,Peu satisfait
679,miloud,kenza,Kuala Lumpur,2000-01-01,F,TN,P,1505575,2017-11-02,Yaypan,2013,byegoshiniu@1und1.de,+60-249-450-0513,679,,TN-99,TN,,,,,,,,,,,13.87,14.75,14.22,2022,employé,Satisfait
680,mbarek,emna,Porsgrunn,2000-01-01,F,TN,C,1505576,2015-01-02,Sakassou,4000,bbedberryiv@techcrunch.com,+47-335-693-4817,680,,TN-82,TN,,,,,,,,,,,14.54,11.9,13.48,2015,employé,Très satisfait
681,mabrouki,Alia,Sabaneta,2000-01-29,F,TN,P,1505577,2016-06-12,Xinshidu,8000,alindbergiw@unicef.org,+58-480-633-3406,681,,TN-31,TN,,,,,,,,,,,13.44,14.55,13.88,2017,employé,Satisfait
682,zid,basma,Kaliterus,2002-05-28,F,TN,P,1505578,2016-05-15,Ramenki,2040,lmattielliix@telegraph.co.uk,+62-669-902-7168,682,,TN-61,TN,,,,,,,,,,,9.74,10.85,10.18,2020,employé,Très satisfait
683,Jammel,Bechir,Kampungdesa,1998-04-26,M,TN,P,1505579,2015-05-31,Manique de Baixo,2010,bbillingtoniy@sakura.ne.jp,+62-386-236-0013,683,,TN-82,TN,,,,,,,,,,,10.95,14.94,12.55,2023,chômage,Satisfait
684,sifi,Fawez,Kwikila,2000-11-25,M,TN,P,1505580,2015-11-07,Saboyá,1000,feckiz@guardian.co.uk,+675-749-207-3445,684,,TN-52,TN,,,,,,,,,,,12.98,15.33,13.92,2016,chômage,Satisfait
685,Zwawi,jihene,Hexi,2001-09-24,F,TN,C,1505581,2015-02-10,San Vicente,2040,cguerrinj0@cdbaby.com,+86-310-999-3730,685,,TN-82,TN,,,,,,,,,,,9.56,13.11,10.98,2015,employé,Peu satisfait
686,ben guebila,Ghaith,Mgachi,1998-03-16,M,TN,C,1505582,2017-04-21,Lushnjë,8000,gnernj1@google.cn,+7-359-798-8384,686,,,TN,,,,,,,,,,,13.43,14.19,13.73,2024,employé,Pas satisfait
687,farhat,mayssa,Roanoke,1998-12-07,F,TN,P,1505583,2015-05-27,Xinhuang,9000,ccraigheidj2@people.com.cn,+1-540-779-9553,687,,TN-82,TN,,,,,,,,,,,11.52,16.93,13.68,2017,employé,Peu satisfait
688,faouaz,hazem,San Pedro,2001-04-21,M,TN,C,1505584,2015-03-13,Srinjine,1000,owansburyj3@ask.com,+591-589-768-6347,688,,TN-95,TN,,,,,,,,,,,11.25,13.24,12.05,2018,employé,Peu satisfait
689,ftiti,ahmed,Safashahr,1998-02-20,M,TN,P,1505585,2016-11-14,Tigre,1000,emacfallj4@amazon.de,+98-111-997-7215,689,,TN-13,TN,,,,,,,,,,,13.42,12.41,13.02,2019,employé,Satisfait
690,fitouri,Amine,Mandala,2000-02-09,M,TN,C,1505586,2017-08-23,Guaraciaba do Norte,8000,adoddj5@bing.com,+62-245-993-6908,690,,TN-92,TN,,,,,,,,,,,12.89,16.22,14.22,2017,chômage,Très satisfait
691,zoubaier,Raif,Koksovyy,1997-06-20,M,TN,P,1505587,2017-01-14,Bairan,1100,rrussonj6@dell.com,+7-621-494-3314,691,,TN-12,TN,,,,,,,,,,,11.28,16.94,13.54,2024,employé,Satisfait
692,mraihi,olfa,Rudniki,1998-04-11,F,TN,P,1505588,2016-04-18,Guanghou,3000,fsalasarj7@alibaba.com,+48-111-183-3635,692,,TN-94,TN,,,,,,,,,,,14.32,14.01,14.2,2016,employé,Satisfait
693,mastouri,mourad,Dailekh,1997-01-19,M,TN,C,1505589,2016-01-24,Bafatá,8000,odietzj8@networkadvertising.org,+977-389-192-7102,693,,TN-81,TN,,,,,,,,,,,9.84,15.52,12.11,2016,employé,Peu satisfait
694,dridi,Bechir,Fuente de Oro,2000-06-12,M,TN,P,1505590,2017-03-28,Chropyne,8000,begdellj9@weebly.com,+57-674-897-1976,694,,TN-13,TN,,,,,,,,,,,13.23,16.01,14.34,2021,employé,Très satisfait
695,zoghlemi,Lamjjed,Linköping,1997-09-12,M,TN,P,1505591,2017-11-26,Ikang,2200,lnormansellja@theatlantic.com,+46-894-224-9876,695,,TN-95,TN,,,,,,,,,,,13.19,12.89,13.07,2023,chômage,Peu satisfait
696,zakaria,houda,Perpignan,1998-12-06,F,TN,P,1505592,2016-05-26,Shakhta,9000,mtheyerjb@biglobe.ne.jp,+33-262-726-6103,696,,TN-81,TN,,,,,,,,,,,11.38,13.27,12.14,2024,employé,Peu satisfait
697,yahya,samira,Petiga,1997-11-16,F,TN,P,1505593,2015-01-25,Örebro,3000,rlarchierejc@wikispaces.com,+62-808-210-2005,697,,TN-51,TN,,,,,,,,,,,12.65,15.85,13.93,2016,employé,Pas satisfait
698,mouradi,Bessem,Achanizo,2002-08-07,M,TN,C,1505594,2015-12-14,Maracha,1000,bkeatesjd@furl.net,+51-811-556-4704,698,,TN-83,TN,,,,,,,,,,,9.5,16.53,12.31,2021,chômage,Peu satisfait
699,Ahmad,ghali,Kertabumi,1998-08-06,M,TN,C,1505595,2017-03-06,Mekarsari,9000,glunnyje@nyu.edu,+62-846-220-6449,699,,TN-92,TN,,,,,,,,,,,13.85,14.84,14.25,2021,employé,Très satisfait
700,khalfallah,Asia,Klencí pod Cerchovem,1999-07-28,F,TN,P,1505596,2015-04-15,Grand Rapids,2040,alettenjf@printfriendly.com,+420-638-977-4392,700,,TN-92,TN,,,,,,,,,,,11.63,12.68,12.05,2021,chômage,Très satisfait
701,khlil,Skander,Hongshan,2001-04-23,M,TN,C,1505597,2017-10-31,Baitian,2040,sgoldfinchjg@gizmodo.com,+86-633-711-3010,701,,TN-93,TN,,,,,,,,,,,10.95,16.98,13.36,2017,employé,Très satisfait
702,khlifa,Wael,San Jose,1998-12-10,M,TN,P,1505598,2015-09-28,Duran,2010,wfairleighjh@ovh.net,+63-440-886-2378,702,,TN-95,TN,,,,,,,,,,,14.1,13.2,13.74,2021,employé,Très satisfait
703,kammoun,Marouan,Labuan,1999-11-28,M,TN,P,1505599,2015-12-03,Salvacion,2040,mantonikji@fema.gov,+60-671-970-9341,703,,TN-99,TN,,,,,,,,,,,10.59,13.5,11.75,2015,chômage,Satisfait
704,andolsi,Baya,Hermoso Campo,2021-08-22,F,TN,P,1505600,2016-05-17,Tatsunocho-tominaga,8000,briceardsjj@fotki.com,+54-634-616-9545,704,,,TN,,,,,,,,,,,9.18,14.51,11.31,2024,employé,Peu satisfait
705,alaya,Kalthoum,Vicuña,1999-12-31,F,TN,P,1505601,2017-08-03,Mpika,2200,klostyjk@seattletimes.com,+56-421-775-5227,705,,TN-21,TN,,,,,,,,,,,8.89,16.33,11.87,2015,employé,Peu satisfait
706,sbai,hanene,Henglu,1999-08-17,F,TN,P,1505602,2016-03-24,Youssoufia,9000,qscayjl@ask.com,+86-303-409-5265,706,,TN-61,TN,,,,,,,,,,,13.21,15.28,14.04,2019,employé,Satisfait
707,boumiza,Houssine,Huainan,1998-05-15,M,TN,P,1505603,2017-05-28,Hyltebruk,2200,hmilesopjm@cnet.com,+86-118-951-3647,707,,TN-83,TN,,,,,,,,,,,9.44,14.62,11.51,2016,employé,Très satisfait
708,kassem,Jemila,Tarogong,1910-12-17,F,TN,C,1505604,2017-07-04,Gyumri,2040,jrickardjn@abc.net.au,+62-477-726-9731,708,,TN-42,TN,,,,,,,,,,,15.51,14.69,15.18,2023,chômage,Très satisfait
709,rostem,Skander,Indaiatuba,1997-11-17,M,TN,P,1505605,2017-06-07,Jieting,2013,scominellojo@yolasite.com,+55-816-413-4819,709,,TN-92,TN,,,,,,,,,,,7.84,14.07,10.33,2021,chômage,Très satisfait
710,ben guebila,asma,Cantilan,1997-06-15,F,TN,P,1505606,2016-06-01,Dayr al Ghusun,2010,atiesjp@t.co,+63-858-817-6567,710,,TN-21,TN,,,,,,,,,,,15.39,14.84,15.17,2018,en formation,Très satisfait
711,zakaria,islem,Xinmen,2000-11-29,F,TN,C,1505607,2015-09-24,Cortes,9000,vdarrigojq@g.co,+86-751-201-0299,711,,TN-12,TN,,,,,,,,,,,12.42,10.21,11.54,2018,chômage,Satisfait
712,kammoun,ons,Šilherovice,1998-06-28,F,TN,P,1505608,2016-07-04,Beidaihehaibin,4000,jacuttjr@irs.gov,+420-737-561-6223,712,,TN-13,TN,,,,,,,,,,,11.81,13.56,12.51,2016,employé,Très satisfait
713,zidi,Issa,Xianglan,2001-07-17,M,TN,C,1505609,2017-01-20,Hongyuan,8000,igiovannettijs@aboutads.info,+86-675-856-7096,713,,TN-82,TN,,,,,,,,,,,10.91,14.36,12.29,2019,employé,Très satisfait
714,ouerfelli,Meriem,Imbituba,1997-09-25,F,TN,C,1505610,2016-08-13,Wetzlar,2013,mmaharryjt@imdb.com,+55-778-476-0078,714,,TN-51,TN,,,,,,,,,,,12.8,12.27,12.59,2018,employé,Très satisfait
715,lasrem,Marouan,Kurnia,2001-10-26,M,TN,C,1505611,2015-01-11,Tegalsari,1000,mbeveredgeju@ameblo.jp,+62-880-518-1381,715,,TN-51,TN,,,,,,,,,,,11.92,14.58,12.98,2015,employé,Satisfait
716,karoui,youssef,Ruangwa,2002-08-07,M,TN,P,1505612,2017-10-20,Liudong,2010,jhadlingtonjv@hugedomains.com,+255-324-813-7233,716,,TN-13,TN,,,,,,,,,,,14.21,13.69,14.0,2022,employé,Satisfait
717,jassem,Ala,Lidköping,1997-08-31,M,TN,C,1505613,2015-09-16,Archángelos,2200,atschersichjw@photobucket.com,+46-489-547-6653,717,,TN-41,TN,,,,,,,,,,,12.23,16.63,13.99,2017,en formation,Satisfait
718,hammami,Bachra,Kuršenai,2001-05-24,M,TN,C,1505614,2015-01-27,Chrysoúpolis,3000,bratterjx@icq.com,+370-837-616-8394,718,,TN-82,TN,,,,,,,,,,,12.3,16.36,13.92,2020,employé,Satisfait
719,djobbi,lamia,Ust’-Dzheguta,1998-09-08,F,TN,P,1505615,2017-08-31,Gondomar,3000,amainstonjy@behance.net,+7-615-358-1682,719,,TN-72,TN,,,,,,,,,,,11.27,13.3,12.08,2018,employé,Pas satisfait
720,Jlili,chedi,El Cairo,2001-01-16,M,TN,P,1505616,2017-12-26,Huaikan,1000,sgirardonijz@adobe.com,+57-619-849-6873,720,,TN-21,TN,,,,,,,,,,,11.89,13.77,12.64,2023,employé,Très satisfait
721,jerbi,Jamil,Dongfeng,2000-10-05,M,TN,P,1505617,2015-10-19,Baruny,2010,jmaroneyk0@skype.com,+86-115-785-9769,721,,,TN,,,,,,,,,,,12.62,13.89,13.13,2021,chômage,Satisfait
722,gharbi,Raif,Candelaria,2100-07-22,M,TN,C,1505618,2015-10-27,Chao,4000,rmccruddenk1@people.com.cn,+54-742-522-3067,722,,TN-21,TN,,,,,,,,,,,8.58,13.32,10.48,2023,chômage,Satisfait
723,snoussi,Habiba,Bègles,2001-04-02,F,TN,C,1505619,2015-08-23,New York City,1100,hemanuelek2@booking.com,+33-591-295-2694,723,,TN-91,TN,,,,,,,,,,,9.3,14.29,11.3,2024,chômage,Satisfait
724,jerbi,Faouzi,Seren,2002-08-16,M,TN,C,1505620,2017-03-14,Mahdia,2010,fbrisk3@twitpic.com,+62-368-679-5274,724,,TN-93,TN,,,,,,,,,,,13.49,12.86,13.24,2017,employé,Peu satisfait
725,hammami,manel,Wotsogo,1999-11-14,F,TN,P,1505621,2017-08-09,Campor,3000,dgerholzk4@ameblo.jp,+62-893-523-4028,725,,TN-21,TN,,,,,,,,,,,12.34,12.3,12.32,2015,chômage,Très satisfait
726,chaouch,nour,Woodford Hill,1999-03-05,F,TN,C,1505622,2016-12-17,Novonikol’sk,1000,amacskeagank5@dropbox.com,+1-605-524-6219,726,,,TN,,,,,,,,,,,11.63,14.93,12.95,2019,employé,Satisfait
727,Lamjed,emna,Newala Kisimani,1999-07-16,F,TN,P,1505623,2015-01-19,Youxi,8000,tpogsonk6@google.co.uk,+255-425-567-3756,727,,TN-32,TN,,,,,,,,,,,12.04,14.94,13.2,2017,chômage,Très satisfait
728,chaari,farah,Reno,2000-04-26,F,TN,C,1505624,2017-03-10,Sal’sk,1100,cseveryk7@over-blog.com,+1-702-530-2742,728,,TN-32,TN,,,,,,,,,,,12.7,12.79,12.74,2020,employé,Satisfait
729,Ghodhben,islem,Lorino,2002-10-10,F,TN,C,1505625,2016-09-11,El Quetzal,1000,vglasscottk8@imgur.com,+7-152-177-0898,729,,TN-72,TN,,,,,,,,,,,10.92,15.34,12.69,2022,employé,Très satisfait
730,sassi,rania,Ashcroft,2000-10-24,F,TN,C,1505626,2015-12-11,Caleufú,2200,jtraytonk9@bloomberg.com,+1-724-399-1390,730,,TN-95,TN,,,,,,,,,,,10.44,13.05,11.48,2018,employé,Très satisfait
731,Karoui,Rane,San Pedro Ayampuc,1997-10-12,F,TN,P,1505627,2016-10-04,Parse,3000,rcrankshawka@sphinn.com,+502-315-101-8165,731,,TN-52,TN,,,,,,,,,,,12.39,14.38,13.19,2019,chômage,Satisfait
732,bouselsla,Ferid,Mosfilotí,2000-01-01,M,TN,P,1505628,2016-06-27,Fort Worth,2010,fegarkb@go.com,+357-245-502-8895,732,,TN-52,TN,,,,,,,,,,,10.04,15.23,12.12,2019,employé,Satisfait
733,Farhat,jihene,Somanda,2000-12-24,F,TN,C,1505629,2016-03-24,Saint Catherine,2040,valcidokc@netlog.com,+255-768-434-5399,733,,TN-51,TN,,,,,,,,,,,12.82,13.95,13.27,2018,chômage,Très satisfait
734,smidi,Mariem,Ranot,2000-07-25,F,TN,C,1505630,2017-05-30,????????,3000,mperassikd@wordpress.org,+66-472-562-4377,734,,TN-83,TN,,,,,,,,,,,8.59,14.68,11.03,2018,employé,Satisfait
735,Mahmoudi,Jalila,San Pedro,2000-08-06,F,TN,C,1505631,2017-04-22,Menggala,9000,jbouldonke@vk.com,+63-770-367-5579,735,,TN-43,TN,,,,,,,,,,,14.06,13.23,13.73,2018,employé,Satisfait
736,chkili,Daoud,Kuybyshevo,2002-12-07,M,TN,C,1505632,2016-09-24,Basawul,1000,dwudelandkf@who.int,+7-202-320-6738,736,,TN-43,TN,,,,,,,,,,,12.95,13.71,13.25,2018,employé,Très satisfait
737,ben aziza,Basma,Varser,1998-03-05,F,TN,P,1505633,2017-10-15,Vardenik,1100,bwrixonkg@addtoany.com,+374-666-706-6298,737,,TN-71,TN,,,,,,,,,,,12.51,13.69,12.98,2018,employé,Satisfait
738,Nouiri,haithem,Ad Dis ash Sharqiyah,1997-12-30,M,TN,C,1505634,2016-11-27,Le Lamentin,9000,eshepperdkh@a8.net,+967-319-528-5954,738,,TN-93,TN,,,,,,,,,,,13.97,12.88,13.53,2019,employé,Satisfait
739,Tlili,yaakoub,Cerenti,2000-01-01,M,TN,C,1505635,2015-10-22,Rosmaninhal,1000,jphillimoreki@ifeng.com,+62-539-324-2046,739,,TN-92,TN,,,,,,,,,,,15.33,13.73,14.69,2016,employé,Satisfait
740,Amara,Emna,Song,1998-01-07,F,TN,P,1505636,2017-10-21,Pershotravneve,4000,ehardacrekj@arizona.edu,+66-535-506-0937,740,,TN-61,TN,,,,,,,,,,,14.03,11.68,13.09,2016,chômage,Très satisfait
741,Aouissi,sirine,Redinha,1999-08-20,F,TN,P,1505637,2016-08-19,Yanyang,2200,calfonsettikk@aboutads.info,+351-756-626-2365,741,,TN-71,TN,,,,,,,,,,,8.32,13.26,10.3,2023,employé,Très satisfait
742,Hallek,Fatma,Moret-sur-Loing,1997-12-27,F,TN,C,1505638,2015-09-05,Santa Lucia,4000,ftebbitkl@pen.io,+33-160-264-4941,742,,TN-51,TN,,,,,,,,,,,9.44,13.57,11.09,2016,en formation,Satisfait
743,Brahmi,Nour,Zhangzhen,2000-01-23,F,TN,C,1505639,2015-01-23,Fullerton,9000,nmoutrayreadkm@arizona.edu,+86-821-392-5062,743,,TN-94,TN,,,,,,,,,,,10.75,13.62,11.9,2020,employé,Peu satisfait
744,El behi,Takwa,Maño,2000-11-07,F,TN,P,1505640,2017-09-15,Ozubulu,2013,tdeletekn@upenn.edu,+63-476-874-0865,744,,TN-13,TN,,,,,,,,,,,12.05,13.64,12.69,2016,chômage,Satisfait
745,Hobbi,yaakoub,Tchamba,2000-01-01,M,TN,P,1505641,2017-05-21,Veinticinco de Mayo,2010,jdurganko@ask.com,+228-329-909-5709,745,,TN-31,TN,,,,,,,,,,,13.04,13.91,13.39,2019,employé,Très satisfait
746,gharsallah,tayssir,Kerbuyan,1997-10-20,F,TN,C,1505642,2016-09-14,Shenjing,1100,msaterweytekp@blinklist.com,+62-238-831-7162,746,,TN-91,TN,,,,,,,,,,,10.55,14.72,12.22,2018,employé,Satisfait
747,Mastouri,Rostem,Tanjungsari Barat,2001-10-22,M,TN,C,1505643,2015-11-30,Repki,3000,rzoephelkq@furl.net,+62-314-876-1686,747,,TN-83,TN,,,,,,,,,,,12.37,15.31,13.55,2021,employé,Peu satisfait
748,dziri,mehrez,Pasembon,1997-06-20,M,TN,C,1505644,2016-05-30,Yangxiang,2010,dloftinkr@drupal.org,+62-742-750-4762,748,,,TN,,,,,,,,,,,10.49,13.03,11.51,2021,employé,Très satisfait
749,baccouche,ezer,Karlskoga,2002-12-20,M,TN,C,1505645,2017-07-28,Saint-Lô,1000,effoulkesks@google.ru,+46-908-174-2800,749,,TN-92,TN,,,,,,,,,,,10.78,12.2,11.35,2020,chômage,Pas satisfait
750,Dridi,Hamza,Videira,2000-01-03,M,TN,C,1505646,2017-06-06,Kamimaruko,4000,hcrossonkt@google.de,+55-686-504-7610,750,,TN-61,TN,,,,,,,,,,,9.19,12.44,10.49,2024,employé,Peu satisfait
751,Korbi,eya,La Jagua de Ibirico,2000-01-01,F,TN,C,1505647,2016-08-15,Chengjiao,2010,cosbanku@cnn.com,+57-343-564-4238,751,,TN-71,TN,,,,,,,,,,,10.15,13.27,11.4,2019,employé,Très satisfait
752,Sahloul,insaf,Chalon-sur-Saône,2000-08-14,F,TN,P,1505648,2016-05-07,Oljoq,4000,cbooijkv@nytimes.com,+33-192-584-8328,752,,TN-42,TN,,,,,,,,,,,9.3,13.47,10.97,2015,chômage,Peu satisfait
753,Basli,farah,Longgang,2001-06-09,F,TN,C,1505649,2016-06-11,Jesenice,3000,jgalpinkw@infoseek.co.jp,+86-699-863-2866,753,,TN-91,TN,,,,,,,,,,,10.05,12.85,11.17,2017,employé,Très satisfait
754,ayari,Donia,Meishan,2000-05-26,F,TN,C,1505650,2015-12-14,Dingshu,9000,dcarrollkx@imdb.com,+86-884-761-1876,754,,TN-21,TN,,,,,,,,,,,14.11,12.06,13.29,2023,chômage,Peu satisfait
755,Rassem,Chedi,Gravataí,2000-12-25,M,TN,P,1505651,2017-10-25,Qukou,4000,cgowdyky@merriam-webster.com,+55-572-635-5692,755,,TN-42,TN,,,,,,,,,,,10.1,13.32,11.39,2015,employé,Satisfait
756,arafet,Ramla,Sarana,1998-11-30,F,TN,P,1505652,2017-05-07,Åkersberga,9000,rscophamkz@shutterfly.com,+7-896-690-5096,756,,TN-81,TN,,,,,,,,,,,17.26,14.27,16.06,2019,chômage,Satisfait
757,abbassi,Sarra,Rusip,2000-01-01,F,TN,P,1505653,2015-08-25,Resende,9000,spriestleyl0@cornell.edu,+62-229-481-8670,757,,TN-94,TN,,,,,,,,,,,12.99,14.89,13.75,2016,employé,Satisfait
758,ben ncira,kais,Tubarjal,2002-12-26,M,TN,P,1505654,2017-04-24,Zhangping,2013,cbintonl1@google.com.hk,+966-409-161-2659,758,,TN-52,TN,,,,,,,,,,,12.37,13.16,12.69,2018,employé,Peu satisfait
759,Alaia,Kemla,Cabuyaro,1997-02-06,F,TN,C,1505655,2015-12-23,Vyzhnytsya,2010,kjankul2@hexun.com,+57-495-632-3444,759,,TN-92,TN,,,,,,,,,,,10.28,13.38,11.52,2015,employé,Très satisfait
760,ben ncira,Mariem,Kostinbrod,1997-12-28,F,TN,C,1505656,2016-04-29,Crato,9000,mpaolol3@unc.edu,+359-109-633-8967,760,,TN-21,TN,,,,,,,,,,,13.4,12.61,13.08,2017,en formation,Satisfait
761,ben chaaben,Jaafer,Aranitas,1999-12-02,M,TN,C,1505657,2016-07-10,Yanggang,2200,jpelel4@1688.com,+355-144-342-7708,761,,TN-95,TN,,,,,,,,,,,10.85,13.95,12.09,2024,employé,Très satisfait
762,bou setta,Donia,Sandao,2000-06-28,F,TN,C,1505658,2015-02-26,Negombo,1100,dcarasl5@hibu.com,+86-715-463-9765,762,,TN-51,TN,,,,,,,,,,,12.24,12.73,12.44,2021,employé,Très satisfait
763,charfi,Bilel,Marseille,2000-09-11,M,TN,P,1505659,2017-01-16,Wahai,4000,bgulstonl6@wisc.edu,+33-575-429-3876,763,,TN-42,TN,,,,,,,,,,,17.12,14.86,16.22,2024,chômage,Très satisfait
764,briki,Talel,Contagem,2002-12-03,M,TN,C,1505660,2015-11-06,Bancak Wetan,1000,tminthorpel7@umich.edu,+55-988-945-6979,764,,TN-43,TN,,,,,,,,,,,11.81,11.32,11.61,2017,en formation,Satisfait
765,mabrouki,Wissem,Montluel,2001-05-21,M,TN,C,1505661,2017-02-16,Kupchino,2010,wseinl8@t.co,+33-831-891-2601,765,,TN-42,TN,,,,,,,,,,,14.3,13.46,13.96,2018,chômage,Très satisfait
766,Kasraoui,Anas,Yishi,1997-10-25,M,TN,C,1505662,2017-06-30,Tullich,1100,afutterl9@columbia.edu,+86-155-843-0742,766,,TN-42,TN,,,,,,,,,,,10.59,14.45,12.13,2016,en formation,Très satisfait
767,Soltan,Chaima,B?ng Son,2000-01-01,F,TN,C,1505663,2017-03-02,Spasskoye,2010,cgrimmettla@paypal.com,+84-436-828-4119,767,,TN-95,TN,,,,,,,,,,,11.93,14.28,12.87,2017,employé,Très satisfait
768,hajji,olfa,Hovezí,2002-03-05,F,TN,C,1505664,2016-05-27,Yasnyy,2010,cfundelllb@a8.net,+420-553-657-4201,768,,TN-82,TN,,,,,,,,,,,15.54,18.04,16.54,2023,employé,Très satisfait
769,Jerbi,Lamia,Mulchén,1997-10-17,F,TN,P,1505665,2016-01-12,Tierra y Libertad,2040,lalldrittlc@tiny.cc,+56-732-839-4325,769,,TN-52,TN,,,,,,,,,,,10.75,14.52,12.26,2017,chômage,Satisfait
770,bouabid,Basma,Jiangfang,2001-05-01,F,TN,C,1505666,2016-10-25,Nancy,1100,bternaultld@sciencedaily.com,+86-842-973-1047,770,,TN-91,TN,,,,,,,,,,,15.62,12.49,14.37,2019,chômage,Pas satisfait
771,Faissel,mohssen,Baoshan,2002-05-16,M,TN,C,1505667,2017-05-13,Xiawuqi,2013,ldriscollle@blogspot.com,+86-518-181-4087,771,,TN-81,TN,,,,,,,,,,,13.42,13.86,13.6,2016,employé,Très satisfait
772,Salem,Syrine,Marang,2001-06-21,F,TN,P,1505668,2015-09-15,Jistebnice,9000,smatislf@hubpages.com,+62-595-287-7418,772,,TN-21,TN,,,,,,,,,,,10.88,11.34,11.06,2018,employé,Peu satisfait
773,Mimich,farah,Saint Louis,1998-03-06,F,TN,C,1505669,2017-07-12,Szczerców,9000,ethunnercleflg@mediafire.com,+1-636-324-8333,773,,TN-12,TN,,,,,,,,,,,13.26,13.88,13.51,2021,chômage,Satisfait
774,Ramzi,hamza,Amersfoort,2001-11-21,M,TN,C,1505670,2015-12-08,Železný Brod,2200,dhantuschlh@yandex.ru,+31-352-725-9363,774,,TN-42,TN,,,,,,,,,,,13.95,12.75,13.47,2021,employé,Satisfait
775,Talbi,Taib,Pereira Barreto,2002-11-17,M,TN,P,1505671,2017-05-28,Kolyubakino,9000,tmcphelimyli@csmonitor.com,+55-913-949-7531,775,,TN-43,TN,,,,,,,,,,,13.24,15.37,14.09,2017,employé,Satisfait
776,Ghoul,Baya,Porto Real,2000-01-01,F,TN,C,1505672,2016-12-18,Lavezares,1000,bpickardlj@arstechnica.com,+55-946-665-0967,776,,TN-43,TN,,,,,,,,,,,8.86,13.18,10.59,2019,employé,Peu satisfait
777,Taboubi,Jemila,Pedreira,2002-02-24,F,TN,C,1505673,2015-03-18,Baddomalhi,2010,jwestcarrlk@wordpress.com,+351-781-219-0015,777,,TN-82,TN,,,,,,,,,,,10.55,13.82,11.86,2015,employé,Très satisfait
778,toumi,Ahmed,Shalazhi,2001-07-04,M,TN,P,1505674,2015-12-04,Kuroishi,2200,ajeromsonll@tinypic.com,+7-640-135-0022,778,,TN-72,TN,,,,,,,,,,,11.5,13.05,12.12,2024,chômage,Satisfait
779,yahya,Houssine,Sirnarasa,1997-10-22,M,TN,P,1505675,2016-08-14,Pardubice,1000,hloanlm@deliciousdays.com,+62-782-584-3180,779,,,TN,,,,,,,,,,,11.85,16.61,13.75,2024,employé,Satisfait
780,miloud,Maya,Mölndal,1998-12-06,F,TN,P,1505676,2016-11-22,Saint John,1100,mnorewoodln@tmall.com,+46-551-267-6442,780,,TN-93,TN,,,,,,,,,,,13.24,13.52,13.35,2024,chômage,Satisfait
781,arafet,ezer,Svetlyy,2000-01-24,M,TN,C,1505677,2017-05-27,Burrel,4000,emorelo@uiuc.edu,+7-692-184-1867,781,,TN-83,TN,,,,,,,,,,,12.36,16.75,14.12,2015,employé,Peu satisfait
782,zid,Anouar,Odzi,2000-04-02,M,TN,C,1505678,2015-02-17,Famagusta,3000,atillotlp@bbc.co.uk,+263-338-837-7658,782,,TN-21,TN,,,,,,,,,,,9.33,15.22,11.69,2019,employé,Très satisfait
783,ben guebila,farah,Zhenping Chengguanzhen,2000-01-11,F,TN,P,1505679,2015-04-16,Nianba,3000,bdarguelq@a8.net,+86-366-522-3452,783,,TN-83,TN,,,,,,,,,,,12.76,14.72,13.54,2024,chômage,Satisfait
784,Karoui,kamilia,Buluh Kasap,1997-11-08,F,TN,P,1505680,2016-04-25,New Haven,9000,cramaslr@webs.com,+62-883-212-7169,784,,TN-99,TN,,,,,,,,,,,13.22,14.55,13.75,2023,employé,Satisfait
785,Attia,Ghalia,Insua,2002-04-26,F,TN,P,1505681,2017-11-14,Nova Petrópolis,4000,gzouchls@tuttocitta.it,+351-920-172-0750,785,,TN-21,TN,,,,,,,,,,,13.12,14.59,13.71,2015,employé,Très satisfait
786,Rebhi,Racha,Tripoli,2000-11-18,F,TN,C,1505682,2015-02-05,Klau,4000,rbeazelt@telegraph.co.uk,+218-307-781-6009,786,,TN-13,TN,,,,,,,,,,,14.16,11.11,12.94,2015,employé,Très satisfait
787,dziri,seif,Muzidian,2002-07-23,M,TN,C,1505683,2015-02-13,Divisoria,1000,cgutowskilu@thetimes.co.uk,+86-708-623-2511,787,,TN-11,TN,,,,,,,,,,,13.67,13.58,13.63,2018,employé,Satisfait
788,hammami,islem,Kolonia Town,1997-02-20,F,TN,P,1505684,2015-10-24,Murakami,8000,aocorriganelv@ucoz.ru,+691-336-682-0535,788,,TN-93,TN,,,,,,,,,,,12.92,15.27,13.86,2018,employé,Peu satisfait
789,moussa,raki,Patulul,2020-04-04,M,TN,P,1505685,2017-08-20,Dosso,4000,rudeylw@123-reg.co.uk,+502-929-799-0146,789,,TN-82,TN,,,,,,,,,,,11.86,13.93,12.69,2016,chômage,Satisfait
790,ben mehrez,Bassem,Arraial do Cabo,1997-12-22,M,TN,C,1505686,2017-05-10,Kolsko,2200,bitzchakilx@csmonitor.com,+55-305-471-2262,790,,TN-81,TN,,,,,,,,,,,8.68,11.89,9.96,2023,chômage,Peu satisfait
791,meherzi,Ezer,Delanggu,2000-11-03,M,TN,C,1505687,2015-08-27,Nowy Duninów,4000,erickabyly@yandex.ru,+62-621-998-1231,791,,TN-12,TN,,,,,,,,,,,12.86,13.92,13.28,2023,chômage,Satisfait
792,boujelfa,raoua,Miskolc,1999-05-20,F,TN,P,1505688,2015-02-22,Iturama,1000,amallalieulz@gnu.org,+36-437-327-5031,792,,TN-31,TN,,,,,,,,,,,12.42,16.56,14.08,2016,employé,Très satisfait
793,jassem,Dalila,Xique Xique,2002-12-24,F,TN,P,1505689,2017-01-26,Cergy-Pontoise,2040,dflavertym0@scribd.com,+55-777-272-1517,793,,TN-92,TN,,,,,,,,,,,12.54,15.87,13.87,2023,employé,Très satisfait
794,hakimi,Seif,Swedru,1997-05-25,M,TN,P,1505690,2015-06-13,Peristerona,2013,sjoutapaviciusm1@typepad.com,+233-573-496-8374,794,,TN-11,TN,,,,,,,,,,,9.45,13.91,11.23,2020,employé,Très satisfait
795,chaouchi,Sami,Jieguanting,2000-03-28,M,TN,P,1505691,2016-07-29,Tanglag,4000,sreidem2@independent.co.uk,+86-938-717-4138,795,,TN-71,TN,,,,,,,,,,,9.84,15.43,12.08,2022,employé,Très satisfait
796,miled,Jamel,Caluire-et-Cuire,2000-03-13,M,TN,C,1505692,2016-07-10,Babica,2200,jsandercockm3@washington.edu,+33-163-837-8074,796,,TN-71,TN,,,,,,,,,,,14.11,13.45,13.85,2024,employé,Très satisfait
797,Tlili,Mariem,Al Fukhkhari,2024-01-11,F,TN,P,1505693,2017-09-25,Kinshasa,3000,mbartelsm4@friendfeed.com,+970-740-796-4039,797,,TN-31,TN,,,,,,,,,,,11.92,11.44,11.73,2018,employé,Satisfait
798,nouri,Nasser,Boca Chica,2000-12-21,M,TN,P,1505694,2017-10-04,Daqiao,4000,ndurnallm5@prweb.com,+1-627-685-9887,798,,TN-13,TN,,,,,,,,,,,13.36,12.61,13.06,2016,en formation,Satisfait
799,hazem,ferid,Carriedo,1998-07-07,M,TN,C,1505695,2016-08-08,Xinsheng,2200,pcallenm6@dailymotion.com,+63-632-513-8882,799,,TN-94,TN,,,,,,,,,,,12.06,16.34,13.77,2016,employé,Très satisfait
800,boulabiar,kmar,Thanh Ba,1997-05-04,F,TN,C,1505696,2017-01-08,Wa’erma,8000,tgovinlockm7@unicef.org,+84-335-756-6252,800,,TN-51,TN,,,,,,,,,,,12.06,13.59,12.67,2023,employé,Très satisfait
801,ben rjab,Mahmoud,Gobang,2002-10-12,M,TN,C,1505697,2015-03-03,Lakota,8000,mgoneym8@studiopress.com,+62-810-921-4674,801,,TN-51,TN,,,,,,,,,,,13.88,13.63,13.78,2015,chômage,Très satisfait
802,jridi,Daoud,Ondangwa,2001-04-27,M,TN,C,1505698,2017-05-17,Ban Rangsit,2040,dbodhamm9@rambler.ru,+264-306-854-0690,802,,,TN,,,,,,,,,,,10.97,13.55,12.0,2021,employé,Satisfait
803,El mastouri,chedi,Sámara,2000-10-25,M,TN,C,1505699,2015-01-05,Taokeng,9000,sadolfma@cpanel.net,+506-521-381-7961,803,,TN-43,TN,,,,,,,,,,,12.19,16.86,14.06,2017,chômage,Très satisfait
804,mechmech,karim,Hanušovice,1998-12-07,M,TN,P,1505700,2015-09-11,Halong,2040,kedysonmb@tmall.com,+420-293-651-9933,804,,TN-31,TN,,,,,,,,,,,11.08,16.44,13.22,2017,chômage,Très satisfait
805,Ferchichi,Ghaith,Jabranti,1997-04-30,M,TN,C,1505701,2017-03-10,Ilam,1000,ggibbiemc@xing.com,+62-480-163-4777,805,,TN-82,TN,,,,,,,,,,,11.13,17.33,13.61,2016,en formation,Peu satisfait
806,hmaida,lamia,Koroyo,1997-08-16,F,TN,C,1505702,2016-10-18,Ngajum,8000,ayonniemd@squarespace.com,+62-725-481-1808,806,,TN-12,TN,,,,,,,,,,,11.38,13.76,12.33,2024,employé,Peu satisfait
807,toumi,Larra,Ojo de Agua,2025-03-09,F,TN,P,1505703,2015-02-04,Semënov,2200,layreme@hostgator.com,+52-926-585-8699,807,,TN-72,TN,,,,,,,,,,,12.44,14.44,13.24,2020,chômage,Très satisfait
808,yahya,asma,Vyazniki,2000-04-08,F,TN,P,1505704,2016-05-30,Ketrzyn,2200,jgrattenmf@addthis.com,+7-431-597-1104,808,,TN-21,TN,,,,,,,,,,,11.04,11.73,11.32,2024,employé,Satisfait
809,andolsi,Sana,Huzhou,1998-12-10,F,TN,C,1505705,2016-11-04,Jiguan,3000,sordemannmg@indiatimes.com,+86-810-992-9561,809,,TN-21,TN,,,,,,,,,,,14.51,16.22,15.19,2016,chômage,Très satisfait
810,kammoun,Faissel,Manevychi,2001-08-19,M,TN,P,1505706,2015-05-06,Tualeu,2040,fcastlemanmh@wikia.com,+380-597-820-2109,810,,TN-31,TN,,,,,,,,,,,10.21,12.25,11.03,2024,employé,Peu satisfait
811,mraihi,Daousser,Millet,2001-09-17,M,TN,P,1505707,2015-09-13,Straszydle,2013,dsimcoemi@washingtonpost.com,+1-801-103-6947,811,,TN-31,TN,,,,,,,,,,,11.63,14.33,12.71,2018,employé,Satisfait
812,mbarek,Bahe,Mainri,2002-10-07,M,TN,P,1505708,2015-05-01,Yishan,1000,bgarfathmj@xing.com,+86-824-239-9637,812,,TN-72,TN,,,,,,,,,,,11.12,12.35,11.61,2024,employé,Très satisfait
813,fitouri,dalila,Bonriki Village,2001-12-30,F,TN,C,1505709,2017-04-01,Ketanen,1000,pcreebomk@java.com,+686-952-330-5000,813,,TN-83,TN,,,,,,,,,,,14.89,13.12,14.18,2023,employé,Satisfait
814,chaouchi,Rawed,Altares,1997-07-25,M,TN,C,1505710,2016-10-05,San Basilio,2200,reallesml@stumbleupon.com,+351-226-593-8025,814,,TN-71,TN,,,,,,,,,,,12.39,12.74,12.53,2023,chômage,Très satisfait
815,snoussi,Wissem,Batouri,2001-05-05,M,TN,C,1505711,2016-02-09,Kulunda,8000,wcrakemm@ft.com,+237-675-228-4725,815,,TN-41,TN,,,,,,,,,,,14.06,13.09,13.67,2020,chômage,Très satisfait
816,guidouz,Ahmed,Kole,2000-01-01,M,TN,P,1505712,2017-11-13,Debno,2013,akleinplatzmn@hc360.com,+256-985-462-1427,816,,TN-72,TN,,,,,,,,,,,09.03,13.19,10.69,2018,chômage,Très satisfait
817,Yahya,Bechir,Berdorf,1998-06-18,M,TN,C,1505713,2017-12-21,Bestöbe,2040,bbratchmo@webeden.co.uk,+352-753-522-8556,817,,TN-99,TN,,,,,,,,,,,12.53,13.18,12.79,2021,employé,Satisfait
818,ajimi,salma,Bendungan,1998-04-01,F,TN,P,1505714,2017-01-21,Taganskiy,9000,dgoudmanmp@simplemachines.org,+62-867-906-0086,818,,TN-61,TN,,,,,,,,,,,13.78,15.25,14.37,2015,chômage,Très satisfait
819,Miledi,Takwa,Barbacena,1997-03-20,F,TN,C,1505715,2016-05-06,Taohua,2010,tgassmq@patch.com,+55-318-375-8589,819,,TN-83,TN,,,,,,,,,,,12.16,12.34,12.23,2018,employé,Très satisfait
820,abbes,Ghaith,Logon,2002-03-07,M,TN,C,1505716,2017-11-12,Torbeck,2013,ghoultmr@kickstarter.com,+63-773-131-1488,820,,TN-31,TN,,,,,,,,,,,14.13,14.33,14.21,2019,chômage,Très satisfait
821,Dahmen,zeineb,Shancheng,1999-01-07,F,TN,P,1505717,2017-01-05,Yangxi,8000,epraterms@reddit.com,+86-419-965-8533,821,,TN-51,TN,,,,,,,,,,,10.97,15.83,12.91,2022,en formation,Très satisfait
822,Mahmmoud,Kais,Gorbatov,2002-05-22,M,TN,P,1505718,2016-06-14,Mullovka,9000,kbromwichmt@blogtalkradio.com,+7-485-169-3356,822,,,TN,,,,,,,,,,,14.82,13.23,14.18,2016,employé,Peu satisfait
823,jaffel,Mariem,Celeirós,1997-06-06,F,TN,P,1505719,2017-05-30,Demyansk,4000,mjakovmu@cisco.com,+351-796-653-3861,823,,TN-32,TN,,,,,,,,,,,16.6,12.92,15.13,2019,chômage,Très satisfait
824,hrizi,Nesrine,Kesheng,2001-05-01,F,TN,C,1505720,2017-06-26,Manuel Cavazos Lerma,2200,ngaspardmv@huffingtonpost.com,+86-477-155-7803,824,,TN-31,TN,,,,,,,,,,,11.27,13.65,12.22,2020,employé,Très satisfait
825,Akkeri,Fedi,Dongtou,2002-08-08,M,TN,P,1505721,2016-08-16,Nggambel,8000,fdoddrellmw@netscape.com,+86-540-107-8965,825,,,TN,,,,,,,,,,,11.11,15.77,12.97,2019,employé,Satisfait
826,mathlouthi,Mohssen,Huangyang,1999-05-30,M,TN,C,1505722,2015-01-27,Dowlatyar,1000,mmaffinmx@google.co.uk,+86-271-943-0194,826,,TN-92,TN,,,,,,,,,,,14.91,14.29,14.66,2023,employé,Peu satisfait
827,bouderbela,Jamila,Saba Yoi,1998-08-07,F,TN,C,1505723,2017-05-03,Currais Novos,2010,jgibsonmy@pbs.org,+66-347-535-0225,827,,TN-92,TN,,,,,,,,,,,15.16,13.2,14.38,2024,employé,Peu satisfait
828,farhat,Doua,Hongyi,2000-11-27,F,TN,C,1505724,2015-08-16,Tiniguiban,2010,dosullivanmz@instagram.com,+86-183-347-5470,828,,TN-41,TN,,,,,,,,,,,10.95,14.73,12.46,2015,chômage,Satisfait
829,othmen,Lamine,Huashu,2000-01-01,M,TN,P,1505725,2016-10-07,Dongchuan,2200,lwhartonn0@ibm.com,+86-106-533-3286,829,,TN-83,TN,,,,,,,,,,,11.16,12.35,11.64,2017,employé,Très satisfait
830,nehdi,Hazem,Fulong,1999-03-12,M,TN,P,1505726,2016-09-11,Roubaix,3000,hdashkovichn1@lulu.com,+86-873-185-7776,830,,TN-21,TN,,,,,,,,,,,11.44,15.02,12.87,2016,employé,Satisfait
831,kalboussi,Jamila,Xiaodukou,1999-04-21,F,TN,P,1505727,2017-05-18,Lagów,9000,jcopon2@unblog.fr,+86-373-163-4195,831,,TN-99,TN,,,,,,,,,,,9.31,14.61,11.43,2017,employé,Satisfait
832,chaouachi,Raoua,Ponte Nova,1997-04-25,F,TN,P,1505728,2016-10-01,Mujiangping,3000,rrizziellon3@census.gov,+55-658-152-0536,832,,TN-71,TN,,,,,,,,,,,10.16,13.54,11.51,2024,chômage,Très satisfait
833,Hmida,ismail,Suvorovskaya,1998-05-21,M,TN,P,1505729,2015-09-04,Tha Mai,1000,llown4@theatlantic.com,+7-928-625-0041,833,,TN-21,TN,,,,,,,,,,,9.99,12.74,11.09,2023,en formation,Peu satisfait
834,werghi,Naima,Kafr Mi?r,2001-12-11,F,TN,C,1505730,2016-05-21,Pousada,9000,nfrugiern5@wp.com,+972-137-274-5998,834,,TN-95,TN,,,,,,,,,,,10.46,12.67,11.34,2023,chômage,Très satisfait
835,jaafer,fatma,Nueve de Julio,1997-06-25,F,TN,C,1505731,2017-09-09,Mamasa,2200,gthackern6@webs.com,+54-454-488-5308,835,,TN-32,TN,,,,,,,,,,,11.93,14.8,13.08,2024,chômage,Pas satisfait
836,Maysouri,Kais,Huozhuangzi,2001-11-13,M,TN,C,1505732,2017-05-20,Sengkerang Tiga,4000,kgulcn7@pbs.org,+86-382-752-8774,836,,TN-13,TN,,,,,,,,,,,12.47,15.84,13.82,2016,employé,Peu satisfait
837,krouma,Fedi,Kabulusan,2000-05-02,M,TN,C,1505733,2016-01-31,São Pedro de Trafaria,3000,fwalburnn8@sakura.ne.jp,+63-559-360-9213,837,,TN-13,TN,,,,,,,,,,,15.1,13.04,14.28,2017,employé,Satisfait
838,ben salah,Ahmed,Jakubowice Murowane,2000-01-01,M,TN,P,1505734,2015-09-04,Aleshtar,9000,amewn9@yale.edu,+48-149-597-6834,838,,,TN,,,,,,,,,,,10.0,14.69,11.88,2018,employé,Peu satisfait
839,boughanmi,Taher,Oviedo,1998-10-19,M,TN,C,1505735,2015-08-16,Heishan,3000,tvickerstaffna@hhs.gov,+1-480-937-9842,839,,TN-71,TN,,,,,,,,,,,13.97,10.87,12.73,2023,employé,Satisfait
840,ayari,Nesrine,Pokrovka,2000-02-14,F,TN,C,1505736,2016-11-27,Nizhneivkino,8000,nmaddocksnb@independent.co.uk,+7-148-713-1792,840,,TN-52,TN,,,,,,,,,,,11.57,13.12,12.19,2017,chômage,Très satisfait
841,mathlouthi,nabila,Iturama,1998-05-10,F,TN,P,1505737,2015-06-10,Airmadidi,2013,gbarshamnc@constantcontact.com,+55-102-688-0898,841,,TN-12,TN,,,,,,,,,,,11.9,13.95,12.72,2021,employé,Satisfait
842,abidi,Ghaith,Tieba,1997-07-31,M,TN,P,1505738,2015-06-24,Valejas,2010,gtimbsnd@google.com.au,+86-807-270-8890,842,,TN-93,TN,,,,,,,,,,,13.35,12.64,13.07,2017,chômage,Très satisfait
843,Hajri,Mohssen,Guanba,2002-05-29,M,TN,P,1505739,2017-07-11,Yunzhong,4000,mpaulene@dailymotion.com,+86-573-856-6545,843,,TN-41,TN,,,,,,,,,,,9.75,12.6,10.89,2021,employé,Très satisfait
844,nacache,Majdi,Henghe,2002-12-24,M,TN,P,1505740,2015-09-15,Songjianghe,2013,mgiampietronf@bbb.org,+86-252-863-4475,844,,TN-92,TN,,,,,,,,,,,12.76,13.0,12.86,2021,employé,Satisfait
845,jouni,awatef,Wanasari Baleran,2002-10-19,F,TN,C,1505741,2017-02-23,Kyaiklat,2013,apetyaninng@123-reg.co.uk,+62-380-292-9012,845,,TN-94,TN,,,,,,,,,,,12.33,14.44,13.17,2023,employé,Très satisfait
846,belhadj kassem,Akrem,Khamyab,1999-09-22,M,TN,P,1505742,2016-08-07,Chã,2040,apreddlenh@java.com,+93-402-520-3810,846,,TN-41,TN,,,,,,,,,,,12.98,13.72,13.28,2016,chômage,Très satisfait
847,belhadj sallem,daousser,Komorniki,2001-05-22,M,TN,P,1505743,2015-05-15,Queimados,2013,dcribbinsni@tmall.com,+48-640-947-7077,847,,TN-12,TN,,,,,,,,,,,12.58,10.64,11.8,2020,chômage,Satisfait
848,Houri,Noura,Paris 11,2000-12-28,F,TN,C,1505744,2016-10-03,Mohale’s Hoek,4000,nattenbarrownj@nps.gov,+33-804-922-2235,848,,TN-83,TN,,,,,,,,,,,16.91,10.82,14.47,2023,chômage,Peu satisfait
849,Mrabet,salma,Zhashkiv,2000-01-01,F,TN,C,1505745,2017-03-12,Th? Tr?n Thu?n Châu,8000,ctiffneynk@cnbc.com,+380-261-980-4558,849,,TN-71,TN,,,,,,,,,,,10.72,13.09,11.67,2016,employé,Très satisfait
850,msalmi,chedi,Kowalewo Pomorskie,1999-06-14,M,TN,P,1505746,2015-03-29,Samagaltay,2010,sguittetnl@discovery.com,+48-780-716-8059,850,,TN-42,TN,,,,,,,,,,,10.94,14.69,12.44,2016,en formation,Très satisfait
851,selmi,camilia,Neglasari,2001-08-14,F,TN,C,1505747,2016-09-02,Wichit,2040,cstainnm@booking.com,+62-447-334-7447,851,,TN-13,TN,,,,,,,,,,,10.75,9.88,10.4,2019,employé,Très satisfait
852,ben hssan,Mariam,Petropavlovsk,2001-06-21,F,TN,C,1505748,2017-02-24,Wielka Nieszawka,2010,mhiggennn@rambler.ru,+7-600-671-0505,852,,TN-91,TN,,,,,,,,,,,10.89,13.25,11.83,2024,employé,Satisfait
853,meherzi,Donia,Krasnoye,1997-07-10,F,TN,P,1505749,2016-09-27,Mugi,9000,dmullinsno@canalblog.com,+7-774-473-4413,853,,TN-43,TN,,,,,,,,,,,10.73,13.21,11.72,2024,en formation,Très satisfait
854,klibi,ridha,Rojas,2000-03-14,M,TN,P,1505750,2017-08-28,Dayong,4000,lkilgrovenp@soundcloud.com,+54-598-760-4332,854,,TN-12,TN,,,,,,,,,,,14.38,16.08,15.06,2024,employé,Satisfait
855,ouesleti,Oussema,Aranas Sur,2000-06-20,M,TN,P,1505751,2017-08-14,Badajoz,1100,oemsleynq@live.com,+63-749-498-1864,855,,TN-99,TN,,,,,,,,,,,14.84,13.42,14.27,2022,chômage,Très satisfait
856,meftehi,Naima,Zherdevka,2001-08-03,F,TN,P,1505752,2017-10-11,Sajur,1100,nshermorenr@netvibes.com,+7-231-686-5120,856,,TN-72,TN,,,,,,,,,,,10.86,14.57,12.34,2023,employé,Très satisfait
857,nsiriKarylin,Insaf,Stepnica,1997-03-16,F,TN,C,1505753,2015-05-25,Pulau Tiga,1100,imarzellans@sciencedirect.com,+48-334-845-9245,857,,TN-21,TN,,,,,,,,,,,10.34,14.21,11.89,2016,employé,Peu satisfait
858,chwereb,karim,Calumpang,2000-01-01,M,TN,P,1505754,2017-12-18,Bantarsari Kulon,2013,cgodartnt@g.co,+63-428-857-2631,858,,TN-42,TN,,,,,,,,,,,12.94,10.8,12.08,2019,en formation,Très satisfait
859,touil,Tarek,Bidya,2002-11-11,M,TN,P,1505755,2015-05-20,Aubenas,2013,tnewsonnu@naver.com,+970-449-548-5962,859,,TN-42,TN,,,,,,,,,,,10.9,15.15,12.6,2021,employé,Satisfait
860,troudi,Seif,Lenchwe Le Tau,1999-12-29,M,TN,C,1505756,2016-05-28,Gap,2013,slargentnv@scribd.com,+267-270-805-5139,860,,TN-91,TN,,,,,,,,,,,13.27,14.32,13.69,2020,chômage,Très satisfait
861,mohamed,Alia,Milaor,1999-08-29,F,TN,C,1505757,2015-06-24,Gospic,2040,akimenw@wiley.com,+63-292-558-8095,861,,TN-83,TN,,,,,,,,,,,12.41,14.76,13.35,2020,employé,Satisfait
862,el houni,Wahid,Rakiv Lis,1997-07-14,M,TN,C,1505758,2017-02-01,Bundoc,9000,wstogglesnx@reverbnation.com,+380-570-206-2802,862,,TN-61,TN,,,,,,,,,,,8.97,19.89,13.34,2021,chômage,Satisfait
863,magherbi,Wissal,Tor,1997-10-17,F,TN,P,1505759,2016-02-27,Kilju,8000,wtimsonny@mac.com,+20-367-725-1492,863,,TN-42,TN,,,,,,,,,,,15.1,10.87,13.41,2017,employé,Très satisfait
864,mechergui,Linda,Shanguang,1998-10-23,F,TN,C,1505760,2016-03-19,Vitry-le-François,2010,lfawcittnz@hubpages.com,+86-137-982-4874,864,,TN-94,TN,,,,,,,,,,,15.59,16.59,15.99,2017,employé,Très satisfait
865,touil,rostem,Porsgrunn,1997-05-01,M,TN,C,1505761,2017-11-25,Kanaya,8000,rcosseyo0@jalbum.net,+47-846-866-4042,865,,TN-83,TN,,,,,,,,,,,10.77,13.57,11.89,2024,employé,Très satisfait
866,cherni,Awatef,João Pessoa,2000-01-01,F,TN,C,1505762,2015-08-17,Mpanda,3000,ajoontjeso1@goo.ne.jp,+55-413-878-3235,866,,TN-95,TN,,,,,,,,,,,11.22,14.43,12.5,2023,employé,Satisfait
867,mahjoubi,Nora,Saint Paul,1999-05-28,F,TN,C,1505763,2015-11-17,Anávra,3000,nfuggleso2@comsenz.com,+1-612-334-1288,867,,TN-43,TN,,,,,,,,,,,12.57,13.93,13.11,2022,en formation,Peu satisfait
868,sahheb etabaa,Taoufik,Phan Rang-Tháp Chàm,2002-08-17,M,TN,C,1505764,2017-12-10,Huangmao,1100,tmcnultyo3@naver.com,+84-362-309-1191,868,,TN-99,TN,,,,,,,,,,,12.67,13.36,12.95,2019,employé,Satisfait
869,khouli,kousay,Verkhnyaya Toyma,2000-07-15,M,TN,C,1505765,2015-12-15,Sayán,1000,umeeuso4@miitbeian.gov.cn,+7-612-435-9014,869,,TN-92,TN,,,,,,,,,,,13.32,13.15,13.25,2020,employé,Satisfait
870,jlassi,Hakim,Nong Bua,1998-08-25,M,TN,P,1505766,2015-11-30,Guadalupe,9000,hvineo5@live.com,+66-703-454-2981,870,,TN-43,TN,,,,,,,,,,,16.02,14.49,15.41,2024,employé,Très satisfait
871,debbiche,Aysha,Sahline,2002-09-29,F,TN,P,1505767,2015-07-03,Kalibuntu,2200,abealingo6@about.me,+216-555-267-8556,871,,TN-11,TN,,,,,,,,,,,11.65,11.72,11.68,2015,employé,Très satisfait
872,zaghouani,Naim,Heishan,2001-01-02,M,TN,C,1505768,2016-03-10,Macapsing,3000,nclilverdo7@biglobe.ne.jp,+86-672-344-6870,872,,TN-93,TN,,,,,,,,,,,10.4,15.13,12.29,2024,chômage,Très satisfait
873,Meddi,Baya,Valladolid,1997-05-21,F,TN,P,1505769,2016-04-20,Mahuta,2040,bkahano8@vk.com,+34-410-650-7759,873,,TN-71,TN,,,,,,,,,,,9.24,13.38,10.9,2015,en formation,Très satisfait
874,Hazem,Daoud,Guacamaya,2000-01-01,M,TN,C,1505770,2016-11-01,Fredrikstad,2200,dpyatto9@behance.net,+504-989-185-1005,874,,TN-81,TN,,,,,,,,,,,10.54,12.3,11.24,2018,employé,Très satisfait
875,Ferrah,Lara,Qiting,2001-11-22,F,TN,C,1505771,2016-11-24,Maslovka,1100,lantonognolioa@cloudflare.com,+86-210-374-6367,875,,TN-91,TN,,,,,,,,,,,11.93,13.32,12.49,2016,chômage,Satisfait
876,ben abd lkwey,Dalila,Razgrad,2001-08-02,F,TN,P,1505772,2017-06-15,Montreuil,9000,ddziwiszob@chronoengine.com,+359-844-859-3647,876,,TN-91,TN,,,,,,,,,,,15.59,15.89,15.71,2021,employé,Satisfait
877,Ghanem,Ghanem,Tongliao,1997-07-11,M,TN,P,1505773,2015-08-25,Wum,2013,grisenoc@vk.com,+86-721-799-5120,877,,TN-11,TN,,,,,,,,,,,10.96,13.2,11.86,2016,employé,Peu satisfait
878,soltan,Mariem,Quebrada Canoa,2001-12-17,F,TN,P,1505774,2017-01-12,Babakanjaya,2013,mtipladyod@columbia.edu,+507-282-607-5455,878,,TN-94,TN,,,,,,,,,,,12.45,14.54,13.29,2024,chômage,Très satisfait
879,cherni,Fayssel,Retreat,1998-07-21,M,TN,P,1505775,2017-09-13,Wolomoni,4000,faylettoe@tmall.com,+27-169-161-4042,879,,TN-93,TN,,,,,,,,,,,11.97,12.9,12.34,2016,employé,Satisfait
880,korbi,fawez,Haylaastay,2000-03-23,M,TN,P,1505776,2016-06-15,Hoboksar,2040,vhutableof@wikipedia.org,+976-106-682-8373,880,,TN-61,TN,,,,,,,,,,,14.38,15.14,14.68,2019,chômage,Peu satisfait
881,ben amor,wided,Fatubia,2002-09-08,F,TN,P,1505777,2016-02-15,Caqu,2040,norkneyog@apache.org,+62-723-461-8523,881,,,TN,,,,,,,,,,,17.05,15.03,16.24,2018,chômage,Satisfait
882,Labben,Lydia,Randuagung,2002-06-24,F,TN,C,1505778,2017-06-01,Gia Ray,1100,lsulteroh@bravesites.com,+62-930-857-1729,882,,TN-72,TN,,,,,,,,,,,10.94,16.77,13.27,2022,employé,Très satisfait
883,araar,Ghalia,El Paso,1997-04-08,F,TN,C,1505779,2017-04-04,Khon San,9000,gfeatonbyoi@jiathis.com,+1-915-620-2854,883,,TN-11,TN,,,,,,,,,,,11.02,13.74,12.11,2018,en formation,Très satisfait
884,ben ncira,hakim,Diadi,1998-11-11,M,TN,P,1505780,2016-11-17,Razgrad,3000,dkiffeoj@loc.gov,+63-640-515-8218,884,,TN-61,TN,,,,,,,,,,,14.09,15.0,14.45,2020,chômage,Très satisfait
885,thamer,habib,Sindangrasa,2002-05-28,M,TN,C,1505781,2017-06-21,Damu,3000,balphonsook@berkeley.edu,+62-212-444-3972,885,,,TN,,,,,,,,,,,13.36,14.15,13.68,2019,employé,Très satisfait
886,nawar,Sameh,Krajan,1998-06-10,M,TN,P,1505782,2016-03-18,Bunirasa,1100,seakensol@squidoo.com,+62-138-686-9208,886,,TN-43,TN,,,,,,,,,,,15.69,15.94,15.79,2016,chômage,Satisfait
887,Rejab,seif,Robonkon,2000-05-07,M,TN,C,1505783,2015-12-23,Daegu,1000,ddanielczykom@fc2.com,+63-393-649-0059,887,,TN-94,TN,,,,,,,,,,,13.17,12.92,13.07,2022,employé,Très satisfait
888,soula,Isra,København,2000-01-01,F,TN,C,1505784,2016-11-26,Carleton Place,9000,itharmeon@thetimes.co.uk,+45-811-841-8262,888,,TN-11,TN,,,,,,,,,,,11.28,15.12,12.82,2016,en formation,Très satisfait
889,Nahdi,Kaouther,Osogbo,2002-11-01,F,TN,C,1505785,2015-04-16,Wañgan,9000,kmoncreiffoo@cyberchimps.com,+234-866-306-5919,889,,TN-92,TN,,,,,,,,,,,13.18,13.71,13.39,2023,chômage,Satisfait
890,argoubi,wahid,Fengshan,2000-01-01,M,TN,C,1505786,2017-07-22,Nîmes,3000,wzuanazziop@youtu.be,+86-657-456-0204,890,,TN-52,TN,,,,,,,,,,,14.22,13.9,14.09,2023,employé,Peu satisfait
891,henia,rim,Smolenskaya,1997-04-28,F,TN,C,1505787,2015-08-15,Dongmafang,9000,vwillowsoq@arstechnica.com,+7-292-230-6872,891,,TN-11,TN,,,,,,,,,,,13.64,14.14,13.84,2017,employé,Satisfait
892,amri,rabia,Tadif,2000-01-01,F,TN,P,1505788,2016-04-26,Campechuela,2040,rrodrigor@quantcast.com,+963-577-183-0951,892,,TN-81,TN,,,,,,,,,,,13.01,14.38,13.56,2018,chômage,Satisfait
893,sehli,ahmed,Vicente Guerrero,2001-11-03,M,TN,P,1505789,2015-01-09,Bantarjati,2200,agrangeos@google.co.uk,+52-163-471-2061,893,,TN-31,TN,,,,,,,,,,,14.13,13.83,14.01,2022,employé,Très satisfait
894,sifi,Kamel,Xomong,1997-08-29,M,TN,C,1505790,2015-04-08,Cešinovo,2013,ktenbyot@usnews.com,+86-399-106-1633,894,,TN-21,TN,,,,,,,,,,,14.34,14.32,14.33,2023,employé,Très satisfait
895,nasri,Tayma,Chambara,1997-08-15,F,TN,C,1505791,2015-10-26,Xiongchi,1000,tjoanou@wikipedia.org,+51-968-718-2297,895,,TN-52,TN,,,,,,,,,,,14.76,16.37,15.4,2017,employé,Très satisfait
896,achour,Tamer,Huangji,2001-01-03,M,TN,C,1505792,2016-09-21,Mino,1100,tbiddleov@un.org,+86-650-568-8756,896,,TN-11,TN,,,,,,,,,,,13.3,15.48,14.17,2019,employé,Satisfait
897,kaabi,Ezer,Obock,2002-12-20,M,TN,C,1505793,2017-07-04,Saint-Félicien,8000,estreatherow@sciencedaily.com,+253-651-494-2307,897,,TN-32,TN,,,,,,,,,,,11.67,15.3,13.12,2022,employé,Peu satisfait
898,chkili,Ghanem,Beausejour,1999-09-11,M,TN,P,1505794,2016-08-21,Kuma,2013,gwaleranox@mapy.cz,+1-408-860-9342,898,,TN-92,TN,,,,,,,,,,,12.29,13.32,12.7,2017,employé,Très satisfait
899,Rahal,Kmar,Kajiki,2001-01-04,F,TN,C,1505795,2016-03-10,Emiliano Zapata,2200,kbrundilloy@moonfruit.com,+81-321-908-5675,899,,TN-92,TN,,,,,,,,,,,14.41,12.67,13.71,2021,employé,Satisfait
900,ben taleb,awatef,Kamenné Žehrovice,1997-01-20,F,TN,C,1505796,2015-09-29,Ipauçu,1000,pdikelsoz@huffingtonpost.com,+420-133-143-1399,900,,TN-41,TN,,,,,,,,,,,10.37,15.43,12.39,2022,chômage,Très satisfait
901,farhati,farhat,Sukoreno,2025-09-02,M,TN,C,1505797,2015-10-17,Ryki,1000,ebarnabyp0@yellowbook.com,+62-741-584-7212,901,,TN-32,TN,,,,,,,,,,,12.74,15.31,13.77,2024,employé,Satisfait
902,ben aissa,faouzi,Tunjë,1997-04-28,M,TN,C,1505798,2016-05-11,Tyresö,1100,ggoulstonep1@photobucket.com,+355-812-197-1122,902,,TN-42,TN,,,,,,,,,,,11.21,16.21,13.21,2017,employé,Très satisfait
903,ben salah,mostpha,Gi?ng Ri?ng,1998-02-18,M,TN,C,1505799,2017-04-08,Miramichi,9000,rjentgensp2@weebly.com,+84-213-248-0128,903,,TN-93,TN,,,,,,,,,,,12.06,13.09,12.47,2016,employé,Très satisfait
904,baroumi,fadhel,Lingqiao,1997-06-29,M,TN,C,1505800,2017-03-11,Markópoulo,1000,vgettyp3@boston.com,+86-969-229-0222,904,,TN-13,TN,,,,,,,,,,,14.56,13.66,14.2,2024,employé,Peu satisfait
905,barhoumi,Faouzi,Promyshlennaya,2000-04-03,M,TN,P,1505801,2015-01-29,Kuala Lumpur,9000,fbarrusp4@rediff.com,+7-447-648-6676,905,,,TN,,,,,,,,,,,12.38,11.54,12.04,2021,employé,Satisfait
906,turkia,Jesser,Pubal,2000-08-15,M,TN,P,1505802,2015-11-04,Contraalmirante Cordero,1100,jphipsonp5@cornell.edu,+82-587-965-3297,906,,TN-11,TN,,,,,,,,,,,12.09,13.41,12.62,2023,employé,Satisfait
907,haj kassem,Rania,Denov,1999-06-14,F,TN,P,1505803,2016-08-01,Det Udom,4000,rblowfieldp6@4shared.com,+998-342-581-4083,907,,TN-43,TN,,,,,,,,,,,9.28,15.49,11.76,2015,employé,Très satisfait
908,kammoun,anas,Tongbang,2001-09-08,M,TN,C,1505804,2017-04-13,Kuala Lumpur,2013,tduiganp7@columbia.edu,+62-910-906-6615,908,,,TN,,,,,,,,,,,13.49,13.3,13.41,2017,chômage,Très satisfait
909,frikha,rabeb,Šuto Orizare,1997-11-13,F,TN,P,1505805,2015-09-28,Duzhou,8000,gcrewep8@dyndns.org,+389-961-769-2820,909,,TN-41,TN,,,,,,,,,,,13.29,14.96,13.96,2019,chômage,Très satisfait
910,Abassi,farhat,Dasheng,2024-08-26,M,TN,P,1505806,2017-05-27,Yacheng,2040,vtieryp9@google.co.jp,+86-187-330-5084,910,,TN-21,TN,,,,,,,,,,,16.33,13.71,15.28,2017,chômage,Peu satisfait
911,Ayed,hakim,Yanghe,1998-02-13,M,TN,P,1505807,2015-11-22,Yinji,2200,hvosperpa@timesonline.co.uk,+86-680-947-5137,911,,TN-42,TN,,,,,,,,,,,11.38,14.49,12.62,2015,chômage,Pas satisfait
912,Azzabi,Mohssen,Jamma‘in,1997-10-29,M,TN,P,1505808,2017-05-30,Jindong,2040,mdumphriespb@yale.edu,+970-691-347-6129,912,,TN-95,TN,,,,,,,,,,,12.44,12.28,12.38,2021,chômage,Satisfait
913,Baccouche,marouan,Meicheng,1999-06-26,M,TN,P,1505809,2015-08-28,Ranilug,2040,fpashbeepc@blogspot.com,+86-234-971-7092,913,,TN-41,TN,,,,,,,,,,,12.5,14.13,13.15,2021,employé,Très satisfait
914,Bayram,Jannet,Kulonkali,1999-06-28,F,TN,P,1505810,2016-05-20,Hexi,2200,jemmersonpd@ucoz.com,+62-483-718-9744,914,,TN-21,TN,,,,,,,,,,,15.15,9.51,12.89,2024,chômage,Peu satisfait
915,Béji,Mariem,Sabaneta,1998-08-07,F,TN,C,1505811,2016-01-05,Brejo da Madre de Deus,2013,mcovottope@blinklist.com,+1-124-619-1506,915,,TN-52,TN,,,,,,,,,,,11.81,13.72,12.57,2022,employé,Satisfait
916,Belhaj,Basma,Luoping,2002-04-19,F,TN,C,1505812,2015-08-13,Bayt Wazan,2040,bmantruppf@eepurl.com,+86-710-763-7831,916,,TN-95,TN,,,,,,,,,,,12.56,11.55,12.16,2019,chômage,Satisfait
917,Belkacem,radhouan,Monjas,1998-12-29,M,TN,P,1505813,2015-04-28,Ailibugai,9000,fjurschpg@de.vu,+502-360-765-9507,917,,TN-61,TN,,,,,,,,,,,13.22,15.81,14.26,2024,chômage,Très satisfait
918,Belkhodja,Donia,Sumberrejo,1997-09-25,F,TN,C,1505814,2015-04-29,Shidu,9000,dmassinghamph@forbes.com,+62-764-728-0935,918,,TN-95,TN,,,,,,,,,,,12.37,15.17,13.49,2019,employé,Satisfait
919,Ben Achour,laila,Krzemieniewo,2001-03-05,F,TN,C,1505815,2016-04-01,Kulary,4000,lsandilandspi@sciencedaily.com,+48-602-346-9665,919,,TN-95,TN,,,,,,,,,,,11.11,14.7,12.55,2019,employé,Satisfait
920,Ben Ammar,Marouan,San Jorge,1998-10-03,M,TN,P,1505816,2016-02-20,Klyetsk,4000,madgerpj@123-reg.co.uk,+505-187-825-6459,920,,TN-93,TN,,,,,,,,,,,12.39,16.28,13.95,2015,employé,Peu satisfait
921,Ben Ayed,Monsour,Ouadda,1998-06-15,M,TN,C,1505817,2016-12-14,Obernai,2200,mlafayepk@google.de,+236-347-869-6085,921,,TN-31,TN,,,,,,,,,,,14.15,12.58,13.52,2024,chômage,Peu satisfait
922,Ben Slama,Amine,Moca,2001-02-27,M,TN,C,1505818,2017-04-09,Mizhhir’ya,2200,aabbotpl@nsw.gov.au,+1-786-532-3989,922,,TN-12,TN,,,,,,,,,,,9.95,16.62,12.62,2019,chômage,Très satisfait
923,Benhenia,Emina,Maco,2002-08-05,F,TN,P,1505819,2015-05-15,Plavsk,1000,ehofnerpm@theatlantic.com,+63-220-147-3026,923,,TN-12,TN,,,,,,,,,,,12.27,15.4,13.52,2020,chômage,Satisfait
924,Bensoussan,sonia,Xinshi,2001-02-21,F,TN,P,1505820,2017-04-28,Zhangqiang,2013,adibbpn@europa.eu,+86-265-903-5214,924,,TN-12,TN,,,,,,,,,,,10.6,13.65,11.82,2015,employé,Peu satisfait
925,Bessis,Ghali,Orlândia,2001-01-01,M,TN,C,1505821,2016-01-13,Shaoguan,4000,gmcguinleypo@cnn.com,+55-696-984-8077,925,,TN-92,TN,,,,,,,,,,,14.39,15.7,14.91,2021,chômage,Très satisfait
926,Bouazizi,dahmen,Sierakowice,1997-10-14,M,TN,C,1505822,2015-09-03,Yangyu,1000,ioneilpp@arstechnica.com,+48-314-141-4090,926,,TN-52,TN,,,,,,,,,,,8.95,12.34,10.31,2015,employé,Très satisfait
927,Bouhajeb,Jelila,Capão da Canoa,2001-01-13,F,TN,C,1505823,2017-06-17,Shuangxiqiao,2013,jwildorpq@google.ca,+55-191-715-4621,927,,TN-71,TN,,,,,,,,,,,10.88,12.76,11.63,2016,chômage,Très satisfait
928,Boujenah,Naima,Holoriang,1998-04-30,F,TN,C,1505824,2015-12-06,Biryulëvo Zapadnoye,3000,nandryushinpr@wikispaces.com,+62-262-438-2055,928,,TN-13,TN,,,,,,,,,,,12.75,13.09,12.89,2016,employé,Satisfait
929,Brahim,Maryem,Paulínia,2000-10-20,F,TN,C,1505825,2015-10-04,Languan,1100,mcorssps@cam.ac.uk,+55-465-450-0739,929,,TN-31,TN,,,,,,,,,,,15.13,13.21,14.36,2019,employé,Très satisfait
930,Caïd Essebsi,Karima,Tamberías,1999-06-05,F,TN,P,1505826,2016-12-12,Jatibonico,1000,kcurnockpt@tiny.cc,+54-799-543-8765,930,,TN-32,TN,,,,,,,,,,,11.87,12.42,12.09,2024,employé,Satisfait
931,Charfi,kaouther,Buôn Tr?p,1997-03-06,F,TN,P,1505827,2015-12-26,Deán Funes,9000,cstorriepu@sourceforge.net,+84-150-684-0899,931,,TN-81,TN,,,,,,,,,,,10.89,15.83,12.87,2021,chômage,Très satisfait
932,Cheikhrouhou,sonia,Kamphaeng Phet,1999-12-14,F,TN,C,1505828,2016-08-21,Orléans,2200,ccaytonpv@1688.com,+66-255-509-0513,932,,TN-42,TN,,,,,,,,,,,15.76,13.61,14.9,2015,en formation,Peu satisfait
933,Djaït,Anissa,Santa Luzia,2002-11-08,F,TN,P,1505829,2016-11-03,Giesteira,3000,akelsellpw@google.pl,+55-777-281-2076,933,,TN-82,TN,,,,,,,,,,,9.1,14.53,11.27,2024,employé,Très satisfait
934,Djaoui,habiba,Barri ash Sharqi,1902-11-02,F,TN,P,1505830,2016-07-30,Daultala,2010,avainpx@youku.com,+963-451-526-2653,934,,,TN,,,,,,,,,,,7.6,13.14,9.82,2015,employé,Très satisfait
935,Djellouli,Grete,Zabnica,2000-12-25,F,TN,P,1505831,2015-06-30,Kadurahayu,9000,galpespy@fema.gov,+48-501-343-5243,935,,TN-82,TN,,,,,,,,,,,12.88,11.27,12.24,2015,en formation,Satisfait
936,Ghazouani,selma,Kendalngupuk,2001-10-08,F,TN,P,1505832,2015-06-23,Mecholupy,2200,chorrypz@liveinternet.ru,+62-916-565-8726,936,,,TN,,,,,,,,,,,11.0,14.41,12.36,2020,employé,Satisfait
937,Ennaifer,mariem,Shchelkovo,1998-09-11,F,TN,P,1505833,2016-03-31,Kalisangkrah Lor,3000,sbrunq0@fc2.com,+7-932-585-4594,937,,TN-94,TN,,,,,,,,,,,9.96,11.13,10.43,2016,chômage,Très satisfait
938,Fadhel,Taher,Mahaplag,1999-06-21,M,TN,P,1505834,2016-03-28,Penedo,1000,tbrandonq1@bloglovin.com,+63-267-442-3186,938,,TN-91,TN,,,,,,,,,,,13.42,13.9,13.61,2015,employé,Très satisfait
939,Fellous,kader,Modimolle,2000-03-05,M,TN,P,1505835,2016-10-03,Chvalšiny,1100,cbrettelleq2@51.la,+27-409-283-5153,939,,TN-42,TN,,,,,,,,,,,12.49,11.95,12.27,2020,employé,Très satisfait
940,Issaoui,ayoub,Toktogul,1997-07-03,M,TN,P,1505836,2017-11-19,Aoluguya Ewenke Minzu,8000,dferneyhoughq3@mozilla.com,+996-660-946-9366,940,,TN-12,TN,,,,,,,,,,,10.87,16.98,13.31,2016,chômage,Satisfait
941,Fitoussi,zeineb,Bil‘in,1997-07-13,F,TN,C,1505837,2015-07-25,Shewopo,2040,vfrisbyq4@shinystat.com,+970-762-603-7262,941,,TN-82,TN,,,,,,,,,,,9.44,15.37,11.81,2020,chômage,Peu satisfait
942,Gabsi,Hela,Nentón,1999-07-17,F,TN,P,1505838,2016-05-16,Novoye Leushino,2013,hdawburyq5@cornell.edu,+502-187-902-2215,942,,TN-91,TN,,,,,,,,,,,13.74,14.16,13.91,2024,employé,Satisfait
943,Guiga,sirine,San José de La Montaña,2000-01-01,F,TN,P,1505839,2017-01-09,Temayang,2200,abockeq6@flavors.me,+57-569-788-7230,943,,TN-41,TN,,,,,,,,,,,13.3,15.9,14.34,2022,employé,Satisfait
944,Hached,tayma,Seremban,2000-01-01,F,TN,P,1505840,2015-05-24,Banjar Tengah,9000,tfogartyq7@engadget.com,+60-521-818-1791,944,,TN-71,TN,,,,,,,,,,,11.8,12.73,12.17,2016,chômage,Satisfait
945,Hadida,zakaria,Zhili,2000-01-01,M,TN,C,1505841,2015-06-29,Madang,2040,cbeswellq8@army.mil,+86-112-671-7564,945,,TN-11,TN,,,,,,,,,,,15.69,14.82,15.34,2023,employé,Très satisfait
946,Halimi,Rania,Stockholm,2000-08-18,F,TN,C,1505842,2017-08-03,Armenia,2200,rhaysomq9@fema.gov,+46-647-284-5201,946,,TN-43,TN,,,,,,,,,,,9.86,14.3,11.64,2022,chômage,Pas satisfait
947,Hamadi,Mariem,Huangqi,2002-05-15,F,TN,C,1505843,2017-04-26,Pijao,8000,maynsleyqa@marriott.com,+86-826-533-7416,947,,TN-81,TN,,,,,,,,,,,8.95,14.4,11.13,2024,employé,Peu satisfait
948,Jaziri,doua,Yangdenghu,1999-01-22,F,TN,P,1505844,2017-02-10,Lindavista,1100,ihebardqb@redcross.org,+86-716-260-3553,948,,TN-61,TN,,,,,,,,,,,10.62,15.91,12.74,2015,employé,Très satisfait
949,Jebali,Lamia,Córdoba,2001-03-06,F,TN,C,1505845,2015-05-13,Cajolá,2010,lfoliniqc@google.ru,+54-840-507-8991,949,,TN-31,TN,,,,,,,,,,,11.91,15.1,13.19,2021,en formation,Très satisfait
950,Jemaa,Maya,Wujiaying,2000-07-12,F,TN,P,1505846,2016-09-24,Heshi,2200,mmaccrawqd@nymag.com,+86-259-957-0151,950,,TN-93,TN,,,,,,,,,,,12.49,14.43,13.27,2024,chômage,Très satisfait
951,Jouini,Ghalia,Lâm Thao,1997-03-16,F,TN,P,1505847,2015-11-12,Cikomara,2013,gghostqe@unblog.fr,+84-265-164-8752,951,,TN-61,TN,,,,,,,,,,,11.52,11.52,11.52,2020,employé,Très satisfait
952,Kacem,Ramzi,Mahajanga,2001-10-29,M,TN,P,1505848,2015-07-01,Honghualiangzi,4000,rizakoffqf@noaa.gov,+261-619-831-3782,952,,TN-94,TN,,,,,,,,,,,12.7,12.56,12.64,2020,chômage,Satisfait
953,Karoui,Haikel,Cimanggu Wetan,1999-10-16,M,TN,P,1505849,2016-12-03,Colonia Neuland,9000,hcharlwoodqg@cnbc.com,+62-386-938-2146,953,,TN-43,TN,,,,,,,,,,,9.5,13.82,11.23,2020,employé,Satisfait
954,Kateb,Belhssan,Al Buq‘ah,2001-12-10,M,TN,C,1505850,2016-01-07,Donghe,4000,bstolleryqh@globo.com,+970-273-345-3956,954,,TN-11,TN,,,,,,,,,,,14.89,14.14,14.59,2020,employé,Peu satisfait
955,Klibi,Janet,Awat,2002-06-07,F,TN,P,1505851,2017-12-08,Mingjiu,3000,joconnellqi@miibeian.gov.cn,+86-825-980-3789,955,,TN-93,TN,,,,,,,,,,,11.84,12.3,12.02,2024,en formation,Satisfait
956,Laroussi,Donia,Lubien Kujawski,1999-01-21,F,TN,C,1505852,2016-05-23,Laventure,3000,ddreherqj@ebay.co.uk,+48-833-607-9292,956,,TN-21,TN,,,,,,,,,,,14.23,17.62,15.59,2021,chômage,Satisfait
957,Lasram,farah,Mégara,2000-11-23,F,TN,P,1505853,2017-01-06,Changfeng,8000,cclearieqk@yelp.com,+30-551-549-3358,957,,TN-71,TN,,,,,,,,,,,12.69,16.27,14.12,2017,chômage,Satisfait
958,Lelouch,ghassen,Cubará,2000-12-24,M,TN,P,1505854,2017-02-05,Ar Riqab,1000,lbenwellql@wordpress.com,+57-960-423-7441,958,,TN-93,TN,,,,,,,,,,,12.91,14.9,13.71,2020,employé,Très satisfait
959,Mahjoub,mourad,Cergy-Pontoise,1900-08-05,M,TN,C,1505855,2017-10-26,Jianguang,3000,jgalieroqm@wikia.com,+33-823-688-2652,959,,,TN,,,,,,,,,,,13.14,14.11,13.53,2017,employé,Très satisfait
960,Mahjoubi,Melika,Jiangchuanlu,1997-10-26,F,TN,C,1505856,2017-10-20,Miyazu,2040,mjeuneqn@yale.edu,+86-981-238-3803,960,,TN-61,TN,,,,,,,,,,,12.9,13.68,13.21,2021,employé,Satisfait
961,Mamou,Atef,Beijie,1998-08-01,M,TN,P,1505857,2015-08-18,Rostock,3000,aredwinqo@wix.com,+86-439-174-6388,961,,TN-41,TN,,,,,,,,,,,13.29,12.57,13.0,2021,employé,Très satisfait
962,Manaï,baya,Dnipryany,2002-04-27,F,TN,P,1505858,2015-03-16,Marcelji,8000,ptuckwellqp@scientificamerican.com,+380-329-694-0537,962,,TN-12,TN,,,,,,,,,,,14.66,14.12,14.44,2022,chômage,Très satisfait
963,Marouani,Hane,Ponte,2002-04-29,F,TN,C,1505859,2015-02-13,Cauayan,2200,hbarajasqq@slideshare.net,+351-941-715-4930,963,,TN-91,TN,,,,,,,,,,,12.39,14.39,13.19,2016,employé,Peu satisfait
964,Abid,basma,Chroustovice,2001-11-01,F,TN,C,1505860,2015-05-10,Bay-ang,2013,cchadneyqr@intel.com,+420-738-747-5938,964,,TN-41,TN,,,,,,,,,,,13.42,12.14,12.91,2023,chômage,Satisfait
965,Marzouk,emna,Los Angeles,1999-11-25,F,TN,P,1505861,2016-04-21,Erling,1000,jfallaqs@yolasite.com,+52-574-360-0970,965,,TN-32,TN,,,,,,,,,,,11.82,14.5,12.89,2019,employé,Très satisfait
966,Dridi,lara,Jambuir Timur,1998-11-04,F,TN,P,1505862,2016-10-07,Soufrière,4000,croppqt@github.io,+62-930-994-6886,966,,TN-32,TN,,,,,,,,,,,14.88,13.77,14.44,2023,employé,Satisfait
967,Marzouki,Amina,Armenia,2000-01-01,F,TN,C,1505863,2017-06-04,Komoro,2013,asergeantqu@goo.ne.jp,+57-855-327-5480,967,,TN-52,TN,,,,,,,,,,,10.65,11.14,10.85,2024,employé,Peu satisfait
968,Materi,Anissa,Gajah,1997-12-30,F,TN,P,1505864,2017-11-03,Zoliborz,2200,acarverqv@cdbaby.com,+62-486-377-0061,968,,TN-13,TN,,,,,,,,,,,15.6,12.71,14.44,2019,employé,Très satisfait
969,Mbarek,Ghalia,Pamplona,1998-05-08,F,TN,P,1505865,2015-09-05,San Vicente,8000,gthreaderqw@1688.com,+57-591-426-5177,969,,TN-82,TN,,,,,,,,,,,11.92,13.38,12.5,2021,employé,Très satisfait
970,Meddeb,kais,Jingzhou,1999-04-18,M,TN,P,1505866,2017-12-12,Dodol,8000,qjewsterqx@squidoo.com,+86-527-198-3349,970,,TN-61,TN,,,,,,,,,,,9.14,16.83,12.22,2023,en formation,Peu satisfait
971,Melki,Anas,Gajrug,1997-12-13,M,TN,C,1505867,2015-09-20,Guijalo,2040,ascobleqy@e-recht24.de,+62-938-454-8192,971,,TN-71,TN,,,,,,,,,,,12.26,14.83,13.29,2018,employé,Très satisfait
972,Memmi,manel,San Fernando,1998-06-15,F,TN,P,1505868,2016-03-09,Tabu,1100,tluckqz@simplemachines.org,+63-738-587-7381,972,,TN-43,TN,,,,,,,,,,,10.64,12.0,11.18,2016,en formation,Très satisfait
973,Menchari,Rayen,Mangunjaya,1997-07-31,M,TN,P,1505869,2017-01-15,Tierra y Libertad,1100,rlowthianr0@reverbnation.com,+62-364-570-1724,973,,TN-51,TN,,,,,,,,,,,13.68,14.73,14.1,2023,employé,Satisfait
974,Mzali,mounira,Al Matariyah,1998-05-30,F,TN,P,1505870,2017-12-09,Sihe,9000,jstandager1@mysql.com,+20-450-300-9156,974,,TN-32,TN,,,,,,,,,,,10.69,11.68,11.09,2016,en formation,Peu satisfait
975,Naccache,Alia,Itapeva,1999-05-02,F,TN,C,1505871,2017-08-03,Stockholm,4000,ashatfordr2@dyndns.org,+55-286-364-2377,975,,TN-13,TN,,,,,,,,,,,11.11,15.62,12.91,2017,employé,Très satisfait
976,Najar,ghada,Kochetok,2000-01-01,F,TN,C,1505872,2016-02-20,Yashio-shi,3000,cradsdaler3@oracle.com,+380-248-338-4769,976,,TN-61,TN,,,,,,,,,,,8.22,13.29,10.25,2024,en formation,Très satisfait
977,Osman,Ishak,Loandjili,2001-03-28,M,TN,C,1505873,2015-02-19,Yangjiao,2010,ikellandr4@geocities.com,+242-114-139-5126,977,,,TN,,,,,,,,,,,11.1,13.86,12.2,2016,employé,Très satisfait
978,Ouertani,farouk,Namasuba,1997-10-22,M,TN,P,1505874,2015-01-27,Idi Rayeuk,2200,dlambellr5@usda.gov,+256-751-252-4254,978,,TN-51,TN,,,,,,,,,,,7.15,15.99,10.69,2017,chômage,Pas satisfait
979,Oueslati,sami,Gaotieling,2002-12-25,M,TN,C,1505875,2016-12-07,Makoba,3000,sgertzr6@woothemes.com,+86-873-256-9926,979,,TN-31,TN,,,,,,,,,,,8.83,12.07,10.13,2020,en formation,Très satisfait
980,Rabhi,sinda,Kon Dong,1997-06-15,F,TN,P,1505876,2015-07-19,Linköping,2040,cmccoskerr7@mail.ru,+84-190-962-4831,980,,TN-51,TN,,,,,,,,,,,13.52,11.9,12.87,2017,employé,Satisfait
981,Riahi,soumaya,Hanna,2001-11-09,F,TN,C,1505877,2017-06-26,Xinshi,2013,ahustonr8@bizjournals.com,+1-809-880-6195,981,,TN-32,TN,,,,,,,,,,,13.57,13.12,13.39,2024,employé,Peu satisfait
982,Sabbegh,Linda,Sertãozinho,2000-01-01,F,TN,C,1505878,2015-09-09,Xiaohenglong,1000,lsimecekr9@eventbrite.com,+55-221-786-2013,982,,TN-71,TN,,,,,,,,,,,12.85,15.56,13.93,2022,employé,Très satisfait
983,Sellimi,samia,Puyuan,1999-08-06,F,TN,C,1505879,2017-10-09,Backa Topola,1000,cperksra@apache.org,+86-219-955-3753,983,,TN-12,TN,,,,,,,,,,,10.07,11.72,10.73,2020,en formation,Pas satisfait
984,Sfar,darine,Cái Nhum,2001-06-26,F,TN,P,1505880,2015-08-13,Biljaca,9000,dknealrb@last.fm,+84-703-227-4263,984,,,TN,,,,,,,,,,,11.9,9.75,11.04,2021,employé,Peu satisfait
985,Sitruk,Rami,Novoye Devyatkino,1999-04-12,M,TN,P,1505881,2015-12-22,Las Toscas,1100,rclougherrc@surveymonkey.com,+7-523-128-3916,985,,TN-12,TN,,,,,,,,,,,11.99,13.32,12.52,2015,employé,Peu satisfait
986,Slama,Jaafer,Kokop,2000-05-15,M,TN,C,1505882,2016-01-07,Gurlan,3000,jennorrd@plala.or.jp,+62-890-640-2059,986,,,TN,,,,,,,,,,,9.68,14.83,11.74,2017,employé,Très satisfait
987,Slim,Brahim,Enköping,2000-09-08,M,TN,C,1505883,2017-08-14,Leba,9000,btomasuttire@bbb.org,+46-907-580-9467,987,,TN-83,TN,,,,,,,,,,,15.01,15.8,15.33,2017,employé,Satisfait
988,Smaoui,Kamilia,Guanqian,2001-05-12,F,TN,C,1505884,2015-05-05,Dasht-e Archi,9000,krozzierrf@youtu.be,+86-880-996-0563,988,,TN-91,TN,,,,,,,,,,,13.75,13.31,13.57,2016,chômage,Peu satisfait
989,Snoussi,rostem,Sundsvall,2000-01-01,M,TN,C,1505885,2015-07-02,Jiakexi,1100,owhicherrg@mtv.com,+46-257-447-6828,989,,TN-61,TN,,,,,,,,,,,11.56,13.38,12.29,2021,employé,Pas satisfait
990,Taïeb,Omar,Kalidung,1997-11-17,M,TN,C,1505886,2015-10-19,Baiju,2013,omurphyrh@google.com.au,+62-288-342-8091,990,,TN-52,TN,,,,,,,,,,,12.05,15.73,13.52,2023,chômage,Très satisfait
991,Tlili,jaafer,Beidao,1998-07-23,M,TN,P,1505887,2016-08-21,Labog,2040,jcharetteri@house.gov,+86-976-426-2357,991,,TN-91,TN,,,,,,,,,,,12.42,11.2,11.93,2018,en formation,Peu satisfait
992,Touati,Basma,Ecroignard,1997-12-21,F,TN,P,1505888,2015-06-08,Stenungsund,1000,bbisphamrj@walmart.com,+230-642-401-0111,992,,,TN,,,,,,,,,,,7.92,13.42,10.12,2019,employé,Très satisfait
993,Trabelsi,Rostom,Villa del Carmen,2001-01-12,M,TN,C,1505889,2017-04-04,Tumu,2200,rlandorrk@adobe.com,+598-469-366-9499,993,,TN-42,TN,,,,,,,,,,,11.51,14.29,12.62,2017,chômage,Très satisfait
994,Triki,fatma,Pinamalayan,2001-06-19,F,TN,P,1505890,2015-07-11,San Jose,2010,cheditchrl@tmall.com,+63-458-544-0268,994,,TN-52,TN,,,,,,,,,,,10.64,14.67,12.25,2023,employé,Satisfait
995,Yahya,Roua,Temeke,1998-01-10,F,TN,C,1505891,2017-11-01,Shitong,2200,rcudworthrm@moonfruit.com,+86-721-152-3234,995,,TN-94,TN,,,,,,,,,,,10.0,13.24,11.3,2018,chômage,Peu satisfait
996,Zammit,ilyan,Malakal,2000-01-01,M,TN,C,1505892,2016-08-06,Fradelos,2040,dbalazsrn@slashdot.org,+249-223-587-3583,996,,TN-71,TN,,,,,,,,,,,11.44,14.05,12.48,2019,employé,Satisfait
997,Zaouche,hanna,Paris 14,1999-05-07,F,TN,C,1505893,2016-08-12,Jargalant,2040,bberriganro@fastcompany.com,+33-566-332-1253,997,,TN-61,TN,,,,,,,,,,,15.6,10.27,13.47,2015,chômage,Satisfait
998,Zarrouk,Bechir,Bogdanovich,1999-06-11,M,TN,P,1505894,2015-07-18,Coronel Vivida,2040,belcottrp@latimes.com,+7-385-790-3932,998,,TN-72,TN,,,,,,,,,,,13.28,13.01,13.17,2016,employé,Pas satisfait
999,Zoghlami,rostem,Youkaichi,2000-06-05,M,TN,P,1505895,2015-10-12,Hutou,8000,rgrattanrq@creativecommons.org,+81-821-651-4465,999,,TN-31,TN,,,,,,,,,,,10.86,14.68,12.39,2023,employé,Très satisfait
1000,Zribi,nassim,Th? Th?a,1997-10-07,M,TN,C,1505896,2016-02-17,Yuto,8000,cowttrimrr@histats.com,+84-144-883-8114,1000,,TN-51,TN,,,,,,,,,,,13.15,12.53,12.9,2016,employé,Satisfait
1001,Ben Ali,Houssem,Monastir,1998-06-21,F,TN,C,8804879,1991-09-23,Gafsa,8000,chebbichaker@hotmail.com,+216-63-447-101,1001,Kairouan,TN-31,TN,,,,,,,,,,,14.8,14.09,14.52,2019,employé,Très satisfait
1002,Gharbi,Bilel,Sousse,2000-10-16,M,Tunisie,C,5235987,1998-10-21,Bizerte,5200,alibenali@hotmail.com,+216-34-816-992,1002,Monastir,TN-95,TN,,,,,,,,,,,13.85,14.67,14.18,2022,chômage,Très satisfait
1003,Ben Ahmed,Bilel,Sfax,1982-05-30,F,????,C,9248082,2005-09-21,Ariana,2040,,+216-23-765-136,1003,Ariana,TN-12,TN,,,,,,,,,,,12.12,13.49,12.67,2017,employé,Satisfait
1004,Mansouri,Yassine,Bizerte,1991-01-29,M,Tunisie,C,3494065,2011-01-26,Bizerte,1000,,+216-72-857-939,1004,Kairouan,TN-11,TN,,,,,,,,,,,10.71,14.26,12.13,2020,chômage,Peu satisfait
1005,Ben Ali,Amine,Sfax,2002-08-01,M,Tunisie,C,8128527,1999-07-24,Sfax,8000,,+216-78-434-408,1005,Tunis,TN-31,TN,,,,,,,,,,,13.4,12.56,13.06,2018,employé,Satisfait
1006,Mansouri,Yassine,Ariana,1991-08-03,F,TN,C,1562447,2009-02-21,Tunis,1000,,+216-96-492-188,1006,Sousse,TN-11,TN,,,,,,,,,,,12.79,13.69,13.15,2021,chômage,Peu satisfait
1007,Bouazizi,Houssem,Kairouan,1997-06-02,M,Tunisie,C,8036848,1992-12-29,Nabeul,1000,,+216-80-274-529,1007,Kairouan,TN-11,TN,,,,,,,,,,,13.79,14.92,14.24,2024,employé,Très satisfait
1008,Louati,Ali,Bizerte,1998-06-22,M,????,C,6535572,2004-11-25,Gafsa,5200,,+216-72-905-992,1008,Nabeul,TN-95,TN,,,,,,,,,,,13.27,14.24,13.66,2017,employé,Très satisfait
1009,Jaziri,Mohamed,Monastir,2003-01-31,F,Tunisie,C,2147248,2017-06-25,Ariana,8000,,+216-75-525-668,1009,Bizerte,TN-31,TN,,,,,,,,,,,14.1,13.12,13.71,2020,employé,Satisfait
1010,Bouazizi,Mohamed,Bizerte,2002-07-14,M,TN,C,9017456,2015-05-01,Gabès,2010,,+216-36-454-218,1010,Kairouan,TN-21,TN,,,,,,,,,,,10.93,14.34,12.29,2024,chômage,Très satisfait
1011,Gharbi,Chaker,Gabès,1992-01-04,M,Tunisie,C,8206119,2003-07-23,Gabès,5000,,+216-37-864-532,1011,Tunis,TN-94,TN,,,,,,,,,,,14.63,15.07,14.81,2023,employé,Très satisfait
1012,Abassi,Ali,Monastir,1995-03-21,M,Tunisie,C,5485459,2013-11-11,Monastir,1000,,+216-36-613-278,1012,Nabeul,TN-11,TN,,,,,,,,,,,12.4,10.93,11.81,2024,chômage,Satisfait
1013,Trabelsi,Karim,Ariana,1993-09-13,M,????,C,8405335,2000-03-07,Sfax,5200,,+216-27-332-508,1013,Kairouan,TN-95,TN,,,,,,,,,,,16.15,15.74,15.99,2015,chômage,Très satisfait
1014,Abassi,Ahmed,Gabès,1995-03-07,F,Tunisie,C,3402795,2016-06-10,Gafsa,2013,,+216-96-642-806,1014,Gabès,TN-13,TN,,,,,,,,,,,10.62,13.5,11.77,2017,employé,Très satisfait
1015,Chebbi,Anis,Gafsa,1985-12-25,M,TN,C,3368561,2018-10-30,Monastir,8000,ahmedbenahmed@hotmail.com,+216-62-125-751,1015,Kairouan,TN-31,TN,,,,,,,,,,,15.47,14.64,15.14,2016,chômage,Satisfait
1016,Ben Ahmed,Yassine,Monastir,1991-11-09,M,Tunisie,C,6656754,1998-03-18,Monastir,1000,,+216-59-866-386,1016,Gafsa,TN-11,TN,,,,,,,,,,,12.4,15.8,13.76,2022,employé,Satisfait
1017,Trabelsi,Mohamed,Tunis,2003-04-04,M,Tunisie,C,4261466,1994-07-20,Gabès,1000,,+216-91-214-437,1017,Gabès,TN-11,TN,,,,,,,,,,,10.7,11.94,11.2,2021,employé,Peu satisfait
1018,Mansouri,Ahmed,Tunis,2001-07-28,F,????,C,9312086,1991-10-28,Gabès,2013,,+216-24-641-924,1018,Monastir,TN-13,TN,,,,,,,,,,,11.03,12.94,11.79,2016,chômage,Satisfait
1019,Gharbi,Mohamed,Kairouan,1995-07-15,F,Tunisie,C,5959858,2000-08-30,Kairouan,2010,,+216-99-105-283,1019,Kairouan,TN-21,TN,,,,,,,,,,,11.36,13.57,12.24,2020,chômage,Satisfait
1020,Mansouri,Amine,Ariana,1989-06-05,F,????,C,1916399,2012-08-10,Tunis,1000,,+216-65-438-617,1020,Monastir,TN-94,TN,,,,,,,,,,,12.85,12.82,12.84,2017,chômage,Peu satisfait
1021,Trabelsi,Ali,Nabeul,1998-09-20,M,Tunisie,C,3945186,2011-12-25,Kairouan,2010,,+216-31-716-337,1021,Bizerte,TN-21,TN,,,,,,,,,,,13.05,16.6,14.47,2022,employé,Peu satisfait
1022,Trabelsi,Chaker,Nabeul,1993-04-18,F,TN,C,1130587,1996-06-29,Bizerte,8000,,+216-49-510-106,1022,Monastir,TN-31,TN,,,,,,,,,,,10.85,12.71,11.59,2024,employé,Très satisfait
1023,Ben Ali,Bilel,Gafsa,2001-04-21,M,Tunisie,C,9967321,1994-09-11,Kairouan,2013,,+216-57-342-171,1023,Sousse,TN-13,TN,,,,,,,,,,,11.95,13.17,12.44,2017,employé,Très satisfait
1024,Bouazizi,Chaker,Nabeul,2005-11-13,F,????,C,6827501,2009-07-08,Kairouan,8000,,+216-64-710-510,1024,Nabeul,TN-31,TN,,,,,,,,,,,16.28,14.31,15.49,2024,chômage,Satisfait
1025,Trabelsi,Ali,Gabès,1992-03-30,M,Tunisie,C,5089534,2015-08-17,Gabès,5200,,+216-39-470-939,1025,Nabeul,TN-95,TN,,,,,,,,,,,15.46,12.2,14.16,2023,employé,Satisfait
1026,Bouazizi,Yassine,Gabès,1992-12-04,M,Tunisie,C,2112334,2014-09-06,Tunis,1000,,+216-98-318-570,1026,Nabeul,TN-94,TN,,,,,,,,,,,12.87,13.41,13.09,2015,chômage,Peu satisfait
1027,Ben Ahmed,Bilel,Gafsa,1999-11-17,M,TN,C,6822465,1998-11-17,Monastir,4500,,+216-94-468-896,1027,Tunis,TN-82,TN,,,,,,,,,,,12.08,14.48,13.04,2019,employé,Satisfait
1028,Ben Ali,Houssem,Sousse,2001-11-21,F,Tunisie,C,3964721,1997-10-18,Gabès,5000,,+216-40-680-915,1028,Ariana,TN-94,TN,,,,,,,,,,,12.24,13.5,12.74,2017,employé,Satisfait
1029,Jaziri,Ali,Ariana,1990-12-17,F,????,C,7684001,2000-10-29,Kairouan,2040,,+216-29-280-441,1029,Tunis,TN-12,TN,,,,,,,,,,,13.23,13.86,13.48,2020,employé,Pas satisfait
1030,Jaziri,Yassine,Sfax,1993-11-06,F,Tunisie,C,9402257,2014-02-23,Sousse,4500,,+216-21-453-374,1030,Sfax,TN-82,TN,,,,,,,,,,,9.95,13.21,11.25,2024,employé,Satisfait
1031,Trabelsi,Yassine,Bizerte,1995-03-18,M,Tunisie,C,9929940,2018-08-29,Gabès,2013,,+216-58-432-639,1031,Monastir,TN-13,TN,,,,,,,,,,,11.49,11.73,11.59,2016,employé,Très satisfait
1032,Trabelsi,Yassine,Ariana,1999-07-18,M,TN,C,3075184,2003-06-10,Ariana,2013,,+216-37-446-821,1032,Nabeul,TN-13,TN,,,,,,,,,,,8.66,14.48,10.99,2023,chômage,Peu satisfait
1033,Louati,Chaker,Ariana,1994-11-15,M,Tunisie,C,9912012,1993-02-17,Nabeul,1000,,+216-67-979-855,1033,Sousse,TN-11,TN,,,,,,,,,,,12.8,16.63,14.33,2020,chômage,Très satisfait
1034,Trabelsi,Karim,Gafsa,1995-06-02,M,Tunisie,C,3940112,2015-07-16,Sousse,5200,karimtrabelsi@hotmail.com,+216-87-947-971,1034,Bizerte,TN-95,TN,,,,,,,,,,,13.29,14.03,13.59,2021,employé,Peu satisfait
1035,Jaziri,Ahmed,Bizerte,1991-11-07,M,????,C,1643233,2001-06-04,Sfax,1000,,+216-29-862-798,1035,Kairouan,TN-11,TN,,,,,,,,,,,11.03,14.34,12.35,2019,employé,Pas satisfait
1036,Bouazizi,Yassine,Sousse,1993-07-04,F,Tunisie,C,8653833,2005-01-25,Ariana,8000,,+216-86-824-345,1036,Monastir,TN-31,TN,,,,,,,,,,,15.15,15.04,15.11,2023,employé,Satisfait
1037,Chebbi,Karim,Sfax,1992-08-25,F,Tunisie,C,3436115,1994-05-25,Gabès,8000,,+216-65-155-518,1037,Gabès,TN-31,TN,,,,,,,,,,,9.55,12.1,10.57,2015,chômage,Satisfait
1038,Chebbi,Yassine,Sousse,1996-05-10,M,Tunisie,C,4278087,1994-01-12,Sousse,8000,,+216-50-790-844,1038,Sousse,TN-31,TN,,,,,,,,,,,09.07,16.55,12.06,2019,employé,Satisfait
1039,Louati,Ali,Nabeul,2002-08-01,M,TN,C,6401626,2019-05-15,Sousse,5200,,+216-31-338-439,1039,Sousse,TN-95,TN,,,,,,,,,,,12.45,14.3,13.19,2024,en formation,Très satisfait
1040,Ben Ahmed,Yassine,Monastir,2001-12-13,M,Tunisie,C,8236472,2014-10-20,Gabès,5000,,+216-39-113-978,1040,Sousse,TN-94,TN,,,,,,,,,,,14.09,16.45,15.03,2020,employé,Très satisfait
1041,Jaziri,Anis,Tunis,1999-09-03,M,Tunisie,C,7552808,1996-07-24,Gafsa,4500,,+216-39-383-773,1041,Nabeul,TN-82,TN,,,,,,,,,,,15.37,12.9,14.38,2021,employé,Satisfait
1042,Ben Ahmed,Houssem,Sfax,1990-11-05,F,Tunisie,C,1623771,2006-10-28,Gafsa,2013,,+216-77-130-437,1042,Ariana,TN-13,TN,,,,,,,,,,,11.08,16.73,13.34,2018,en formation,Peu satisfait
1043,Ben Ahmed,Bilel,Ariana,2003-01-24,M,????,C,8067905,1997-03-19,Gabès,2010,,+216-92-668-201,1043,Gabès,TN-21,TN,,,,,,,,,,,14.16,15.16,14.56,2015,employé,Satisfait
1044,Mansouri,Yassine,Sfax,2005-08-02,M,Tunisie,C,7245767,2018-02-09,Gafsa,2013,,+216-30-901-135,1044,Ariana,TN-13,TN,,,,,,,,,,,11.92,14.83,13.08,2022,employé,Très satisfait
1045,Louati,Ahmed,Monastir,1994-02-16,M,TN,C,4809836,2018-02-20,Sfax,5200,,+216-21-612-609,1045,Gabès,TN-95,TN,,,,,,,,,,,11.65,14.35,12.73,2024,employé,Satisfait
1046,Abassi,Anis,Gafsa,1996-09-16,M,Tunisie,C,7556260,2018-01-17,Tunis,1000,,+216-30-342-831,1046,Nabeul,TN-11,TN,,,,,,,,,,,13.77,13.63,13.71,2018,employé,Peu satisfait
1047,Ben Ahmed,Karim,Tunis,2000-02-24,M,Tunisie,C,2565795,2015-06-11,Monastir,4500,,+216-28-200-463,1047,Gabès,TN-82,TN,,,,,,,,,,,13.3,15.8,14.3,2017,employé,Satisfait
1048,Ben Ahmed,Bilel,Sfax,1994-10-10,F,????,C,4527502,2004-07-20,Kairouan,4500,,+216-90-214-607,1048,Kairouan,TN-82,TN,,,,,,,,,,,8.85,14.21,10.99,2021,chômage,Satisfait
1049,Gharbi,Karim,Tunis,1992-06-11,M,Tunisie,C,6832256,2010-02-25,Sfax,3500,,+216-43-777-249,1049,Gabès,TN-72,TN,,,,,,,,,,,14.95,11.05,13.39,2016,chômage,Peu satisfait
1050,Ben Ahmed,Karim,Sfax,1997-10-19,M,Tunisie,C,4744292,2001-10-17,Gafsa,1000,,+216-67-191-879,1050,Sousse,TN-11,TN,,,,,,,,,,,14.76,12.32,13.78,2022,employé,Satisfait
1051,Trabelsi,Ali,Gabès,1993-09-30,F,TN,C,4629452,2001-04-14,Sfax,2013,,+216-92-580-238,1051,Nabeul,TN-13,TN,,,,,,,,,,,10.75,13.72,11.94,2020,en formation,Satisfait
1052,Abassi,Amine,Ariana,1994-06-13,F,Tunisie,C,3118323,2002-08-27,Kairouan,5200,,+216-77-239-202,1052,Gafsa,TN-95,TN,,,,,,,,,,,12.79,14.46,13.46,2021,employé,Peu satisfait
1053,Trabelsi,Mohamed,Tunis,1999-09-13,F,????,C,2922894,1995-02-26,Monastir,8000,,+216-53-106-183,1053,Sousse,TN-31,TN,,,,,,,,,,,12.99,13.92,13.36,2019,employé,Très satisfait
1054,Bouazizi,Houssem,Gafsa,1995-01-24,M,Tunisie,C,5719870,2000-05-15,Sousse,8000,,+216-88-654-313,1054,Kairouan,TN-31,TN,,,,,,,,,,,12.52,15.83,13.84,2023,employé,Pas satisfait
1055,Jaziri,Yassine,Bizerte,1991-07-26,M,Tunisie,C,7989898,2017-02-22,Nabeul,2013,chebbimohamed@hotmail.com,+216-83-252-307,1055,Sfax,TN-13,TN,,,,,,,,,,,10.9,11.07,10.97,2019,employé,Très satisfait
1056,Chebbi,Mohamed,Sfax,1998-06-07,M,Tunisie,C,1096717,1992-10-08,Kairouan,4500,,+216-23-882-374,1056,Bizerte,TN-82,TN,,,,,,,,,,,10.66,14.22,12.08,2019,employé,Très satisfait
1057,Abassi,Ali,Ariana,1994-08-19,F,????,C,9356558,2013-11-10,Sousse,1100,,+216-26-639-285,1057,Bizerte,TN-94,TN,,,,,,,,,,,11.95,11.27,11.68,2017,en formation,Peu satisfait
1058,Trabelsi,Ali,Gafsa,1991-11-18,F,Tunisie,C,5503386,2005-08-08,Tunis,1000,,+216-67-430-222,1058,Kairouan,TN-11,TN,,,,,,,,,,,14.35,15.14,14.67,2015,employé,Très satisfait
1059,Ben Ahmed,Mohamed,Kairouan,2001-02-14,F,TN,C,4416315,2011-05-25,Monastir,2010,,+216-77-712-779,1059,Bizerte,TN-21,TN,,,,,,,,,,,13.09,13.86,13.4,2016,employé,Satisfait
1060,Bouazizi,Houssem,Nabeul,1991-03-22,M,Tunisie,C,6066044,1991-05-15,Tunis,5200,,+216-66-462-714,1060,Ariana,TN-95,TN,,,,,,,,,,,11.26,14.63,12.61,2022,employé,Peu satisfait
1061,Trabelsi,Karim,Gafsa,1991-05-11,F,Tunisie,C,6837866,1994-04-05,Bizerte,1000,,+216-58-143-787,1061,Bizerte,TN-11,TN,,,,,,,,,,,13.54,12.7,13.2,2015,chômage,Peu satisfait
1062,Ben Ali,Houssem,Kairouan,2001-12-10,F,Tunisie,C,2374539,1996-03-03,Sfax,4500,,+216-36-425-352,1062,Kairouan,TN-82,TN,,,,,,,,,,,6.3,15.92,10.15,2021,chômage,Pas satisfait
1063,Gharbi,Houssem,Ariana,1999-10-24,F,????,C,5710896,1994-01-05,Sfax,2013,,+216-77-757-565,1063,Ariana,TN-13,TN,,,,,,,,,,,14.3,15.56,14.8,2019,employé,Très satisfait
1064,Ben Ali,Yassine,Nabeul,1995-01-27,F,Tunisie,C,1622828,1994-10-10,Monastir,4500,,+216-64-937-784,1064,Gafsa,TN-94,TN,,,,,,,,,,,8.52,14.88,11.06,2017,employé,Satisfait
1065,Gharbi,Bilel,Sousse,1999-02-23,F,Tunisie,C,3710386,1997-02-26,Sousse,2040,,+216-65-129-254,1065,Monastir,TN-12,TN,,,,,,,,,,,11.28,13.81,12.29,2021,employé,Très satisfait
1066,Trabelsi,Amine,Bizerte,1998-11-04,F,TN,C,9484089,1991-11-06,Monastir,1000,,+216-61-487-807,1066,Sfax,TN-11,TN,,,,,,,,,,,9.76,14.87,11.8,2023,employé,Satisfait
1067,Abassi,Ali,Monastir,1990-09-11,M,Tunisie,C,7493118,1996-07-11,Bizerte,5200,,+216-73-513-769,1067,Bizerte,TN-95,TN,,,,,,,,,,,9.41,12.94,10.82,2016,employé,Peu satisfait
1068,Gharbi,Yassine,Monastir,1997-03-25,F,Tunisie,C,1686913,1998-08-14,Sousse,1000,,+216-87-899-933,1068,Gafsa,TN-11,TN,,,,,,,,,,,14.32,15.28,14.7,2022,employé,Très satisfait
1069,Bouazizi,Ahmed,Ariana,1990-10-02,M,????,C,9392972,1991-10-01,Gafsa,2013,,+216-68-811-389,1069,Sfax,TN-13,TN,,,,,,,,,,,11.06,16.47,13.22,2023,employé,Satisfait
1070,Ben Ahmed,Ali,Monastir,1993-04-17,F,Tunisie,C,1935832,1991-11-11,Bizerte,3500,,+216-57-479-406,1070,Kairouan,TN-72,TN,,,,,,,,,,,12.69,15.61,13.86,2017,employé,Satisfait
1071,Jaziri,Yassine,Gafsa,1989-03-04,F,TN,C,3960161,2005-01-30,Nabeul,8000,,+216-35-279-302,1071,Gabès,TN-31,TN,,,,,,,,,,,11.91,12.91,12.31,2016,employé,Satisfait
1072,Mansouri,Ahmed,Gabès,1991-11-18,M,Tunisie,C,5755317,1990-01-23,Monastir,4500,,+216-60-107-622,1072,Gabès,TN-82,TN,,,,,,,,,,,12.95,14.54,13.59,2021,en formation,Pas satisfait
1073,Trabelsi,Ahmed,Sfax,2001-11-18,M,Tunisie,C,1118143,1998-01-14,Sfax,5200,,+216-21-298-631,1073,Tunis,TN-95,TN,,,,,,,,,,,12.15,12.06,12.11,2019,en formation,Très satisfait
1074,Chebbi,Ali,Monastir,1981-04-15,F,Tunisie,C,8081968,1991-05-05,Bizerte,2013,,+216-54-573-215,1074,Kairouan,TN-13,TN,,,,,,,,,,,9.43,14.86,11.6,2019,employé,Satisfait
1075,Gharbi,Houssem,Monastir,1991-01-14,F,????,C,8742106,2017-03-12,Bizerte,2013,,+216-95-788-323,1075,Sfax,TN-13,TN,,,,,,,,,,,13.99,14.68,14.27,2024,employé,Peu satisfait
1076,Ben Ali,Yassine,Gabès,2005-08-07,M,TN,C,4096843,2000-06-28,Tunis,2010,,+216-70-513-703,1076,Tunis,TN-21,TN,,,,,,,,,,,11.01,11.2,11.09,2019,employé,Satisfait
1077,Jaziri,Ahmed,Tunis,1984-09-18,F,Tunisie,C,3140761,2002-04-13,Sfax,2040,jaziriahmed@hotmail.com,+216-86-599-299,1077,Sfax,TN-12,TN,,,,,,,,,,,8.89,12.26,10.24,2018,employé,Très satisfait
1078,Gharbi,Yassine,Sfax,1985-07-28,F,????,C,6021709,1991-09-27,Tunis,9000,,+216-20-966-236,1078,Sfax,TN-94,TN,,,,,,,,,,,11.14,13.58,12.12,2019,chômage,Satisfait
1079,Gharbi,Yassine,Sfax,1995-01-17,M,Tunisie,C,6430091,2013-02-06,Bizerte,5200,,+216-98-680-333,1079,Gabès,TN-95,TN,,,,,,,,,,,15.0,13.55,14.42,2018,employé,Très satisfait
1080,Trabelsi,Houssem,Sfax,2001-10-17,F,Tunisie,C,8546227,2015-07-08,Gafsa,8000,,+216-61-864-555,1080,Sousse,TN-31,TN,,,,,,,,,,,13.7,12.19,13.1,2020,chômage,Très satisfait
1081,Chebbi,Ali,Ariana,1989-06-08,F,TN,C,9590744,2003-08-21,Gafsa,2013,,+216-37-272-850,1081,Gafsa,TN-13,TN,,,,,,,,,,,11.3,14.58,12.61,2018,en formation,Peu satisfait
1082,Abassi,Anis,Gafsa,1990-10-16,M,Tunisie,C,5638491,1997-05-31,Sfax,2010,,+216-93-397-547,1082,Sfax,TN-21,TN,,,,,,,,,,,11.3,14.38,12.53,2016,employé,Satisfait
1083,Chebbi,Bilel,Tunis,2002-08-31,F,Tunisie,C,2155791,1990-07-08,Kairouan,3500,,+216-30-117-138,1083,Kairouan,TN-72,TN,,,,,,,,,,,11.36,13.71,12.3,2023,employé,Peu satisfait
1084,Ben Ali,Amine,Gabès,1996-04-16,F,Tunisie,C,6346912,1995-03-15,Ariana,4500,,+216-80-368-525,1084,Bizerte,TN-82,TN,,,,,,,,,,,16.15,12.87,14.84,2016,employé,Peu satisfait
1085,Trabelsi,Ahmed,Nabeul,1993-12-29,F,????,C,8475943,2011-12-16,Monastir,1000,,+216-43-780-975,1085,Nabeul,TN-11,TN,,,,,,,,,,,12.76,15.57,13.88,2023,employé,Satisfait
1086,Jaziri,Mohamed,Sfax,2004-09-21,F,Tunisie,C,2246366,1990-04-17,Kairouan,5200,,+216-90-441-109,1086,Sousse,TN-95,TN,,,,,,,,,,,12.86,16.48,14.31,2024,employé,Très satisfait
1087,Gharbi,Bilel,Sousse,1990-09-15,F,Tunisie,C,2101181,2015-10-11,Gafsa,3500,,+216-83-272-945,1087,Kairouan,TN-72,TN,,,,,,,,,,,14.06,13.27,13.74,2020,employé,Satisfait
1088,Gharbi,Chaker,Sfax,1993-05-06,F,TN,C,8942238,2012-12-26,Bizerte,1200,,+216-94-940-771,1088,2040,TN-42,TN,,,,,,,,,,,12.48,13.08,12.72,2023,chômage,Très satisfait
1089,Ben Ali,Yassine,Monastir,2004-10-31,F,Tunisie,C,5011588,2005-11-06,Gafsa,3500,,+216-66-292-500,1089,Sousse,TN-72,TN,,,,,,,,,,,11.48,14.74,12.78,2023,employé,Peu satisfait
1090,Jaziri,Houssem,Nabeul,1992-12-13,F,Tunisie,C,6723190,1996-05-31,Monastir,2010,,+216-93-737-923,1090,Nabeul,TN-21,TN,,,,,,,,,,,11.61,13.46,12.35,2017,employé,Très satisfait
1091,Chebbi,Ahmed,Ariana,1997-04-05,F,Tunisie,C,2496025,1995-11-23,Gabès,2040,,+216-36-248-379,1091,Ariana,TN-94,TN,,,,,,,,,,,11.86,13.79,12.63,2015,chômage,Très satisfait
1092,Bouazizi,Chaker,Sfax,1982-07-19,F,????,C,9708717,2005-05-09,Nabeul,2040,,+216-91-610-984,1092,Sousse,TN-12,TN,,,,,,,,,,,11.93,15.11,13.2,2015,chômage,Satisfait
1093,Mansouri,Karim,Tunis,1995-05-10,F,Tunisie,C,2861891,2005-06-25,Sousse,4500,mansourikerim@hotmail.com,+216-83-506-857,1093,Kairouan,TN-82,TN,,,,,,,,,,,13.46,11.14,12.53,2017,employé,Très satisfait
1094,Abassi,Bilel,Gafsa,1983-03-21,M,TN,C,2721373,2019-08-21,Kairouan,5200,,+216-75-950-653,1094,Sousse,TN-95,TN,,,,,,,,,,,12.1,15.98,13.65,2019,chômage,Très satisfait
1095,Ben Ali,Amine,Gabès,1980-04-17,M,Tunisie,C,6856018,2010-04-23,Nabeul,2010,,+216-85-724-393,1095,Tunis,TN-21,TN,,,,,,,,,,,13.47,14.11,13.73,2017,employé,Satisfait
1096,Mansouri,Karim,Nabeul,1987-09-25,M,Tunisie,C,8394265,2017-03-07,Monastir,1000,,+216-98-719-299,1096,Monastir,TN-11,TN,,,,,,,,,,,11.84,13.38,12.46,2023,employé,Très satisfait
1097,Bouazizi,Mohamed,Kairouan,1999-12-09,F,????,C,1038121,1998-06-11,Nabeul,1200,,+216-92-277-498,1097,Tunis,TN-42,TN,,,,,,,,,,,12.16,13.87,12.84,2023,employé,Très satisfait
1098,Ben Ahmed,Ahmed,Sousse,1981-07-04,M,Tunisie,C,8315755,2011-09-28,Monastir,4500,,+216-46-600-207,1098,Bizerte,TN-94,TN,,,,,,,,,,,8.0,13.94,10.38,2017,employé,Très satisfait
1099,Abassi,Bilel,Ariana,1996-10-01,F,TN,C,5828801,1991-12-23,Nabeul,1000,,+216-40-502-756,1099,Ariana,TN-11,TN,,,,,,,,,,,13.83,11.4,12.86,2017,chômage,Satisfait
1100,Jaziri,Ali,Gafsa,1990-03-18,M,Tunisie,C,4053243,1993-10-29,Bizerte,3500,,+216-59-526-737,1100,Bizerte,TN-72,TN,,,,,,,,,,,12.69,16.24,14.11,2019,chômage,Satisfait
1101,Chebbi,Ali,Tunis,1994-02-06,M,Tunisie,C,4498071,2018-02-11,Gafsa,2010,,+216-91-876-937,1101,Nabeul,TN-21,TN,,,,,,,,,,,14.0,14.06,14.02,2016,chômage,Satisfait
1102,Abassi,Anis,Gabès,2001-02-20,M,????,C,6490510,1994-05-10,Bizerte,2040,,+216-38-763-523,1102,Gabès,TN-12,TN,,,,,,,,,,,6.21,14.66,9.59,2020,employé,Satisfait
1103,Mansouri,Amine,Nabeul,1986-07-16,M,Tunisie,C,4864717,1992-07-06,Gafsa,2010,,+216-54-248-498,1103,Ariana,TN-21,TN,,,,,,,,,,,16.18,15.43,15.88,2021,employé,Très satisfait
1104,Ben Ahmed,Anis,Sousse,1970-11-10,F,TN,C,6690560,2011-06-13,Kairouan,1000,,+216-77-124-881,1104,Sousse,TN-11,TN,,,,,,,,,,,11.72,12.47,12.02,2023,employé,Peu satisfait
1105,Ben Ali,Amine,Sousse,1989-05-24,M,Tunisie,C,2665520,2008-10-27,Bizerte,4500,,+216-35-323-505,1105,Gafsa,TN-82,TN,,,,,,,,,,,14.22,14.71,14.42,2020,employé,Très satisfait
1106,Ben Ali,Anis,Tunis,1999-12-07,F,????,C,7019638,1991-07-02,Nabeul,1000,,+216-35-312-222,1106,Nabeul,TN-11,TN,,,,,,,,,,,9.92,13.6,11.39,2017,chômage,Satisfait
1107,Trabelsi,Karim,Nabeul,1990-07-09,M,Tunisie,C,2211643,2003-03-31,Bizerte,2013,,+216-84-299-688,1107,Gafsa,TN-13,TN,,,,,,,,,,,13.23,15.27,14.05,2019,chômage,Peu satisfait
1108,Ben Ali,Anis,Gabès,1995-09-29,M,Tunisie,C,7009445,2001-04-29,Sfax,2010,,+216-99-769-552,1108,Kairouan,TN-21,TN,,,,,,,,,,,9.89,10.81,10.26,2018,employé,Peu satisfait
1109,Bouazizi,Mohamed,Ariana,2001-12-02,F,TN,C,4309686,2002-06-15,Gafsa,2010,,+216-45-199-655,1109,Gabès,TN-21,TN,,,,,,,,,,,10.75,13.85,11.99,2019,employé,Très satisfait
1110,Ben Ali,Houssem,Tunis,1996-06-01,F,Tunisie,C,1798964,1993-06-03,Ariana,1000,,+216-76-260-590,1110,Monastir,TN-11,TN,,,,,,,,,,,15.83,13.1,14.74,2022,employé,Très satisfait
1111,Bouazizi,Yassine,Ariana,1988-08-13,M,TN,C,7937120,1992-08-11,Gafsa,2010,,+216-71-902-400,1111,Ariana,TN-21,TN,,,,,,,,,,,11.62,14.65,12.83,2022,employé,Satisfait
1112,Ben Ahmed,Houssem,Nabeul,1990-12-29,F,Tunisie,C,4847925,2010-02-16,Sfax,5200,benahmedhoussem@hotmail.com,+216-98-515-962,1112,Ariana,TN-95,TN,,,,,,,,,,,12.43,14.71,13.34,2020,employé,Très satisfait
1113,Chebbi,Amine,Sfax,1986-01-13,M,????,C,3303156,2001-10-31,Kairouan,2040,,+216-96-650-298,1113,Ariana,TN-12,TN,,,,,,,,,,,13.74,12.94,13.42,2015,employé,Peu satisfait
1114,Mansouri,Mohamed,Monastir,2000-01-22,M,Tunisie,C,1127437,1991-07-02,Sfax,2040,,+216-67-606-118,1114,Ariana,TN-94,TN,,,,,,,,,,,12.99,12.93,12.97,2022,employé,Satisfait
1115,Abassi,Karim,Tunis,1995-07-31,F,TN,C,7998240,2012-06-25,Monastir,3500,,+216-64-328-606,1115,Sousse,TN-72,TN,,,,,,,,,,,12.3,13.83,12.91,2022,employé,Satisfait
1116,Trabelsi,Chaker,Sousse,1989-05-07,M,Tunisie,C,5838875,1996-02-07,Kairouan,2010,,+216-73-500-773,1116,Nabeul,TN-21,TN,,,,,,,,,,,12.73,12.66,12.7,2016,employé,Très satisfait
1117,Louati,Chaker,Gafsa,1996-06-12,F,Tunisie,C,4569600,2014-06-20,Sousse,1200,,+216-49-790-792,1117,Bizerte,TN-42,TN,,,,,,,,,,,16.81,15.26,16.19,2018,employé,Satisfait
1118,Mansouri,Ahmed,Sfax,1990-02-24,F,TN,C,5315932,2000-10-25,Sousse,2040,,+216-53-334-568,1118,Ariana,TN-12,TN,,,,,,,,,,,11.88,13.45,12.51,2016,chômage,Satisfait
1119,Ben Ali,Yassine,Sousse,1994-06-02,F,????,C,9683101,2019-08-14,Tunis,1200,,+216-32-691-961,1119,Monastir,TN-42,TN,,,,,,,,,,,12.4,9.64,11.3,2018,employé,Peu satisfait
1120,Jaziri,Ali,Kairouan,1992-03-27,M,Tunisie,C,3076871,1998-06-15,Gabès,4500,,+216-24-568-186,1120,Gafsa,TN-82,TN,,,,,,,,,,,14.1,13.44,13.84,2024,en formation,Très satisfait
1121,Bouazizi,Chaker,Tunis,1996-11-22,F,Tunisie,C,5077562,2000-02-07,Monastir,1200,,+216-39-146-991,1121,Sousse,TN-42,TN,,,,,,,,,,,14.21,12.44,13.5,2021,employé,Très satisfait
1122,Gharbi,Chaker,Sousse,1998-12-04,M,TN,C,1164845,1993-07-17,Kairouan,1200,,+216-23-512-722,1122,Ariana,TN-42,TN,,,,,,,,,,,14.37,11.55,13.24,2023,employé,Très satisfait
1123,Louati,Karim,Ariana,2005-01-03,F,Tunisie,C,7372359,2016-03-15,Ariana,2010,,+216-59-608-856,1123,Gabès,TN-21,TN,,,,,,,,,,,13.28,12.14,12.82,2022,employé,Très satisfait
1124,Louati,Ahmed,Bizerte,1992-08-17,M,????,C,1221274,2018-12-27,Tunis,2013,,+216-40-817-598,1124,Bizerte,TN-13,TN,,,,,,,,,,,9.71,14.16,11.49,2023,employé,Satisfait
1125,Trabelsi,Amine,Nabeul,2001-07-25,M,Tunisie,C,8574565,1991-12-18,Nabeul,2010,,+216-92-264-737,1125,Bizerte,TN-21,TN,,,,,,,,,,,15.27,15.99,15.56,2022,chômage,Peu satisfait
1126,Trabelsi,Ali,Sfax,2005-01-01,M,Tunisie,C,2208199,2004-02-25,Ariana,2040,,+216-98-596-372,1126,Sfax,TN-12,TN,,,,,,,,,,,9.71,14.47,11.61,2016,employé,Très satisfait
1127,Mansouri,Chaker,Ariana,1993-03-02,M,Tunisie,C,2973888,2010-01-19,Ariana,5200,,+216-86-641-490,1127,Tunis,TN-95,TN,,,,,,,,,,,12.61,13.09,12.8,2021,en formation,Peu satisfait
1128,Jaziri,Amine,Tunis,1990-02-19,F,TN,C,9567528,1993-12-05,Sfax,1000,aminejaziri@hotmail.com,+216-32-723-298,1128,Sfax,TN-11,TN,,,,,,,,,,,10.49,14.68,12.17,2016,chômage,Très satisfait
1129,Abassi,Karim,Monastir,1996-09-19,F,Tunisie,C,5020319,2008-06-30,Ariana,1000,,+216-80-925-460,1129,Sousse,TN-11,TN,,,,,,,,,,,11.87,13.31,12.45,2016,employé,Très satisfait
1130,Abassi,Bilel,Ariana,1998-06-24,F,Tunisie,C,6221782,2010-11-28,Sfax,3500,,+216-81-448-509,1130,Gabès,TN-72,TN,,,,,,,,,,,12.66,12.96,12.78,2018,employé,Très satisfait
1131,Abassi,Karim,Sousse,2005-09-16,M,????,C,8427523,2009-01-03,Tunis,9000,,+216-79-469-734,1131,Sousse,TN-94,TN,,,,,,,,,,,12.64,12.27,12.49,2015,chômage,Très satisfait
1132,Louati,Ali,Monastir,1993-04-07,F,Tunisie,C,5238458,2008-08-12,Tunis,2010,,+216-22-930-550,1132,Kairouan,TN-21,TN,,,,,,,,,,,12.84,11.37,12.25,2019,employé,Peu satisfait
1133,Trabelsi,Houssem,Sfax,1996-08-28,M,Tunisie,C,2032563,2018-08-25,Sousse,2010,,+216-34-770-173,1133,Nabeul,TN-21,TN,,,,,,,,,,,15.23,13.42,14.51,2020,chômage,Très satisfait
1134,Mansouri,Anis,Sfax,1900-03-08,F,TN,C,2704555,1998-05-19,Ariana,2013,,+216-38-486-673,1134,Bizerte,TN-13,TN,,,,,,,,,,,12.91,14.24,13.44,2023,employé,Satisfait
1135,Chebbi,Karim,Sousse,1995-02-23,M,Tunisie,C,8677735,2010-05-31,Tunis,1200,,+216-69-384-767,1135,Tunis,TN-42,TN,,,,,,,,,,,11.51,13.86,12.45,2024,employé,Satisfait
1136,Gharbi,Anis,Ariana,1992-03-18,F,Tunisie,C,8167143,2000-01-02,Gabès,3500,,+216-79-323-991,1136,Nabeul,TN-72,TN,,,,,,,,,,,13.93,13.38,13.71,2022,employé,Peu satisfait
1137,Bouazizi,Ali,Nabeul,1996-09-15,F,????,C,3918155,2018-01-05,Monastir,2013,,+216-68-818-428,1137,Sousse,TN-13,TN,,,,,,,,,,,14.38,12.58,13.66,2016,employé,Très satisfait
1138,Louati,Bilel,Tunis,1995-01-09,F,Tunisie,C,9682450,2004-11-23,Gafsa,5200,,+216-28-420-494,1138,Monastir,TN-95,TN,,,,,,,,,,,9.54,14.91,11.69,2015,chômage,Très satisfait
1139,Chebbi,Houssem,Tunis,1990-12-27,M,Tunisie,C,8457365,2001-01-09,Tunis,4500,,+216-80-642-789,1139,Tunis,TN-82,TN,,,,,,,,,,,13.19,12.02,12.72,2016,employé,Très satisfait
1140,Trabelsi,Yassine,Gabès,1999-08-31,M,TN,C,9271831,2009-12-15,Gafsa,1200,,+216-46-147-597,1140,Sfax,TN-42,TN,,,,,,,,,,,13.4,15.16,14.1,2021,chômage,Satisfait
1141,Trabelsi,Karim,Gabès,1992-01-16,F,Tunisie,C,9550848,2008-02-10,Sfax,1000,,+216-27-394-859,1141,Ariana,TN-11,TN,,,,,,,,,,,11.4,12.5,11.84,2018,employé,Très satisfait
1142,Ben Ali,Karim,Ariana,1996-04-08,M,Tunisie,C,3983763,1995-10-08,Gafsa,3500,,+216-23-982-208,1142,Sfax,TN-72,TN,,,,,,,,,,,14.75,12.87,14.0,2024,employé,Peu satisfait
1143,Ben Ahmed,Amine,Bizerte,1993-01-06,F,????,C,6696961,2017-11-30,Sfax,4500,,+216-50-969-669,1143,Monastir,TN-94,TN,,,,,,,,,,,11.7,11.8,11.74,2019,employé,Satisfait
1144,Louati,Chaker,Nabeul,1991-11-03,M,Tunisie,C,2360898,2008-11-07,Gafsa,2013,,+216-55-567-766,1144,Gabès,TN-13,TN,,,,,,,,,,,12.25,13.25,12.65,2021,employé,Satisfait
1145,Bouazizi,Amine,Ariana,1996-10-24,M,TN,C,1366642,2004-08-24,Sfax,1000,,+216-32-496-758,1145,Nabeul,TN-11,TN,,,,,,,,,,,11.65,15.46,13.17,2017,employé,Satisfait
1146,Ben Ali,Ahmed,Kairouan,2000-05-31,F,Tunisie,C,1849519,2017-10-23,Tunis,1000,,+216-76-603-238,1146,Bizerte,TN-11,TN,,,,,,,,,,,12.03,14.77,13.13,2024,employé,Très satisfait
1147,Ben Ahmed,Karim,Kairouan,1994-01-20,F,Tunisie,C,7234979,2011-03-14,Gafsa,1200,,+216-95-479-292,1147,Bizerte,TN-42,TN,,,,,,,,,,,9.81,15.47,12.07,2016,chômage,Satisfait
1148,Gharbi,Yassine,Sfax,1990-05-23,F,????,C,1045193,2004-05-02,Monastir,2013,gharbiyassine@hotmail.com,+216-40-676-308,1148,Sfax,TN-13,TN,,,,,,,,,,,9.12,14.78,11.38,2021,employé,Pas satisfait
1149,Abassi,Karim,Gafsa,1996-06-10,F,Tunisie,C,3772295,1992-10-24,Tunis,2010,,+216-82-597-869,1149,Nabeul,TN-21,TN,,,,,,,,,,,15.19,12.34,14.05,2019,employé,Peu satisfait
1150,Ben Ali,Amine,Kairouan,1999-08-29,M,Tunisie,C,7326321,2014-06-24,Sousse,5200,,+216-45-931-176,1150,Gabès,TN-95,TN,,,,,,,,,,,10.31,13.5,11.59,2015,chômage,Peu satisfait
1151,Jaziri,Ali,Bizerte,1998-07-18,F,TN,C,3077016,2013-09-18,Gafsa,1000,,+216-24-860-833,1151,Sousse,TN-11,TN,,,,,,,,,,,10.02,12.83,11.14,2015,chômage,Peu satisfait
1152,Trabelsi,Mohamed,Nabeul,1995-12-12,M,Tunisie,C,1949196,2012-04-20,Kairouan,2013,,+216-97-724-847,1152,Sousse,TN-13,TN,,,,,,,,,,,7.69,16.0,11.01,2023,employé,Très satisfait
1153,Abassi,Ali,Sfax,1992-09-22,F,Tunisie,C,8443909,2006-11-02,Gabès,3500,,+216-81-163-903,1153,Tunis,TN-72,TN,,,,,,,,,,,10.72,12.2,11.31,2019,employé,Très satisfait
1154,Bouazizi,Ahmed,Bizerte,1990-12-25,F,Tunisie,C,3481663,2002-11-24,Tunis,1200,,+216-50-835-433,1154,Bizerte,TN-42,TN,,,,,,,,,,,9.35,15.34,11.75,2015,chômage,Très satisfait
1155,Jaziri,Amine,Ariana,1993-07-09,F,Tunisie,C,8167288,1999-07-27,Bizerte,2013,,+216-67-827-625,1155,Gabès,TN-13,TN,,,,,,,,,,,15.28,15.34,15.3,2021,employé,Très satisfait
1156,Ben Ali,Karim,Ariana,1999-07-30,F,????,C,7262243,1991-05-20,Monastir,4500,,+216-98-854-139,1156,Sousse,TN-82,TN,,,,,,,,,,,14.02,16.74,15.11,2023,employé,Très satisfait
1157,Bouazizi,Anis,Sousse,2003-07-11,M,Tunisie,C,4123914,2001-06-28,Nabeul,2013,,+216-70-623-769,1157,Gafsa,TN-13,TN,,,,,,,,,,,10.62,13.39,11.73,2015,employé,Satisfait
1158,Gharbi,Houssem,Gafsa,1996-06-28,M,Tunisie,C,3333954,2000-08-26,Sousse,8000,,+216-79-759-110,1158,Sfax,TN-31,TN,,,,,,,,,,,16.5,15.07,15.93,2024,chômage,Satisfait
1159,Trabelsi,Karim,Sfax,1995-12-05,F,TN,C,4881552,1990-10-24,Bizerte,1000,,+216-79-371-382,1159,Monastir,TN-11,TN,,,,,,,,,,,13.96,17.42,15.34,2018,employé,Peu satisfait
1160,Chebbi,Ahmed,Kairouan,1996-02-15,F,Tunisie,C,4201738,2007-08-09,Monastir,2013,,+216-69-905-682,1160,Gafsa,TN-13,TN,,,,,,,,,,,11.35,13.07,12.04,2017,en formation,Satisfait
1161,Louati,Karim,Kairouan,1991-12-02,F,????,C,7303421,2008-08-19,Sfax,9000,,+216-33-683-371,1161,Monastir,TN-94,TN,,,,,,,,,,,7.0,11.7,8.88,2019,employé,Peu satisfait
1162,Jaziri,Bilel,Gabès,2005-03-06,F,Tunisie,C,5170525,2010-07-08,Kairouan,2040,,+216-87-184-300,1162,Monastir,TN-12,TN,,,,,,,,,,,16.58,11.18,14.42,2021,chômage,Très satisfait
1163,Louati,Yassine,Monastir,1997-03-26,M,Tunisie,C,6205981,2016-03-06,Monastir,2040,,+216-95-291-214,1163,Tunis,TN-12,TN,,,,,,,,,,,9.22,15.07,11.56,2022,employé,Très satisfait
1164,Mansouri,Ali,Nabeul,1994-11-20,F,????,C,9948017,1998-08-07,Nabeul,2010,mansouriali@hotmail.com,+216-43-126-878,1164,Ariana,TN-21,TN,,,,,,,,,,,8.71,11.18,9.7,2016,employé,Satisfait
1165,Abassi,Anis,Nabeul,1993-05-07,F,Tunisie,C,1765367,1999-09-05,Monastir,5200,,+216-70-283-424,1165,Ariana,TN-95,TN,,,,,,,,,,,14.05,13.44,13.81,2021,chômage,Très satisfait
1166,Ben Ali,Chaker,Gabès,1997-03-08,F,Tunisie,C,6524077,1991-01-26,Ariana,3500,,+216-38-786-769,1166,Tunis,TN-72,TN,,,,,,,,,,,16.88,14.66,15.99,2015,employé,Très satisfait
1167,Ben Ali,Anis,Bizerte,1981-07-07,F,TN,C,5773902,2002-06-02,Gabès,1000,,+216-35-735-454,1167,Sousse,TN-11,TN,,,,,,,,,,,14.77,14.28,14.57,2021,employé,Très satisfait
1168,Bouazizi,Ali,Sfax,1990-01-23,M,Tunisie,C,7237937,2010-11-11,Bizerte,2040,,+216-81-849-792,1168,Gafsa,TN-12,TN,,,,,,,,,,,13.13,14.64,13.73,2022,employé,Très satisfait
1169,Mansouri,Ali,Sousse,1991-03-20,F,Tunisie,C,9172747,2013-09-25,Gabès,1000,,+216-86-995-181,1169,Bizerte,TN-11,TN,,,,,,,,,,,13.19,14.33,13.65,2016,employé,Satisfait
1170,Trabelsi,Mohamed,Gabès,2000-08-01,F,Tunisie,C,5776901,2015-08-16,Tunis,2040,,+216-57-240-586,1170,Ariana,TN-12,TN,,,,,,,,,,,13.71,15.92,14.59,2023,employé,Satisfait
1171,Abassi,Yassine,Sousse,2002-03-29,M,????,C,8157827,2008-02-03,Sousse,4500,,+216-83-703-513,1171,Sfax,TN-82,TN,,,,,,,,,,,13.52,12.57,13.14,2015,chômage,Satisfait
1172,Gharbi,Mohamed,Sousse,1992-10-14,M,Tunisie,C,4606637,1999-09-29,Ariana,1200,,+216-48-400-813,1172,Monastir,TN-42,TN,,,,,,,,,,,12.56,12.98,12.73,2020,employé,Satisfait
1173,Trabelsi,Anis,Sousse,1996-01-18,F,TN,C,2968347,2015-05-18,Gafsa,5000,,+216-81-490-537,1173,Gafsa,TN-94,TN,,,,,,,,,,,12.21,12.84,12.46,2015,employé,Très satisfait
1174,Chebbi,Amine,Bizerte,1992-10-21,M,Tunisie,C,2821235,2013-05-08,Monastir,1000,,+216-24-285-688,1174,Bizerte,TN-11,TN,,,,,,,,,,,11.87,15.25,13.22,2017,employé,Très satisfait
1175,Chebbi,Ahmed,Sousse,1998-07-16,M,????,C,2960633,2000-09-24,Tunis,2013,,+216-91-199-697,1175,Gafsa,TN-13,TN,,,,,,,,,,,10.49,15.35,12.43,2020,chômage,Très satisfait
1176,Bouazizi,Bilel,Tunis,1998-09-01,M,Tunisie,C,7465221,2011-10-06,Tunis,1000,,+216-83-236-765,1176,Gafsa,TN-11,TN,,,,,,,,,,,11.44,14.68,12.74,2017,chômage,Très satisfait
1177,Trabelsi,Karim,Sfax,1995-10-10,F,Tunisie,C,5962054,2009-07-05,Monastir,5200,,+216-74-846-963,1177,Gabès,TN-95,TN,,,,,,,,,,,8.61,15.78,11.48,2022,employé,Satisfait
1178,Mansouri,Yassine,Kairouan,2004-06-15,M,TN,C,8459057,1991-04-10,Sousse,3500,,+216-44-578-400,1178,Sousse,TN-72,TN,,,,,,,,,,,11.8,12.23,11.97,2019,employé,Peu satisfait
1179,Ben Ali,Yassine,Kairouan,1996-06-10,M,Tunisie,C,1206576,2011-08-19,Tunis,1200,,+216-56-765-338,1179,Tunis,TN-42,TN,,,,,,,,,,,10.02,16.5,12.61,2016,en formation,Satisfait
1180,Chebbi,Houssem,Nabeul,2005-09-27,F,Tunisie,C,9214659,2002-10-12,Nabeul,1200,,+216-59-239-786,1180,Monastir,TN-42,TN,,,,,,,,,,,9.79,16.28,12.39,2018,employé,Très satisfait
1181,Ben Ahmed,Ali,Nabeul,1996-10-22,M,????,C,4979159,2008-07-10,Monastir,8000,,+216-44-118-721,1181,Monastir,TN-31,TN,,,,,,,,,,,12.36,15.1,13.46,2023,chômage,Satisfait
1182,Abassi,Yassine,Bizerte,1998-02-12,M,Tunisie,C,3886180,2015-08-18,Sousse,2010,abbessiyassine@hotmail.com,+216-40-864-279,1182,Tunis,TN-21,TN,,,,,,,,,,,14.78,16.67,15.54,2018,chômage,Satisfait
1183,Bouazizi,Yassine,Gabès,1994-08-18,M,TN,C,8357689,2015-06-12,Monastir,2010,,+216-48-431-367,1183,Monastir,TN-21,TN,,,,,,,,,,,13.84,11.52,12.91,2024,chômage,Satisfait
1184,Jaziri,Ali,Nabeul,1999-10-06,M,Tunisie,C,7838591,2013-06-26,Bizerte,4500,,+216-39-296-238,1184,Sousse,TN-82,TN,,,,,,,,,,,8.86,13.21,10.6,2024,employé,Satisfait
1185,Chebbi,Karim,Sousse,2001-06-25,F,????,C,9118140,2015-08-25,Sousse,1200,,+216-33-548-863,1185,Ariana,TN-42,TN,,,,,,,,,,,10.02,12.9,11.17,2022,chômage,Satisfait
1186,Louati,Anis,Monastir,1995-07-31,F,Tunisie,C,5026014,1992-08-29,Sousse,1000,,+216-70-585-280,1186,Nabeul,TN-11,TN,,,,,,,,,,,13.88,15.08,14.36,2019,chômage,Satisfait
1187,Jaziri,Amine,Monastir,2005-10-08,M,Tunisie,C,4052765,1990-02-02,Ariana,1000,,+216-94-232-655,1187,Ariana,TN-11,TN,,,,,,,,,,,10.04,12.42,10.99,2024,employé,Satisfait
1188,Trabelsi,Chaker,Nabeul,1993-04-04,M,TN,C,7076075,1994-11-26,Ariana,1200,,+216-76-640-234,1188,Monastir,TN-42,TN,,,,,,,,,,,11.55,15.14,12.99,2015,employé,Très satisfait
1189,Gharbi,Bilel,Sfax,1995-01-24,M,Tunisie,C,8486452,1996-05-09,Tunis,1000,,+216-45-744-399,1189,Gabès,TN-11,TN,,,,,,,,,,,13.1,16.06,14.28,2021,employé,Satisfait
1190,Jaziri,Karim,Nabeul,1997-10-28,F,Tunisie,C,3775031,2006-12-03,Sousse,1000,,+216-98-281-601,1190,Gabès,TN-11,TN,,,,,,,,,,,10.06,15.04,12.05,2017,employé,Très satisfait
1191,Gharbi,Karim,Ariana,1999-07-12,M,????,C,1381803,2013-08-12,Kairouan,4500,,+216-46-637-898,1191,Gafsa,TN-82,TN,,,,,,,,,,,12.21,14.43,13.1,2024,employé,Très satisfait
1192,Trabelsi,Houssem,Gabès,1990-08-08,M,Tunisie,C,1251468,2000-10-14,Bizerte,5200,,+216-24-694-616,1192,Ariana,TN-95,TN,,,,,,,,,,,9.33,12.52,10.61,2022,employé,Pas satisfait
1193,Trabelsi,Chaker,Sousse,2002-05-14,F,TN,C,5933502,2006-07-16,Monastir,6000,,+216-64-120-530,1193,Gafsa,TN-94,TN,,,,,,,,,,,10.8,12.73,11.57,2017,employé,Pas satisfait
1194,Ben Ali,Yassine,Ariana,2000-08-02,M,Tunisie,C,4804985,1998-08-20,Sousse,2040,,+216-75-780-904,1194,Monastir,TN-12,TN,,,,,,,,,,,12.64,15.87,13.93,2015,employé,Très satisfait
1195,Jaziri,Ali,Bizerte,1996-05-22,F,Tunisie,C,8445668,1992-08-28,Tunis,8000,jaziriali@hotmail.com,+216-89-922-661,1195,Ariana,TN-31,TN,,,,,,,,,,,8.81,15.17,11.35,2019,employé,Satisfait
1196,Mansouri,Karim,Monastir,1995-02-03,M,????,C,7370795,2019-02-14,Gafsa,2013,,+216-64-115-272,1196,Gafsa,TN-13,TN,,,,,,,,,,,12.88,13.94,13.3,2016,chômage,Très satisfait
1197,Jaziri,Anis,Tunis,1990-12-26,M,Tunisie,C,9674421,2019-07-16,Nabeul,1200,,+216-80-606-986,1197,Sousse,TN-42,TN,,,,,,,,,,,11.96,13.37,12.52,2018,en formation,Satisfait
1198,Trabelsi,Yassine,Ariana,1994-06-08,M,Tunisie,C,3877215,2003-02-07,Kairouan,3500,,+216-59-759-557,1198,Sousse,TN-72,TN,,,,,,,,,,,13.1,10.96,12.24,2015,employé,Peu satisfait
1199,Jaziri,Houssem,Kairouan,1996-06-10,F,TN,C,7976796,1998-09-28,Gafsa,1200,,+216-95-683-637,1199,Tunis,TN-42,TN,,,,,,,,,,,12.45,12.39,12.43,2023,employé,Pas satisfait
1200,Mansouri,Anis,Kairouan,1992-01-31,F,Tunisie,C,7592240,1998-12-10,Gafsa,4500,,+216-85-895-411,1200,Ariana,TN-82,TN,,,,,,,,,,,14.73,16.87,15.59,2020,employé,Satisfait
1201,Ben Ali,Ahmed,Tunis,1994-03-27,F,Tunisie,C,5554898,2002-08-08,Monastir,2010,,+216-88-797-800,1201,Nabeul,TN-21,TN,,,,,,,,,,,12.25,12.08,12.18,2022,chômage,Très satisfait
1202,Chebbi,Ali,Sfax,1993-12-29,F,????,C,4222449,1994-07-08,Gabès,2013,,+216-50-244-829,1202,Sfax,TN-13,TN,,,,,,,,,,,11.14,14.28,12.4,2018,chômage,Satisfait
1203,Louati,Mohamed,Sousse,1999-09-21,M,TN,C,1283679,2019-10-03,Ariana,1000,,+216-95-951-669,1203,Nabeul,TN-11,TN,,,,,,,,,,,12.24,15.51,13.55,2023,en formation,Très satisfait
1204,Mansouri,Bilel,Sousse,1998-04-04,F,Tunisie,C,6674578,1994-01-12,Gabès,2010,,+216-82-434-110,1204,Ariana,TN-21,TN,,,,,,,,,,,13.09,12.12,12.7,2016,employé,Peu satisfait
1205,Gharbi,Anis,Sousse,1991-05-01,F,Tunisie,C,3864959,2016-12-19,Kairouan,2040,,+216-37-890-149,1205,Nabeul,TN-12,TN,,,,,,,,,,,12.1,14.28,12.97,2023,en formation,Peu satisfait
1206,Chebbi,Bilel,Monastir,1991-10-26,F,TN,C,4372890,1996-09-26,Tunis,1000,,+216-44-697-198,1206,Nabeul,TN-11,TN,,,,,,,,,,,12.08,15.41,13.41,2019,employé,Satisfait
1207,Bouazizi,Houssem,Gafsa,2005-05-22,M,Tunisie,C,5126462,1997-06-11,Ariana,5200,,+216-65-474-232,1207,Ariana,TN-95,TN,,,,,,,,,,,10.6,14.02,11.97,2020,chômage,Très satisfait
1208,Chebbi,Chaker,Ariana,1990-12-20,F,Tunisie,C,3580975,1990-09-09,Ariana,4600,,+216-55-603-236,1208,Bizerte,TN-91,TN,,,,,,,,,,,10.67,18.3,13.72,2017,employé,Très satisfait
1209,Gharbi,Mohamed,Sousse,1993-05-20,F,????,C,1704032,2000-03-18,Ariana,3000,,+216-82-414-418,1209,Sousse,TN-94,TN,,,,,,,,,,,9.19,11.5,10.11,2018,chômage,Très satisfait
1210,Louati,Ali,Nabeul,1990-01-18,M,Tunisie,C,2436654,1993-06-07,Kairouan,1000,,+216-46-126-170,1210,Gabès,TN-11,TN,,,,,,,,,,,15.5,15.59,15.54,2020,employé,Peu satisfait
1211,Trabelsi,Houssem,Gafsa,1997-06-26,M,TN,C,1898077,2009-10-30,Sfax,4500,,+216-91-290-246,1211,Nabeul,TN-92,TN,,,,,,,,,,,9.51,13.74,11.2,2021,chômage,Satisfait
1212,Chebbi,Bilel,Gafsa,2005-07-30,F,Tunisie,C,7119352,2010-07-11,Sousse,2010,chebbibilel@hotmail.com,+216-60-226-559,1212,Sfax,TN-21,TN,,,,,,,,,,,10.61,15.16,12.43,2015,chômage,Très satisfait
1213,Ben Ali,Ahmed,Ariana,1993-06-11,F,????,C,4607477,1995-10-18,Monastir,2010,,+216-46-945-520,1213,Sfax,TN-21,TN,,,,,,,,,,,10.56,14.66,12.2,2021,employé,Satisfait
1214,Abassi,Bilel,Gafsa,1992-05-05,F,Tunisie,C,8119243,2013-04-02,Monastir,1000,,+216-68-364-490,1214,Ariana,TN-11,TN,,,,,,,,,,,13.79,12.9,13.43,2015,employé,Peu satisfait
1215,Ben Ali,Bilel,Monastir,1990-10-11,F,TN,C,9496420,1997-05-13,Gafsa,2040,,+216-84-323-585,1215,Sfax,TN-12,TN,,,,,,,,,,,11.41,14.34,12.58,2019,chômage,Très satisfait
1216,Gharbi,Anis,Nabeul,2003-01-03,M,Tunisie,C,7310086,2002-07-13,Tunis,2013,,+216-36-194-973,1216,Monastir,TN-13,TN,,,,,,,,,,,14.5,11.21,13.18,2020,employé,Peu satisfait
1217,Louati,Bilel,Tunis,1993-07-09,M,????,C,1859197,2015-09-26,Monastir,2013,,+216-80-808-885,1217,Gafsa,TN-13,TN,,,,,,,,,,,10.65,14.9,12.35,2016,employé,Peu satisfait
1218,Mansouri,Chaker,Bizerte,1993-10-06,M,Tunisie,C,3208683,1990-11-09,Monastir,1000,,+216-79-516-584,1218,Sfax,TN-11,TN,,,,,,,,,,,12.56,14.45,13.32,2024,employé,Peu satisfait
1219,Bouazizi,Houssem,Bizerte,1998-03-07,M,TN,C,5056688,2000-11-10,Sousse,1000,,+216-71-462-133,1219,Gafsa,TN-11,TN,,,,,,,,,,,10.33,14.96,12.18,2023,employé,Très satisfait
1220,Mansouri,Ahmed,Sfax,1991-10-04,M,Tunisie,C,6080094,1997-08-06,Monastir,1000,,+216-47-495-818,1220,Nabeul,TN-11,TN,,,,,,,,,,,16.29,15.59,16.01,2024,employé,Très satisfait
1221,Abassi,Ali,Gabès,1999-05-22,F,Tunisie,C,7633124,1993-07-18,Nabeul,2013,,+216-48-152-177,1221,Ariana,TN-13,TN,,,,,,,,,,,9.62,14.55,11.59,2020,employé,Très satisfait
1222,Gharbi,Anis,Monastir,2002-11-14,M,Tunisie,C,5759346,2008-09-22,Ariana,3500,,+216-40-999-571,1222,Bizerte,TN-72,TN,,,,,,,,,,,12.62,14.22,13.26,2021,employé,Très satisfait
1223,Ben Ahmed,Mohamed,Sousse,1997-10-09,M,????,C,5610922,1998-01-04,Ariana,1200,,+216-54-316-392,1223,Gabès,TN-42,TN,,,,,,,,,,,13.27,12.68,13.03,2024,employé,Très satisfait
1224,Abassi,Anis,Sousse,1995-09-16,F,Tunisie,C,1962744,2005-02-06,Sfax,1000,,+216-59-125-489,1224,Sfax,TN-11,TN,,,,,,,,,,,12.83,12.93,12.87,2022,chômage,Satisfait
1225,Jaziri,Yassine,Kairouan,1993-03-31,F,TN,C,6613337,1990-02-04,Tunis,5200,,+216-55-773-707,1225,Sousse,TN-95,TN,,,,,,,,,,,11.63,15.78,13.29,2024,en formation,Satisfait
1226,Bouazizi,Karim,Monastir,1990-08-06,M,Tunisie,C,5971278,2001-05-01,Kairouan,2040,,+216-64-828-961,1226,Sfax,TN-12,TN,,,,,,,,,,,11.74,16.15,13.5,2015,chômage,Peu satisfait
1227,Louati,Ali,Sfax,1996-06-07,F,Tunisie,C,8757006,2016-09-18,Bizerte,2013,louatiali@hotmail.com,+216-63-691-215,1227,Nabeul,TN-13,TN,,,,,,,,,,,12.09,13.64,12.71,2022,employé,Très satisfait
1228,Trabelsi,Amine,Kairouan,1994-08-24,M,TN,C,6306427,1992-05-02,Gafsa,1000,,+216-25-211-723,1228,Sfax,TN-11,TN,,,,,,,,,,,11.71,14.07,12.65,2018,en formation,Satisfait
1229,Abassi,Amine,Monastir,2004-07-05,F,Tunisie,C,9237391,2013-10-28,Bizerte,1000,,+216-39-650-882,1229,Gabès,TN-11,TN,,,,,,,,,,,13.93,12.64,13.41,2024,employé,Peu satisfait
1230,Louati,Karim,Kairouan,1995-05-22,M,????,C,2965206,2004-01-04,Gabès,2013,,+216-37-389-721,1230,Tunis,TN-13,TN,,,,,,,,,,,16.42,15.76,16.16,2022,employé,Peu satisfait
1231,Bouazizi,Yassine,Kairouan,1996-05-18,F,Tunisie,C,7394936,2009-06-23,Gafsa,1000,,+216-52-357-889,1231,Bizerte,TN-11,TN,,,,,,,,,,,10.89,15.0,12.53,2020,en formation,Peu satisfait
1232,Bouazizi,Ali,Sfax,2000-09-25,F,Tunisie,C,8969137,2004-10-17,Ariana,2013,,+216-68-727-958,1232,Sfax,TN-13,TN,,,,,,,,,,,9.26,16.91,12.32,2023,chômage,Satisfait
1233,Gharbi,Houssem,Nabeul,1993-04-27,F,TN,C,4822449,2013-09-23,Sousse,8000,,+216-53-884-844,1233,Sousse,TN-31,TN,,,,,,,,,,,11.82,12.68,12.16,2018,chômage,Peu satisfait
1234,Trabelsi,Yassine,Ariana,1992-03-26,F,Tunisie,C,4997245,2007-03-03,Tunis,1000,,+216-42-805-998,1234,Tunis,TN-94,TN,,,,,,,,,,,17.16,13.43,15.67,2016,chômage,Très satisfait
1235,Abassi,Ahmed,Kairouan,1999-03-16,F,Tunisie,C,4306262,1992-11-17,Tunis,1000,,+216-62-726-944,1235,Gabès,TN-11,TN,,,,,,,,,,,10.39,14.35,11.97,2016,employé,Satisfait
1236,Mansouri,Karim,Ariana,1999-11-07,F,????,C,9578766,2018-08-05,Ariana,2013,,+216-27-275-377,1236,Sfax,TN-13,TN,,,,,,,,,,,15.28,14.97,15.16,2019,employé,Très satisfait
1237,Ben Ahmed,Anis,Bizerte,1997-03-08,F,Tunisie,C,8811952,2000-04-21,Bizerte,1000,,+216-77-342-826,1237,Bizerte,TN-11,TN,,,,,,,,,,,15.36,13.68,14.69,2024,chômage,Très satisfait
1238,Bouazizi,Karim,Gafsa,1992-11-01,M,Tunisie,C,8972475,1997-07-02,Sfax,4600,,+216-47-322-448,1238,Tunis,TN-91,TN,,,,,,,,,,,10.89,12.69,11.61,2023,employé,Très satisfait
1239,Gharbi,Ali,Sousse,1992-11-04,M,Tunisie,C,4112171,1996-11-26,Monastir,2040,,+216-96-250-713,1239,Sfax,TN-12,TN,,,,,,,,,,,13.14,15.32,14.01,2017,employé,Très satisfait
1240,Chebbi,Anis,Monastir,1996-04-07,F,TN,C,4752904,1996-06-17,Tunis,1000,,+216-82-626-927,1240,Ariana,TN-11,TN,,,,,,,,,,,15.26,15.08,15.19,2022,chômage,Très satisfait
1241,Bouazizi,Amine,Ariana,1991-11-27,F,Tunisie,C,8623063,2010-10-26,Sfax,2010,bouaziziamine@hotmail.com,+216-42-364-577,1241,Ariana,TN-21,TN,,,,,,,,,,,11.24,12.63,11.8,2018,chômage,Très satisfait
1242,Ben Ahmed,Karim,Gabès,1994-05-04,M,????,C,7410217,1998-01-23,Gabès,2040,,+216-99-997-747,1242,Kairouan,TN-12,TN,,,,,,,,,,,11.59,16.03,13.37,2020,employé,Très satisfait
1243,Jaziri,Bilel,Kairouan,1989-12-21,M,Tunisie,C,4377932,2017-05-11,Gafsa,5200,,+216-66-616-533,1243,Monastir,TN-95,TN,,,,,,,,,,,10.84,15.76,12.81,2024,chômage,Peu satisfait
1244,Abassi,Ahmed,Tunis,2001-07-21,F,Tunisie,C,7129085,2010-12-10,Sousse,2040,,+216-84-740-556,1244,Tunis,TN-12,TN,,,,,,,,,,,9.97,14.2,11.66,2020,chômage,Très satisfait
1245,Jaziri,Amine,Sfax,1990-11-01,M,TN,C,6538513,2016-02-25,Sousse,2013,,+216-86-185-944,1245,Gafsa,TN-13,TN,,,,,,,,,,,10.7,14.12,12.07,2017,chômage,Satisfait
1246,Ben Ahmed,Houssem,Tunis,1991-01-18,M,Tunisie,C,8673235,2011-07-28,Nabeul,8000,,+216-46-856-680,1246,Ariana,TN-31,TN,,,,,,,,,,,9.55,14.83,11.66,2019,employé,Très satisfait
1247,Chebbi,Karim,Bizerte,1996-01-30,M,Tunisie,C,5581069,2017-04-07,Gafsa,1000,,+216-70-723-833,1247,Tunis,TN-11,TN,,,,,,,,,,,12.07,12.71,12.33,2017,employé,Peu satisfait
1248,Bouazizi,Ahmed,Kairouan,1997-06-09,F,Tunisie,C,6964051,1990-05-15,Nabeul,5000,,+216-36-865-811,1248,Gafsa,TN-94,TN,,,,,,,,,,,10.46,14.05,11.9,2015,employé,Peu satisfait
1249,Louati,Ahmed,Ariana,1995-08-27,M,????,C,4536852,2006-05-18,Gabès,1000,,+216-59-920-121,1249,Sfax,TN-11,TN,,,,,,,,,,,12.47,10.77,11.79,2021,employé,Satisfait
1250,Mansouri,Yassine,Bizerte,1999-12-22,M,Tunisie,C,8519867,1998-04-08,Kairouan,1200,,+216-83-633-439,1250,Tunis,TN-42,TN,,,,,,,,,,,8.89,15.31,11.46,2018,employé,Satisfait
1251,Gharbi,Yassine,Ariana,1991-04-21,M,TN,C,9711411,2001-07-01,Sfax,3500,,+216-26-752-937,1251,Tunis,TN-72,TN,,,,,,,,,,,12.66,11.66,12.26,2021,employé,Très satisfait
1252,Bouazizi,Yassine,Nabeul,1994-10-28,F,Tunisie,C,4585763,2016-08-08,Gabès,2200,,+216-34-423-468,1252,Gafsa,TN-43,TN,,,,,,,,,,,13.67,16.26,14.71,2017,employé,Pas satisfait
1253,Gharbi,Bilel,Nabeul,1993-08-15,F,Tunisie,C,2223178,2008-03-09,Gabès,4600,,+216-71-460-477,1253,Bizerte,TN-91,TN,,,,,,,,,,,08.01,13.5,10.21,2019,en formation,Peu satisfait
1254,Ben Ali,Houssem,Nabeul,1993-04-02,M,TN,C,2088990,1995-10-03,Monastir,1000,,+216-25-361-836,1254,Monastir,TN-11,TN,,,,,,,,,,,12.75,13.68,13.12,2019,employé,Peu satisfait
1255,Bouazizi,Yassine,Kairouan,1992-11-04,M,Tunisie,C,3605273,1993-08-10,Tunis,1000,chebbichaker@hotmail.com,+216-34-777-447,1255,Monastir,TN-11,TN,,,,,,,,,,,14.46,13.06,13.9,2016,chômage,Satisfait
1256,Bouazizi,Karim,Gafsa,2005-12-08,M,Tunisie,C,4005068,2011-01-24,Ariana,2010,,+216-92-468-722,1256,Gabès,TN-21,TN,,,,,,,,,,,9.58,13.57,11.18,2024,chômage,Très satisfait
1257,Gharbi,Mohamed,Kairouan,1991-08-18,M,Tunisie,C,4769764,2000-08-21,Sfax,1200,,+216-71-206-840,1257,Gabès,TN-42,TN,,,,,,,,,,,15.35,16.13,15.66,2016,employé,Peu satisfait
1258,Louati,Mohamed,Bizerte,2003-04-07,F,????,C,8473151,1994-12-16,Kairouan,2013,,+216-73-200-705,1258,Sfax,TN-13,TN,,,,,,,,,,,12.84,10.27,11.81,2018,en formation,Très satisfait
1259,Bouazizi,Chaker,Gabès,2005-12-05,F,Tunisie,C,8455778,2010-11-20,Bizerte,1000,,+216-48-195-872,1259,Kairouan,TN-11,TN,,,,,,,,,,,10.59,15.92,12.72,2018,employé,Satisfait
1260,Bouazizi,Mohamed,Gabès,2001-11-20,M,Tunisie,C,5164641,2013-07-28,Sousse,2040,,+216-72-634-311,1260,Ariana,TN-94,TN,,,,,,,,,,,11.89,14.51,12.94,2018,employé,Très satisfait
1261,Louati,Yassine,Kairouan,1995-03-09,F,TN,C,2798873,2001-04-30,Kairouan,8000,,+216-44-132-643,1261,Nabeul,TN-31,TN,,,,,,,,,,,13.12,12.19,12.75,2020,chômage,Peu satisfait
1262,Jaziri,Yassine,Kairouan,1991-04-01,F,Tunisie,C,4193818,2014-12-31,Gafsa,2200,,+216-39-289-501,1262,Sfax,TN-43,TN,,,,,,,,,,,12.15,12.39,12.25,2016,employé,Très satisfait
1263,Abassi,Mohamed,Sfax,1994-02-23,M,????,C,9213520,1992-02-09,Gafsa,1200,,+216-75-371-633,1263,Sfax,TN-42,TN,,,,,,,,,,,13.08,16.51,14.45,2020,chômage,Très satisfait
1264,Louati,Ali,Sousse,1991-09-17,M,Tunisie,C,4647450,2003-12-04,Bizerte,4600,,+216-20-811-338,1264,Gafsa,TN-91,TN,,,,,,,,,,,10.16,12.58,11.13,2021,employé,Satisfait
1265,Louati,Yassine,Nabeul,1991-04-15,M,Tunisie,C,2189790,2019-02-04,Gabès,8000,,+216-84-931-794,1265,Bizerte,TN-31,TN,,,,,,,,,,,12.34,12.27,12.31,2024,chômage,Peu satisfait
1266,Gharbi,Chaker,Sousse,1989-09-28,F,Tunisie,C,3705096,2006-05-11,Monastir,1000,,+216-31-566-583,1266,Ariana,TN-11,TN,,,,,,,,,,,9.17,15.71,11.79,2017,employé,Satisfait
1267,Trabelsi,Yassine,Gafsa,1990-02-23,M,TN,C,2053639,2004-11-26,Sousse,8000,,+216-81-171-680,1267,Monastir,TN-31,TN,,,,,,,,,,,11.78,14.51,12.87,2022,chômage,Très satisfait
1268,Ben Ahmed,Mohamed,Bizerte,2002-06-27,M,Tunisie,C,7947875,2008-10-16,Ariana,2040,,+216-36-338-909,1268,Kairouan,TN-12,TN,,,,,,,,,,,10.19,12.59,11.15,2016,employé,Très satisfait
1269,Ben Ahmed,Ali,Kairouan,1998-03-24,M,????,C,4719475,1993-06-17,Monastir,2010,,+216-23-987-543,1269,Nabeul,TN-21,TN,,,,,,,,,,,10.53,14.32,12.05,2022,chômage,Peu satisfait
1270,Chebbi,Bilel,Tunis,1993-08-26,M,Tunisie,C,4762286,1998-05-20,Gafsa,3500,,+216-31-806-192,1270,Gafsa,TN-72,TN,,,,,,,,,,,14.47,12.46,13.67,2019,chômage,Pas satisfait
1271,Ben Ahmed,Amine,Kairouan,1993-02-19,F,Tunisie,C,2235858,1996-11-09,Sfax,2010,,+216-80-357-837,1271,Monastir,TN-21,TN,,,,,,,,,,,14.18,15.65,14.77,2016,employé,Peu satisfait
1272,Ben Ahmed,Karim,Ariana,1993-05-03,F,Tunisie,C,8151580,2001-12-18,Ariana,5000,,+216-50-993-318,1272,Gafsa,TN-94,TN,,,,,,,,,,,13.22,15.59,14.17,2021,chômage,Satisfait
1273,Abassi,Chaker,Tunis,1992-12-17,M,TN,C,2930219,2019-12-16,Kairouan,2010,,+216-82-346-230,1273,Nabeul,TN-21,TN,,,,,,,,,,,9.82,14.8,11.81,2016,employé,Peu satisfait
1274,Mansouri,Ahmed,Gafsa,1981-01-18,M,Tunisie,C,2643523,1994-10-07,Bizerte,1000,,+216-41-459-702,1274,Gafsa,TN-11,TN,,,,,,,,,,,11.37,14.54,12.64,2020,chômage,Satisfait
1275,Abassi,Houssem,Gafsa,1994-12-30,F,Tunisie,C,7016072,2004-07-18,Gafsa,1000,,+216-28-577-585,1275,Kairouan,TN-11,TN,,,,,,,,,,,14.43,16.64,15.31,2024,employé,Satisfait
1276,Jaziri,Ali,Gabès,2004-10-22,M,????,C,6209508,1999-10-22,Nabeul,2010,,+216-49-386-561,1276,Tunis,TN-21,TN,,,,,,,,,,,12.28,14.0,12.97,2017,chômage,Satisfait
1277,Louati,Mohamed,Ariana,1995-06-16,F,Tunisie,C,2928165,1990-11-15,Sfax,2040,,+216-73-313-238,1277,Sfax,TN-12,TN,,,,,,,,,,,16.64,12.23,14.88,2023,chômage,Satisfait
1278,Gharbi,Mohamed,Nabeul,1998-05-19,F,TN,C,5228342,1998-06-15,Sousse,4600,,+216-71-932-623,1278,Gafsa,TN-91,TN,,,,,,,,,,,12.79,14.67,13.54,2017,employé,Peu satisfait
1279,Jaziri,Mohamed,Gabès,2002-07-13,F,Tunisie,C,8653520,1999-12-23,Ariana,1200,,+216-45-331-906,1279,Nabeul,TN-42,TN,,,,,,,,,,,12.38,17.13,14.28,2017,employé,Satisfait
1280,Bouazizi,Karim,Sousse,1996-12-08,F,????,C,1665419,2012-12-16,Gabès,8000,,+216-29-633-927,1280,Tunis,TN-31,TN,,,,,,,,,,,11.38,12.48,11.82,2019,employé,Très satisfait
1281,Ben Ahmed,Chaker,Sfax,1995-11-02,F,Tunisie,C,2022825,1993-01-29,Gabès,1200,,+216-87-633-649,1281,Monastir,TN-42,TN,,,,,,,,,,,12.27,13.46,12.75,2021,chômage,Très satisfait
1282,Mansouri,Chaker,Kairouan,1998-01-08,F,Tunisie,C,3893055,1996-07-08,Sousse,2200,,+216-49-931-300,1282,Gabès,TN-43,TN,,,,,,,,,,,11.7,14.62,12.87,2022,employé,Très satisfait
1283,Louati,Yassine,Gafsa,1995-06-19,M,Tunisie,C,8387743,2002-07-27,Ariana,2013,,+216-51-442-987,1283,Bizerte,TN-13,TN,,,,,,,,,,,13.42,13.92,13.62,2021,employé,Satisfait
1284,Ben Ahmed,Ali,Kairouan,1998-09-21,F,Tunisie,C,9628885,1991-02-09,Ariana,1200,,+216-92-868-475,1284,Bizerte,TN-42,TN,,,,,,,,,,,13.91,12.53,13.36,2023,chômage,Très satisfait
1285,Bouazizi,Karim,Kairouan,1990-03-29,F,TN,C,5906543,2010-02-21,Bizerte,8000,,+216-89-183-265,1285,Kairouan,TN-31,TN,,,,,,,,,,,10.43,15.68,12.53,2019,employé,Très satisfait
1286,Chebbi,Chaker,Kairouan,2005-04-10,F,Tunisie,C,4453155,2014-02-27,Kairouan,2200,,+216-54-330-944,1286,Kairouan,TN-43,TN,,,,,,,,,,,9.34,17.48,12.6,2024,chômage,Satisfait
1287,Ben Ahmed,Amine,Tunis,1990-10-12,F,????,C,2418757,2005-12-06,Gafsa,3500,,+216-38-406-833,1287,Gafsa,TN-72,TN,,,,,,,,,,,8.33,14.29,10.71,2017,employé,Satisfait
1288,Louati,Karim,Sfax,1991-12-27,M,Tunisie,C,9183598,2012-07-23,Sfax,1000,,+216-26-234-538,1288,Gabès,TN-11,TN,,,,,,,,,,,13.02,12.64,12.87,2020,employé,Peu satisfait
1289,Abassi,Ali,Ariana,1997-03-22,F,TN,C,7022465,1992-05-19,Gafsa,2200,,+216-38-794-232,1289,Gafsa,TN-43,TN,,,,,,,,,,,9.79,11.68,10.55,2019,chômage,Satisfait
1290,Bouazizi,Ahmed,Gabès,1997-11-26,F,Tunisie,C,1732846,2000-04-26,Nabeul,5000,,+216-96-126-253,1290,Gabès,TN-94,TN,,,,,,,,,,,7.69,14.39,10.37,2018,employé,Peu satisfait
1291,Bouazizi,Yassine,Sfax,1992-10-25,M,Tunisie,C,1953356,1992-03-03,Sousse,1000,,+216-25-136-812,1291,Gafsa,TN-11,TN,,,,,,,,,,,12.78,15.66,13.93,2016,employé,Peu satisfait
1292,Chebbi,Yassine,Gafsa,1999-08-21,F,Tunisie,C,4569557,1991-11-08,Nabeul,5200,,+216-74-804-263,1292,Bizerte,TN-,TN,,,,,,,,,,,16.99,14.71,16.08,2021,chômage,Peu satisfait
1293,Gharbi,Chaker,Monastir,1995-10-30,F,????,C,1969064,1992-05-02,Gabès,4600,,+216-59-770-422,1293,Sfax,TN-91,TN,,,,,,,,,,,11.99,14.0,12.79,2019,employé,Satisfait
1294,Gharbi,Houssem,Sfax,2004-12-08,M,Tunisie,C,8282604,2014-07-30,Sfax,3100,,+216-90-410-807,1294,Monastir,TN-71,TN,,,,,,,,,,,13.68,13.12,13.46,2018,en formation,Très satisfait
1295,Gharbi,Houssem,Gabès,1998-12-17,F,Tunisie,C,2464397,2016-03-19,Kairouan,2040,,+216-45-220-475,1295,Nabeul,TN-12,TN,,,,,,,,,,,12.16,12.36,12.24,2022,en formation,Pas satisfait
1296,Mansouri,Chaker,Ariana,1990-07-25,M,TN,C,1542500,1998-01-08,Sousse,1000,,+216-64-951-772,1296,Ariana,TN-11,TN,,,,,,,,,,,11.8,15.25,13.18,2023,employé,Très satisfait
1297,Bouazizi,Houssem,Monastir,1999-04-26,F,Tunisie,C,7090389,2002-12-07,Gabès,2013,,+216-74-114-298,1297,Gabès,TN-13,TN,,,,,,,,,,,13.84,15.37,14.45,2023,employé,Très satisfait
1298,Bouazizi,Yassine,Sousse,1991-10-18,F,Tunisie,C,6369358,2011-08-02,Gafsa,1200,,+216-29-639-572,1298,Bizerte,TN-42,TN,,,,,,,,,,,11.42,11.68,11.52,2017,chômage,Satisfait
1299,Abassi,Mohamed,Sfax,1995-03-14,F,????,C,6338609,2004-10-10,Monastir,3100,,+216-28-869-134,1299,Gabès,TN-71,TN,,,,,,,,,,,12.53,16.38,14.07,2017,employé,Très satisfait
1300,Gharbi,Anis,Gabès,1994-12-04,M,Tunisie,C,3650226,2015-12-22,Monastir,1000,,+216-53-488-730,1300,Nabeul,TN-11,TN,,,,,,,,,,,12.64,14.86,13.53,2019,employé,Pas satisfait
1301,Abassi,Yassine,Gabès,1995-03-18,M,TN,C,7337589,2004-06-27,Ariana,4500,,+216-96-904-550,1301,Monastir,TN-94,TN,,,,,,,,,,,10.66,16.1,12.84,2019,chômage,Satisfait
1302,Trabelsi,Yassine,Monastir,1992-01-07,M,Tunisie,C,8301708,2000-10-05,Kairouan,2040,,+216-33-729-655,1302,Gafsa,TN-12,TN,,,,,,,,,,,13.98,11.99,13.18,2024,employé,Satisfait
1303,Louati,Mohamed,Nabeul,1991-04-16,M,Tunisie,C,6029686,1994-01-03,Sousse,3500,,+216-67-929-898,1303,Sousse,TN-72,TN,,,,,,,,,,,11.65,11.95,11.77,2016,chômage,Satisfait
1304,Chebbi,Yassine,Sfax,1996-06-08,M,TN,C,2814304,1993-03-25,Monastir,2010,,+216-97-837-933,1304,Gafsa,TN-21,TN,,,,,,,,,,,10.49,13.78,11.81,2015,employé,Satisfait
1305,Chebbi,Mohamed,Sousse,1993-07-25,M,Tunisie,C,7966504,2016-12-07,Tunis,2010,,+216-96-452-816,1305,Nabeul,TN-21,TN,,,,,,,,,,,13.07,14.75,13.74,2022,employé,Très satisfait
1306,Jaziri,Mohamed,Gabès,2005-07-12,M,Tunisie,C,2362953,1991-11-11,Tunis,1000,,+216-71-272-999,1306,Ariana,TN-11,TN,,,,,,,,,,,10.2,16.69,12.8,2017,employé,Satisfait
1307,Chebbi,Yassine,Gabès,1995-05-31,F,????,C,5681845,2000-02-15,Bizerte,4600,,+216-53-158-593,1307,Sfax,TN-91,TN,,,,,,,,,,,12.06,15.06,13.26,2015,en formation,Satisfait
1308,Ben Ali,Yassine,Monastir,1999-12-23,M,Tunisie,C,4206450,2006-09-24,Sfax,8000,,+216-53-815-775,1308,Sousse,TN-31,TN,,,,,,,,,,,11.98,13.64,12.64,2015,chômage,Satisfait
1309,Mansouri,Ali,Gafsa,1999-05-04,F,Tunisie,C,6927518,2000-11-21,Monastir,2013,,+216-73-125-534,1309,Nabeul,TN-13,TN,,,,,,,,,,,14.17,12.46,13.49,2016,chômage,Peu satisfait
1310,Abassi,Ali,Sousse,1998-09-06,F,Tunisie,C,7781697,2012-03-21,Monastir,2040,,+216-24-144-223,1310,Ariana,TN-12,TN,,,,,,,,,,,12.95,15.85,14.11,2020,employé,Très satisfait
1311,Ben Ahmed,Yassine,Nabeul,1989-08-29,M,TN,C,8473190,2007-11-16,Ariana,5200,,+216-52-392-574,1311,Sousse,TN-95,TN,,,,,,,,,,,11.95,12.55,12.19,2020,employé,Très satisfait
1312,Ben Ahmed,Ali,Kairouan,1996-04-28,F,Tunisie,C,8025634,2005-10-11,Gabès,3100,,+216-57-591-433,1312,Bizerte,TN-71,TN,,,,,,,,,,,13.64,16.44,14.76,2017,employé,Très satisfait
1313,Ben Ali,Anis,Bizerte,1993-06-15,F,Tunisie,C,7914881,2009-03-27,Kairouan,2040,,+216-22-932-772,1313,Gafsa,TN-12,TN,,,,,,,,,,,14.78,13.57,14.3,2018,employé,Très satisfait
1314,Ben Ali,Yassine,Nabeul,1993-11-30,M,Tunisie,C,9545041,2000-06-21,Sousse,1000,,+216-60-947-429,1314,Sousse,TN-11,TN,,,,,,,,,,,13.12,16.39,14.43,2016,employé,Peu satisfait
1315,Louati,Bilel,Nabeul,1997-07-17,M,????,C,9482324,1996-09-11,Nabeul,8000,,+216-39-994-634,1315,Gabès,TN-31,TN,,,,,,,,,,,12.02,15.02,13.22,2016,chômage,Peu satisfait
1316,Gharbi,Anis,Gafsa,1994-08-03,M,Tunisie,C,5927882,2011-02-28,Gafsa,1200,,+216-26-537-400,1316,Gafsa,TN-42,TN,,,,,,,,,,,9.38,13.79,11.14,2021,employé,Très satisfait
1317,Louati,Ali,Nabeul,1998-05-15,M,TN,C,2680121,2018-10-01,Ariana,4600,,+216-62-562-512,1317,Sfax,TN-91,TN,,,,,,,,,,,9.87,13.22,11.21,2015,en formation,Satisfait
1318,Jaziri,Houssem,Sfax,1992-08-18,M,Tunisie,C,1141793,2015-07-27,Nabeul,1000,,+216-67-732-785,1318,Sfax,TN-11,TN,,,,,,,,,,,11.39,13.49,12.23,2021,employé,Satisfait
1319,Bouazizi,Houssem,Nabeul,1993-07-01,F,Tunisie,C,7939654,2006-03-10,Ariana,2040,,+216-99-905-737,1319,Monastir,TN-12,TN,,,,,,,,,,,10.78,14.64,12.32,2015,en formation,Très satisfait
1320,Abassi,Anis,Sfax,1994-10-15,M,Tunisie,C,4686664,1993-03-02,Ariana,2200,,+216-57-611-608,1320,Bizerte,TN-43,TN,,,,,,,,,,,11.63,14.12,12.63,2020,employé,Très satisfait
1321,Ben Ali,Bilel,Sfax,1990-06-26,F,????,C,1546816,2011-06-28,Tunis,3100,,+216-26-136-720,1321,Sousse,TN-71,TN,,,,,,,,,,,12.11,13.11,12.51,2017,employé,Pas satisfait
1322,Abassi,Yassine,Ariana,1997-04-09,F,Tunisie,C,9710263,1999-04-28,Bizerte,2010,,+216-86-257-127,1322,Gafsa,TN-21,TN,,,,,,,,,,,13.06,13.75,13.34,2022,employé,Satisfait
1323,Abassi,Chaker,Sfax,1993-06-30,M,Tunisie,C,2811079,1991-03-15,Bizerte,1200,,+216-25-108-177,1323,Kairouan,TN-42,TN,,,,,,,,,,,11.86,14.12,12.76,2020,employé,Pas satisfait
1324,Abassi,Anis,Monastir,2002-09-13,F,Tunisie,C,3057624,2003-04-30,Gafsa,8000,,+216-38-623-945,1324,Gabès,TN-31,TN,,,,,,,,,,,12.97,10.81,12.11,2016,employé,Très satisfait
1325,Jaziri,Karim,Kairouan,1997-02-01,F,TN,C,2790334,2018-02-10,Sfax,5200,,+216-90-134-860,1325,Ariana,TN-95,TN,,,,,,,,,,,12.13,14.69,13.15,2022,employé,Satisfait
1326,Abassi,Karim,Kairouan,1995-06-16,M,Tunisie,C,2052521,2003-08-15,Ariana,2200,,+216-35-493-248,1326,Gabès,TN-43,TN,,,,,,,,,,,08.05,12.53,9.84,2019,employé,Très satisfait
1327,Trabelsi,Karim,Tunis,1995-01-30,M,Tunisie,C,2345662,1997-02-04,Sousse,1200,,+216-83-538-994,1327,Nabeul,TN-42,TN,,,,,,,,,,,10.12,12.27,10.98,2022,chômage,Très satisfait
1328,Abassi,Mohamed,Gabès,2002-04-19,M,????,C,8299100,1995-06-14,Nabeul,1000,,+216-42-535-569,1328,Sfax,TN-11,TN,,,,,,,,,,,11.71,11.47,11.61,2022,chômage,Satisfait
1329,Ben Ali,Mohamed,Bizerte,1997-04-15,M,Tunisie,C,7871796,1999-01-20,Bizerte,2040,,+216-85-901-658,1329,Ariana,TN-12,TN,,,,,,,,,,,9.58,11.31,10.27,2020,chômage,Très satisfait
1330,Ben Ahmed,Ali,Monastir,1992-03-22,M,TN,C,8797642,2007-05-01,Sousse,4600,,+216-73-132-630,1330,Gabès,TN-91,TN,,,,,,,,,,,13.2,11.97,12.71,2016,employé,Très satisfait
1331,Ben Ahmed,Yassine,Nabeul,1996-08-25,F,Tunisie,C,3006840,2000-04-07,Gabès,3100,,+216-42-945-197,1331,Sousse,TN-71,TN,,,,,,,,,,,15.06,12.94,14.21,2022,chômage,Très satisfait
1332,Louati,Ahmed,Bizerte,1993-12-01,M,Tunisie,C,3079048,2004-03-01,Tunis,1000,,+216-77-328-207,1332,Ariana,TN-11,TN,,,,,,,,,,,14.44,16.93,15.44,2020,employé,Très satisfait
1333,Ben Ali,Ali,Tunis,1995-10-23,M,????,C,1097623,2018-06-30,Tunis,2040,,+216-78-394-483,1333,Nabeul,TN-12,TN,,,,,,,,,,,11.57,13.21,12.23,2020,employé,Satisfait
1334,Bouazizi,Houssem,Kairouan,1995-09-22,M,Tunisie,C,9787615,2004-10-27,Monastir,8000,,+216-63-152-164,1334,Monastir,TN-31,TN,,,,,,,,,,,14.98,14.27,14.7,2022,employé,Satisfait
1335,Trabelsi,Houssem,Ariana,1991-06-21,M,Tunisie,C,1980470,1995-01-21,Gabès,2010,,+216-72-371-400,1335,Sfax,TN-21,TN,,,,,,,,,,,12.3,14.6,13.22,2015,employé,Très satisfait
1336,Jaziri,Karim,Nabeul,1993-11-26,M,TN,C,2553768,2003-07-08,Tunis,5200,,+216-30-338-572,1336,Tunis,TN-95,TN,,,,,,,,,,,11.33,14.2,12.48,2016,employé,Très satisfait
1337,Ben Ahmed,Bilel,Sfax,2002-04-03,M,Tunisie,C,5747599,1997-06-11,Nabeul,1000,,+216-64-536-972,1337,Sousse,TN-11,TN,,,,,,,,,,,10.77,13.88,12.01,2023,employé,Très satisfait
1338,Trabelsi,Anis,Tunis,1998-06-09,M,Tunisie,C,5510177,1992-01-13,Sfax,2010,,+216-52-177-260,1338,Gafsa,TN-21,TN,,,,,,,,,,,11.4,12.21,11.72,2022,employé,Satisfait
1339,Mansouri,Chaker,Kairouan,1997-03-16,F,????,C,7749543,2002-08-02,Nabeul,1000,,+216-84-589-474,1339,Monastir,TN-11,TN,,,,,,,,,,,11.22,16.18,13.2,2021,chômage,Très satisfait
1340,Ben Ahmed,Amine,Sousse,1993-09-09,F,Tunisie,C,8629398,2019-08-26,Sousse,1000,,+216-24-881-104,1340,Nabeul,TN-11,TN,,,,,,,,,,,12.34,16.71,14.09,2021,chômage,Peu satisfait
1341,Ben Ali,Chaker,Ariana,2002-05-31,F,Tunisie,C,8995334,2018-12-13,Bizerte,4500,,+216-80-823-803,1341,Monastir,TN-94,TN,,,,,,,,,,,12.32,11.48,11.98,2019,en formation,Très satisfait
1342,Mansouri,Anis,Kairouan,1997-11-28,M,TN,C,3976941,2012-03-14,Tunis,4600,,+216-58-570-439,1342,Ariana,TN-91,TN,,,,,,,,,,,12.01,12.46,12.19,2016,chômage,Très satisfait
1343,Louati,Ahmed,Kairouan,1997-12-28,F,Tunisie,C,8427148,2018-10-27,Gafsa,2013,,+216-84-753-404,1343,Sfax,TN-13,TN,,,,,,,,,,,12.87,13.58,13.15,2020,employé,Peu satisfait
1344,Gharbi,Karim,Sousse,1998-02-16,M,Tunisie,C,1073345,2017-01-08,Ariana,2010,,+216-32-528-802,1344,Kairouan,TN-21,TN,,,,,,,,,,,14.38,12.55,13.65,2024,chômage,Satisfait
1345,Ben Ahmed,Amine,Tunis,1991-04-14,M,????,C,5531656,1997-08-04,Gabès,3100,,+216-35-173-113,1345,Ariana,TN-71,TN,,,,,,,,,,,13.9,14.76,14.24,2017,chômage,Très satisfait
1346,Ben Ali,Mohamed,Tunis,1996-06-02,F,Tunisie,C,1596660,1995-12-21,Tunis,8000,,+216-60-761-212,1346,Gafsa,TN-31,TN,,,,,,,,,,,09.03,12.91,10.58,2018,employé,Peu satisfait
1347,Ben Ahmed,Yassine,Bizerte,1991-02-16,F,Tunisie,C,1886451,2002-04-30,Monastir,2013,,+216-54-394-193,1347,Gabès,TN-13,TN,,,,,,,,,,,6.89,17.25,11.03,2024,employé,Satisfait
1348,Trabelsi,Mohamed,Gafsa,1996-07-16,F,Tunisie,C,7380228,1996-11-15,Sousse,1200,,+216-51-978-872,1348,Nabeul,TN-42,TN,,,,,,,,,,,13.87,15.79,14.64,2016,en formation,Peu satisfait
1349,Jaziri,Mohamed,Sfax,2001-04-24,F,TN,C,4679967,1995-12-05,Bizerte,1000,,+216-81-658-823,1349,Ariana,TN-11,TN,,,,,,,,,,,9.27,14.32,11.29,2016,employé,Satisfait
1350,Mansouri,Ahmed,Ariana,1999-07-19,M,Tunisie,C,4796854,2000-08-07,Gabès,1200,,+216-87-653-155,1350,Sfax,TN-42,TN,,,,,,,,,,,11.55,15.54,13.15,2022,en formation,Satisfait
1351,Mansouri,Amine,Sfax,2005-09-27,F,Tunisie,C,6045555,1990-08-01,Nabeul,6000,,+216-54-384-399,1351,Nabeul,TN-94,TN,,,,,,,,,,,9.66,15.66,12.06,2022,employé,Pas satisfait
1352,Louati,Yassine,Sfax,1996-03-16,M,Tunisie,C,2526296,2015-08-17,Nabeul,2013,,+216-43-925-194,1352,Gafsa,TN-13,TN,,,,,,,,,,,8.4,13.15,10.3,2024,employé,Très satisfait
1353,Chebbi,Houssem,Tunis,1997-06-20,M,TN,C,8675600,2011-08-05,Kairouan,2013,,+216-31-312-583,1353,Bizerte,TN-13,TN,,,,,,,,,,,13.08,12.78,12.96,2020,employé,Satisfait
1354,Abassi,Ali,Nabeul,1994-09-26,F,Tunisie,C,3414336,1995-04-24,Tunis,5200,,+216-97-757-237,1354,Sousse,TN-95,TN,,,,,,,,,,,13.52,14.12,13.76,2019,employé,Satisfait
1355,Trabelsi,Ahmed,Tunis,1993-01-05,M,Tunisie,C,3647696,1998-03-05,Sfax,2040,,+216-71-555-486,1355,Tunis,TN-12,TN,,,,,,,,,,,10.85,15.29,12.63,2022,chômage,Très satisfait
1356,Jaziri,Houssem,Ariana,1994-11-04,F,????,C,1570171,1991-07-13,Bizerte,3100,,+216-62-745-274,1356,Tunis,TN-71,TN,,,,,,,,,,,6.82,14.21,9.78,2018,en formation,Très satisfait
1357,Mansouri,Houssem,Gafsa,2001-06-23,M,Tunisie,C,4138749,1991-04-06,Nabeul,1200,,+216-76-849-206,1357,Gabès,TN-42,TN,,,,,,,,,,,10.91,11.63,11.2,2018,employé,Très satisfait
1358,Chebbi,Anis,Kairouan,1992-06-15,M,Tunisie,C,7533030,2002-03-06,Gabès,2010,,+216-48-995-839,1358,Gabès,TN-21,TN,,,,,,,,,,,12.78,12.8,12.79,2019,employé,Satisfait
1359,Gharbi,Karim,Gafsa,1991-09-12,F,Tunisie,C,2812996,1997-05-21,Tunis,1200,,+216-82-592-743,1359,Ariana,TN-42,TN,,,,,,,,,,,09.04,13.89,10.98,2015,chômage,Satisfait
1360,Bouazizi,Karim,Kairouan,2005-09-16,M,TN,C,6111633,1999-03-10,Tunis,1200,,+216-23-933-417,1360,Gafsa,TN-42,TN,,,,,,,,,,,12.37,13.89,12.98,2015,chômage,Satisfait
1361,Louati,Yassine,Gabès,1996-04-01,F,Tunisie,C,4864647,2012-09-06,Kairouan,1000,,+216-92-504-466,1361,Gabès,TN-11,TN,,,,,,,,,,,11.97,16.96,13.97,2016,employé,Très satisfait
1362,Louati,Chaker,Monastir,1999-06-19,M,Tunisie,C,3950736,1999-02-02,Nabeul,1000,,+216-66-239-583,1362,Tunis,TN-11,TN,,,,,,,,,,,13.16,11.92,12.66,2022,employé,Satisfait
1363,Gharbi,Karim,Nabeul,1991-12-06,F,????,C,2915337,2005-01-26,Gabès,2013,,+216-99-780-434,1363,Ariana,TN-13,TN,,,,,,,,,,,12.24,14.76,13.25,2021,chômage,Peu satisfait
1364,Mansouri,Mohamed,Tunis,1991-09-03,F,Tunisie,C,1136890,2009-03-27,Gabès,2040,,+216-70-920-265,1364,Bizerte,TN-12,TN,,,,,,,,,,,10.05,16.23,12.52,2024,chômage,Très satisfait
1365,Chebbi,Ahmed,Sfax,1998-12-09,M,TN,C,4076618,2017-02-27,Sfax,3100,,+216-28-106-690,1365,Ariana,TN-71,TN,,,,,,,,,,,14.39,17.41,15.6,2023,employé,Satisfait
1366,Ben Ahmed,Karim,Gafsa,1999-01-02,F,Tunisie,C,2728215,2019-02-13,Nabeul,9000,,+216-77-607-366,1366,Sfax,TN-94,TN,,,,,,,,,,,11.68,13.39,12.36,2019,employé,Peu satisfait
1367,Louati,Ahmed,Bizerte,1997-03-27,F,Tunisie,C,2623889,1993-09-14,Gabès,5200,,+216-36-804-180,1367,Sfax,TN-95,TN,,,,,,,,,,,11.95,14.74,13.07,2016,en formation,Peu satisfait
1368,Gharbi,Yassine,Sfax,1995-05-19,F,????,C,8159420,1990-03-13,Ariana,2010,,+216-69-674-359,1368,Bizerte,TN-21,TN,,,,,,,,,,,10.13,14.85,12.02,2021,chômage,Satisfait
1369,Louati,Anis,Monastir,2002-01-19,M,Tunisie,C,2624776,1990-09-19,Ariana,1000,,+216-71-465-428,1369,Tunis,TN-11,TN,,,,,,,,,,,11.11,14.29,12.38,2022,employé,Peu satisfait
1370,Trabelsi,Yassine,Gafsa,1994-12-06,F,TN,C,6182055,2018-07-23,Sfax,1200,,+216-25-262-457,1370,Ariana,TN-42,TN,,,,,,,,,,,10.23,13.85,11.68,2021,employé,Très satisfait
1371,Abassi,Karim,Ariana,1997-04-04,M,Tunisie,C,5554314,2015-10-24,Monastir,8000,,+216-42-878-792,1371,Tunis,TN-31,TN,,,,,,,,,,,11.65,14.65,12.85,2021,chômage,Peu satisfait
1372,Abassi,Chaker,Kairouan,1995-07-10,F,Tunisie,C,6459127,1993-01-31,Monastir,2040,,+216-55-455-103,1372,Nabeul,TN-12,TN,,,,,,,,,,,15.42,10.2,13.33,2019,employé,Très satisfait
1373,Ben Ahmed,Houssem,Sfax,2005-12-08,M,????,C,4300552,2018-06-19,Sousse,4600,,+216-58-248-267,1373,Tunis,TN-91,TN,,,,,,,,,,,9.26,15.02,11.56,2016,employé,Très satisfait
1374,Trabelsi,Yassine,Sfax,1999-08-20,F,Tunisie,C,2215151,1999-10-09,Nabeul,2040,,+216-22-587-328,1374,Tunis,TN-12,TN,,,,,,,,,,,8.77,14.19,10.94,2020,employé,Très satisfait
1375,Ben Ahmed,Yassine,Kairouan,1993-12-11,F,TN,C,9945513,2005-08-04,Nabeul,5200,,+216-85-881-906,1375,Gafsa,TN-95,TN,,,,,,,,,,,14.94,13.67,14.43,2018,employé,Peu satisfait
1376,Gharbi,Yassine,Monastir,1990-11-29,F,Tunisie,C,7903831,1994-09-09,Sfax,2010,,+216-92-514-689,1376,Sousse,TN-21,TN,,,,,,,,,,,11.58,17.07,13.78,2024,chômage,Satisfait
1377,Trabelsi,Anis,Tunis,1990-04-13,F,Tunisie,C,4380029,1993-08-01,Bizerte,2010,,+216-24-225-878,1377,Ariana,TN-21,TN,,,,,,,,,,,10.66,12.99,11.59,2016,employé,Très satisfait
1378,Jaziri,Ahmed,Ariana,1995-04-23,F,Tunisie,C,9320111,2002-06-23,Gafsa,1000,,+216-69-888-220,1378,Sfax,TN-11,TN,,,,,,,,,,,14.08,13.4,13.81,2023,chômage,Très satisfait
1379,Bouazizi,Yassine,Nabeul,1993-12-04,F,TN,C,3841045,1991-12-12,Sfax,1000,,+216-45-668-384,1379,Gabès,TN-11,TN,,,,,,,,,,,10.79,16.99,13.27,2021,employé,Peu satisfait
1380,Trabelsi,Ali,Gafsa,1990-11-04,M,Tunisie,C,9208658,1991-06-12,Sousse,5500,,+216-90-913-169,1380,Nabeul,TN-99,TN,,,,,,,,,,,15.65,12.75,14.49,2020,employé,Peu satisfait
1381,Chebbi,Mohamed,Sfax,1998-12-25,F,Tunisie,C,3129013,2012-07-05,Monastir,2013,,+216-40-241-607,1381,Bizerte,TN-13,TN,,,,,,,,,,,13.36,13.17,13.28,2019,employé,Satisfait
1382,Gharbi,Yassine,Nabeul,1991-04-19,M,????,C,9228951,2007-12-20,Gafsa,2010,,+216-22-782-806,1382,Tunis,TN-21,TN,,,,,,,,,,,11.02,13.78,12.12,2017,en formation,Satisfait
1383,Ben Ali,Ali,Sousse,2003-09-02,M,Tunisie,C,6701833,1994-05-12,Gafsa,2013,,+216-49-716-662,1383,Nabeul,TN-13,TN,,,,,,,,,,,16.31,15.26,15.89,2024,chômage,Satisfait
1384,Ben Ahmed,Anis,Sousse,1997-11-10,F,Tunisie,C,2569714,1997-03-25,Bizerte,3100,,+216-33-163-912,1384,Monastir,TN-71,TN,,,,,,,,,,,10.79,14.31,12.2,2024,employé,Très satisfait
1385,Ben Ali,Ali,Bizerte,1992-07-20,F,Tunisie,C,3233682,2012-07-12,Monastir,5000,,+216-87-382-901,1385,Gafsa,TN-94,TN,,,,,,,,,,,13.48,12.06,12.91,2018,chômage,Peu satisfait
1386,Trabelsi,Anis,Gabès,1996-11-21,F,TN,C,1086043,2011-06-24,Gabès,1200,,+216-21-324-990,1386,Bizerte,TN-42,TN,,,,,,,,,,,12.6,13.2,12.84,2017,chômage,Très satisfait
1387,Abassi,Karim,Sousse,1992-04-13,M,Tunisie,C,1592624,2005-04-07,Tunis,2013,,+216-87-867-432,1387,Sousse,TN-13,TN,,,,,,,,,,,14.6,13.09,14.0,2022,en formation,Satisfait
1388,Gharbi,Amine,Kairouan,1990-05-31,M,TN,C,1051624,2016-06-18,Monastir,2010,,+216-34-999-384,1388,Ariana,TN-21,TN,,,,,,,,,,,15.12,13.88,14.62,2017,employé,Très satisfait
1389,Abassi,Karim,Tunis,1999-05-18,M,Tunisie,C,9856001,1994-11-10,Kairouan,8000,,+216-30-253-231,1389,Tunis,TN-31,TN,,,,,,,,,,,12.06,14.64,13.09,2021,chômage,Satisfait
1390,Jaziri,Chaker,Ariana,1992-03-08,F,Tunisie,C,5849368,2010-05-18,Sousse,1000,,+216-92-417-835,1390,Bizerte,TN-11,TN,,,,,,,,,,,10.49,14.63,12.15,2021,employé,Satisfait
1391,Mansouri,Ali,Monastir,1996-12-30,F,Tunisie,C,9034923,2014-10-16,Nabeul,4600,,+216-62-131-218,1391,Ariana,TN-91,TN,,,,,,,,,,,12.92,11.34,12.29,2021,employé,Satisfait
1392,Ben Ali,Bilel,Bizerte,1994-05-02,M,????,C,4373203,1997-04-10,Monastir,8000,,+216-52-950-975,1392,Gafsa,TN-31,TN,,,,,,,,,,,10.64,15.6,12.62,2021,en formation,Très satisfait
1393,Louati,Ali,Nabeul,2001-08-01,F,Tunisie,C,5777149,2000-06-06,Gafsa,2040,,+216-67-403-251,1393,Sousse,TN-12,TN,,,,,,,,,,,16.03,14.38,15.37,2016,employé,Satisfait
1394,Bouazizi,Ali,Ariana,1993-03-25,F,Tunisie,C,3538524,2015-11-25,Bizerte,2013,,+216-82-793-190,1394,Bizerte,TN-13,TN,,,,,,,,,,,12.27,16.08,13.79,2024,employé,Très satisfait
1395,Chebbi,Ali,Bizerte,1998-08-16,M,TN,C,6244786,2010-08-29,Kairouan,1200,,+216-41-932-246,1395,Kairouan,TN-42,TN,,,,,,,,,,,11.27,14.67,12.63,2017,employé,Très satisfait
1396,Ben Ali,Yassine,Nabeul,1998-08-09,M,Tunisie,C,5216481,2011-06-11,Gafsa,2013,,+216-59-377-273,1396,Sfax,TN-13,TN,,,,,,,,,,,12.37,15.65,13.68,2024,chômage,Très satisfait
1397,Mansouri,Yassine,Monastir,1997-06-16,F,Tunisie,C,9917324,2013-08-24,Gabès,3100,,+216-44-313-116,1397,Monastir,TN-71,TN,,,,,,,,,,,9.31,14.7,11.47,2023,chômage,Peu satisfait
1398,Trabelsi,Anis,Sousse,1997-08-16,M,Tunisie,C,7481542,1999-12-26,Monastir,1000,,+216-97-188-261,1398,Sfax,TN-11,TN,,,,,,,,,,,10.06,16.02,12.44,2017,employé,Satisfait
1399,Ben Ali,Bilel,Nabeul,1994-07-27,F,Tunisie,C,7670307,1991-06-25,Monastir,1000,,+216-25-549-712,1399,Bizerte,TN-11,TN,,,,,,,,,,,14.4,14.78,14.55,2016,en formation,Satisfait
1400,Mansouri,Ahmed,Gabès,1992-07-05,M,????,C,1657616,2016-01-28,Bizerte,2013,,+216-34-839-473,1400,Gabès,TN-13,TN,,,,,,,,,,,10.69,13.85,11.95,2023,employé,Satisfait
1401,Louati,Ahmed,Monastir,2004-06-13,M,Tunisie,C,7556728,1992-07-07,Gabès,4500,,+216-96-161-527,1401,Monastir,TN-94,TN,,,,,,,,,,,9.91,17.41,12.91,2024,employé,Satisfait
1402,Louati,Anis,Sousse,1997-07-18,M,Tunisie,C,4466514,2019-02-11,Nabeul,4600,,+216-37-928-932,1402,Gafsa,TN-91,TN,,,,,,,,,,,13.07,15.33,13.97,2023,en formation,Satisfait
1403,Bouazizi,Yassine,Nabeul,1994-05-05,F,Tunisie,C,8327529,2012-09-28,Kairouan,2010,,+216-84-783-587,1403,Monastir,TN-21,TN,,,,,,,,,,,14.37,14.86,14.57,2018,employé,Très satisfait
1404,Bouazizi,Bilel,Sousse,1997-04-22,M,TN,C,4797853,1992-11-30,Gabès,2013,,+216-25-218-942,1404,Sfax,TN-13,TN,,,,,,,,,,,13.44,12.09,12.9,2023,employé,Très satisfait
1405,Mansouri,Ahmed,Sfax,1998-09-08,F,Tunisie,C,4864039,2012-06-11,Kairouan,4000,,+216-45-511-607,1405,Gafsa,TN-61,TN,,,,,,,,,,,13.99,12.07,13.22,2017,employé,Satisfait
1406,Chebbi,Mohamed,Gafsa,1993-05-11,F,Tunisie,C,7677745,2011-05-29,Sfax,3100,,+216-55-278-575,1406,Kairouan,TN-71,TN,,,,,,,,,,,10.49,14.44,12.07,2021,chômage,Satisfait
1407,Jaziri,Karim,Nabeul,1992-10-07,M,Tunisie,C,7852444,2019-03-08,Bizerte,4000,,+216-53-363-818,1407,Gafsa,TN-61,TN,,,,,,,,,,,9.16,14.22,11.18,2021,employé,Peu satisfait
1408,Gharbi,Amine,Sfax,1995-02-27,M,????,C,1548557,2009-12-13,Tunis,2040,,+216-85-465-737,1408,Ariana,TN-94,TN,,,,,,,,,,,15.0,13.08,14.23,2022,en formation,Peu satisfait
1409,Trabelsi,Ahmed,Gabès,1997-01-06,F,Tunisie,C,9209497,2016-04-04,Kairouan,1000,,+216-73-533-841,1409,Gafsa,TN-11,TN,,,,,,,,,,,11.35,14.21,12.49,2024,chômage,Très satisfait
1410,Abassi,Yassine,Sousse,1995-09-03,M,TN,C,2013079,1990-12-14,Bizerte,4600,,+216-73-335-666,1410,Sfax,TN-91,TN,,,,,,,,,,,11.5,16.38,13.45,2018,employé,Très satisfait
1411,Bouazizi,Houssem,Kairouan,1996-04-13,M,Tunisie,C,9110272,2005-02-01,Ariana,2040,,+216-57-438-458,1411,Nabeul,TN-12,TN,,,,,,,,,,,14.66,15.04,14.81,2017,chômage,Satisfait
1412,Gharbi,Karim,Sfax,1991-10-24,F,Tunisie,C,3509472,2011-10-16,Gabès,1100,,+216-63-626-372,1412,Bizerte,TN-41,TN,,,,,,,,,,,13.11,12.29,12.78,2017,employé,Très satisfait
1413,Louati,Yassine,Ariana,1990-08-09,M,Tunisie,C,6654594,2018-09-16,Nabeul,2040,,+216-99-489-313,1413,Bizerte,TN-12,TN,,,,,,,,,,,12.91,13.83,13.28,2019,employé,Très satisfait
1414,Gharbi,Ahmed,Bizerte,1989-10-16,M,Tunisie,C,4674911,2008-11-09,Ariana,4000,,+216-60-375-325,1414,Ariana,TN-61,TN,,,,,,,,,,,16.33,12.79,14.91,2015,chômage,Peu satisfait
1415,Jaziri,Amine,Ariana,1991-08-23,F,????,C,2184273,2013-01-11,Sfax,3100,,+216-74-247-422,1415,Nabeul,TN-71,TN,,,,,,,,,,,10.71,13.42,11.79,2024,en formation,Très satisfait
1416,Mansouri,Karim,Gabès,1990-01-10,M,Tunisie,C,4044492,2015-03-07,Ariana,1100,,+216-76-952-743,1416,Kairouan,TN-41,TN,,,,,,,,,,,13.86,13.38,13.67,2017,employé,Peu satisfait
1417,Ben Ali,Karim,Gafsa,2005-08-28,M,TN,C,8933357,1992-12-11,Ariana,5000,,+216-46-228-124,1417,Gabès,TN-94,TN,,,,,,,,,,,12.11,13.28,12.58,2020,employé,Satisfait
1418,Gharbi,Bilel,Monastir,1995-07-20,M,Tunisie,C,5890040,1999-04-02,Nabeul,1100,,+216-74-192-740,1418,Ariana,TN-41,TN,,,,,,,,,,,12.54,12.12,12.37,2017,employé,Peu satisfait
1419,Ben Ahmed,Ahmed,Tunis,1990-02-04,F,????,C,6629049,2000-12-02,Monastir,4600,,+216-38-834-620,1419,Sfax,TN-91,TN,,,,,,,,,,,15.06,13.81,14.56,2019,employé,Très satisfait
1420,Gharbi,Ahmed,Bizerte,1993-08-17,M,Tunisie,C,2510028,2001-05-28,Monastir,8000,,+216-79-775-384,1420,Kairouan,TN-31,TN,,,,,,,,,,,13.02,13.16,13.08,2023,employé,Très satisfait
1421,Chebbi,Karim,Gabès,2003-02-04,F,Tunisie,C,4143506,2004-04-15,Ariana,5500,,+216-71-228-490,1421,Sfax,TN-99,TN,,,,,,,,,,,13.08,9.61,11.69,2016,employé,Satisfait
1422,Gharbi,Anis,Sousse,1999-11-27,F,Tunisie,C,6507514,1998-06-20,Sousse,8000,,+216-81-873-252,1422,Gafsa,TN-31,TN,,,,,,,,,,,14.15,17.08,15.32,2016,chômage,Très satisfait
1423,Jaziri,Amine,Sousse,1996-09-27,F,TN,C,6566462,2019-10-08,Bizerte,1000,,+216-31-722-294,1423,Gabès,TN-11,TN,,,,,,,,,,,11.27,15.63,13.01,2020,employé,Très satisfait
1424,Ben Ali,Mohamed,Ariana,1997-06-06,M,Tunisie,C,2970431,1995-10-05,Kairouan,2013,,+216-60-282-112,1424,Bizerte,TN-13,TN,,,,,,,,,,,10.32,13.44,11.57,2020,employé,Très satisfait
1425,Gharbi,Karim,Gabès,1997-11-02,M,Tunisie,C,9430246,2004-07-15,Sousse,2013,,+216-71-943-461,1425,Ariana,TN-13,TN,,,,,,,,,,,9.91,14.03,11.56,2022,chômage,Très satisfait
1426,Mansouri,Chaker,Sousse,1996-12-17,F,TN,C,7025585,1994-07-04,Bizerte,3100,,+216-66-752-253,1426,Bizerte,TN-71,TN,,,,,,,,,,,08.07,12.24,9.74,2016,chômage,Très satisfait
1427,Chebbi,Karim,Sousse,1997-09-02,F,Tunisie,C,2902575,2004-09-13,Nabeul,2013,,+216-87-148-712,1427,Sousse,TN-13,TN,,,,,,,,,,,16.11,16.54,16.28,2023,employé,Peu satisfait
1428,Louati,Bilel,Monastir,1995-09-14,F,Tunisie,C,1436190,2018-04-14,Sfax,1000,,+216-41-634-341,1428,Tunis,TN-94,TN,,,,,,,,,,,9.79,16.85,12.61,2016,employé,Très satisfait
1429,Chebbi,Amine,Gabès,1988-10-05,F,Tunisie,C,3933340,2005-04-22,Gafsa,2010,,+216-86-929-943,1429,Nabeul,TN-21,TN,,,,,,,,,,,11.56,14.24,12.63,2015,chômage,Très satisfait
1430,Gharbi,Anis,Monastir,1992-04-15,M,Tunisie,C,1832842,2019-08-02,Sfax,1100,,+216-97-485-573,1430,Nabeul,TN-40,TN,,,,,,,,,,,11.45,15.54,13.09,2024,employé,Satisfait
1431,Mansouri,Karim,Tunis,1996-08-21,M,????,C,1828342,1999-07-09,Kairouan,4600,,+216-92-240-474,1431,Bizerte,TN-91,TN,,,,,,,,,,,12.61,14.26,13.27,2016,employé,Pas satisfait
1432,Ben Ali,Amine,Gafsa,1999-12-06,F,Tunisie,C,4532896,2003-01-27,Gafsa,2010,,+216-74-948-208,1432,Monastir,TN-21,TN,,,,,,,,,,,13.63,11.99,12.97,2021,chômage,Très satisfait
1433,Chebbi,Ahmed,Sfax,1995-09-10,M,Tunisie,C,5784343,2000-06-30,Gabès,5500,,+216-73-959-499,1433,Sfax,TN-99,TN,,,,,,,,,,,13.72,13.38,13.58,2022,employé,Très satisfait
1434,Gharbi,Ahmed,Bizerte,1991-04-03,M,TN,C,4033636,2000-10-19,Gafsa,1000,,+216-63-294-581,1434,Ariana,TN-11,TN,,,,,,,,,,,10.83,14.2,12.18,2019,employé,Satisfait
1435,Jaziri,Ahmed,Kairouan,1994-01-05,F,Tunisie,C,8481244,2017-10-29,Sousse,2013,,+216-53-519-251,1435,Sousse,TN-13,TN,,,,,,,,,,,11.67,13.32,12.33,2020,employé,Peu satisfait
1436,Abassi,Ali,Sousse,1994-06-16,M,Tunisie,C,8823676,2003-06-20,Gabès,1000,,+216-43-939-842,1436,Gafsa,TN-11,TN,,,,,,,,,,,12.57,13.67,13.01,2015,employé,Peu satisfait
1437,Louati,Mohamed,Nabeul,1996-09-27,F,Tunisie,C,2204712,2012-03-10,Nabeul,3100,,+216-74-363-387,1437,Sousse,TN-71,TN,,,,,,,,,,,11.5,13.86,12.44,2020,employé,Satisfait
1438,Mansouri,Houssem,Kairouan,1997-01-26,F,????,C,9586521,1996-07-06,Gabès,1000,,+216-93-287-491,1438,Gabès,TN-11,TN,,,,,,,,,,,15.21,13.88,14.68,2022,en formation,Très satisfait
1439,Trabelsi,Mohamed,Gafsa,1999-08-17,M,Tunisie,C,3930656,2010-01-20,Sfax,2040,,+216-97-654-864,1439,Sousse,TN-12,TN,,,,,,,,,,,12.98,14.08,13.42,2017,employé,Satisfait
1440,Ben Ali,Amine,Tunis,1998-05-10,M,TN,C,5314620,2014-08-10,Nabeul,8000,,+216-76-839-925,1440,Nabeul,TN-31,TN,,,,,,,,,,,13.47,12.41,13.05,2015,employé,Très satisfait
1441,Mansouri,Houssem,Nabeul,1993-04-04,M,Tunisie,C,1506930,1999-02-26,Nabeul,2010,,+216-57-356-220,1441,Gabès,TN-21,TN,,,,,,,,,,,13.33,12.92,13.17,2018,employé,Satisfait
1442,Ben Ahmed,Bilel,Bizerte,1994-03-01,M,????,C,3639782,2011-03-06,Gabès,1000,,+216-62-221-271,1442,Ariana,TN-11,TN,,,,,,,,,,,14.35,12.07,13.44,2015,en formation,Satisfait
1443,Ben Ahmed,Houssem,Kairouan,1995-10-23,M,Tunisie,C,3268906,1995-05-21,Bizerte,5500,,+216-79-343-951,1443,Gabès,TN-99,TN,,,,,,,,,,,12.36,15.47,13.6,2022,employé,Pas satisfait
1444,Jaziri,Chaker,Ariana,1996-07-27,M,Tunisie,C,7118421,2004-01-25,Ariana,1000,,+216-42-513-551,1444,Sfax,TN-11,TN,,,,,,,,,,,9.41,10.84,9.98,2019,employé,Très satisfait
1445,Gharbi,Ali,Gabès,1994-04-06,M,TN,C,2106266,1999-07-12,Kairouan,1000,,+216-20-762-157,1445,Nabeul,TN-21,TN,,,,,,,,,,,12.8,15.73,13.97,2015,chômage,Très satisfait
1446,Trabelsi,Anis,Kairouan,1991-01-10,M,Tunisie,C,5450589,1991-01-13,Ariana,8000,,+216-48-425-323,1446,Sfax,TN-31,TN,,,,,,,,,,,10.7,16.08,12.85,2022,employé,Satisfait
1447,Jaziri,Amine,Nabeul,1998-09-20,F,Tunisie,C,4001091,2018-11-09,Bizerte,1100,,+216-51-814-205,1447,Monastir,TN-41,TN,,,,,,,,,,,10.94,13.55,11.98,2023,employé,Satisfait
1448,Gharbi,Ali,Nabeul,1995-07-13,M,Tunisie,C,7653563,2016-07-10,Monastir,4600,,+216-31-389-867,1448,Bizerte,TN-91,TN,,,,,,,,,,,13.17,10.1,11.94,2024,employé,Peu satisfait
1449,Jaziri,Karim,Monastir,1995-11-14,M,Tunisie,C,5630558,2016-08-06,Monastir,1000,,+216-88-189-610,1449,Kairouan,TN-11,TN,,,,,,,,,,,14.48,13.46,14.07,2016,employé,Très satisfait
1450,Ben Ali,Houssem,Sfax,2001-01-01,M,TN,C,2222865,2002-04-24,Sousse,2040,,+216-28-555-996,1450,Monastir,TN-12,TN,,,,,,,,,,,12.04,13.9,12.78,2023,employé,Très satisfait
1451,Ben Ahmed,Karim,Monastir,1994-09-24,M,Tunisie,C,6329558,1998-07-06,Gabès,2040,,+216-96-604-159,1451,Bizerte,TN-12,TN,,,,,,,,,,,12.62,12.48,12.56,2022,chômage,Satisfait
1452,Chebbi,Bilel,Monastir,1995-11-24,M,Tunisie,C,7445145,2015-04-11,Gafsa,8000,,+216-45-115-651,1452,Kairouan,TN-31,TN,,,,,,,,,,,15.4,13.23,14.53,2021,employé,Très satisfait
1453,Abassi,Anis,Kairouan,1993-04-26,M,????,C,9277257,1999-12-31,Nabeul,2040,,+216-93-567-819,1453,Monastir,TN-12,TN,,,,,,,,,,,12.48,16.3,14.01,2017,employé,Peu satisfait
1454,Mansouri,Chaker,Sousse,1990-11-30,F,Tunisie,C,3140197,1994-02-27,Bizerte,1000,,+216-36-323-715,1454,Ariana,TN-11,TN,,,,,,,,,,,17.2,15.0,16.32,2016,employé,Satisfait
1455,Chebbi,Chaker,Gafsa,1998-03-04,M,Tunisie,C,6234729,2006-07-03,Tunis,1000,,+216-55-655-123,1455,Sousse,TN-11,TN,,,,,,,,,,,13.13,12.61,12.92,2021,employé,Peu satisfait
1456,Abassi,Anis,Sousse,1992-12-06,F,TN,C,1961646,2006-11-10,Tunis,3000,,+216-83-747-471,1456,Sousse,TN-94,TN,,,,,,,,,,,8.48,11.6,9.73,2019,employé,Satisfait
1457,Mansouri,Bilel,Monastir,1992-01-25,F,Tunisie,C,8219739,2004-11-27,Tunis,2010,,+216-51-836-197,1457,Gabès,TN-21,TN,,,,,,,,,,,13.51,13.51,13.51,2020,en formation,Peu satisfait
1458,Trabelsi,Anis,Sousse,1995-08-08,F,Tunisie,C,5950506,2018-07-19,Gafsa,1100,,+216-56-252-242,1458,Gabès,TN-41,TN,,,,,,,,,,,12.76,13.68,13.13,2018,employé,Très satisfait
1459,Chebbi,Anis,Ariana,1999-04-20,F,????,C,8835595,2007-02-03,Sousse,1000,,+216-63-630-164,1459,Nabeul,TN-11,TN,,,,,,,,,,,14.58,14.74,14.64,2016,chômage,Peu satisfait
1460,Mansouri,Mohamed,Sfax,1992-02-09,F,Tunisie,C,3111144,1998-08-07,Nabeul,4600,,+216-84-693-342,1460,Gafsa,TN-91,TN,,,,,,,,,,,13.35,13.2,13.29,2023,employé,Très satisfait
1461,Chebbi,Yassine,Ariana,2000-10-24,M,Tunisie,C,5370547,2014-02-09,Gafsa,2040,,+216-41-692-889,1461,Monastir,TN-12,TN,,,,,,,,,,,11.72,14.77,12.94,2017,employé,Satisfait
1462,Jaziri,Ahmed,Bizerte,1996-05-09,F,Tunisie,C,4745501,1994-12-05,Ariana,1000,,+216-56-522-384,1462,Nabeul,TN-11,TN,,,,,,,,,,,9.55,16.9,12.49,2021,employé,Très satisfait
1463,Trabelsi,Chaker,Bizerte,2004-05-12,F,Tunisie,C,1472629,1997-03-16,Monastir,2200,,+216-26-504-222,1463,Gafsa,TN-43,TN,,,,,,,,,,,11.58,15.22,13.04,2022,employé,Satisfait
1464,Jaziri,Mohamed,Monastir,1999-12-24,M,????,C,5630559,2000-02-22,Sousse,8000,,+216-39-768-577,1464,Gafsa,TN-31,TN,,,,,,,,,,,10.3,13.93,11.75,2016,employé,Très satisfait
1465,Bouazizi,Anis,Nabeul,1991-08-29,M,Tunisie,C,1946576,2015-04-16,Sousse,2013,,+216-73-426-686,1465,Sousse,TN-13,TN,,,,,,,,,,,10.84,13.73,12.0,2020,employé,Très satisfait
1466,Jaziri,Karim,Kairouan,2004-07-02,M,TN,C,5551671,2019-04-03,Sfax,2040,,+216-33-656-991,1466,Monastir,TN-12,TN,,,,,,,,,,,13.18,13.46,13.29,2022,chômage,Pas satisfait
1467,Mansouri,Anis,Gabès,1992-08-15,M,Tunisie,C,1617156,2013-09-17,Gabès,5500,,+216-88-349-214,1467,Kairouan,TN-99,TN,,,,,,,,,,,15.34,15.77,15.51,2021,employé,Très satisfait
1468,Louati,Yassine,Kairouan,1994-12-18,F,Tunisie,C,3808988,2009-05-02,Kairouan,2040,,+216-87-419-518,1468,Bizerte,TN-12,TN,,,,,,,,,,,12.79,13.06,12.9,2017,employé,Peu satisfait
1469,Chebbi,Anis,Gafsa,1996-01-01,M,Tunisie,C,3386674,1998-04-11,Sfax,8000,,+216-28-793-680,1469,Bizerte,TN-31,TN,,,,,,,,,,,9.61,14.07,11.39,2015,employé,Pas satisfait
1470,Bouazizi,Chaker,Kairouan,2005-12-18,F,TN,C,1125143,2012-10-07,Monastir,2013,,+216-85-310-110,1470,Bizerte,TN-13,TN,,,,,,,,,,,12.89,14.08,13.37,2020,employé,Très satisfait
1471,Ben Ahmed,Yassine,Monastir,1995-03-23,M,Tunisie,C,6607082,2007-10-20,Nabeul,4600,,+216-29-537-884,1471,Sousse,TN-91,TN,,,,,,,,,,,14.39,13.25,13.93,2022,employé,Satisfait
1472,Gharbi,Karim,Bizerte,1992-06-06,M,????,C,7907125,2008-09-22,Gafsa,2010,,+216-63-894-191,1472,Ariana,TN-21,TN,,,,,,,,,,,10.78,11.94,11.24,2020,employé,Très satisfait
1473,Ben Ahmed,Mohamed,Gafsa,1999-05-26,M,Tunisie,C,5794784,1993-09-08,Gabès,1100,,+216-83-750-676,1473,Ariana,TN-41,TN,,,,,,,,,,,11.73,14.48,12.83,2019,employé,Très satisfait
1474,Chebbi,Ali,Sfax,2001-05-15,F,Tunisie,C,5863337,1990-07-05,Bizerte,2013,,+216-42-860-845,1474,Gabès,TN-13,TN,,,,,,,,,,,12.03,13.91,12.78,2022,chômage,Satisfait
1475,Mansouri,Houssem,Ariana,1994-02-08,M,Tunisie,C,6344502,2016-12-23,Monastir,4000,,+216-53-553-224,1475,Tunis,TN-61,TN,,,,,,,,,,,10.43,14.75,12.16,2016,chômage,Peu satisfait
1476,Mansouri,Houssem,Monastir,1997-12-28,F,Tunisie,C,3212570,2012-07-02,Kairouan,4000,,+216-80-432-605,1476,Sfax,TN-61,TN,,,,,,,,,,,13.3,13.2,13.26,2015,employé,Très satisfait
1477,Chebbi,Amine,Monastir,1990-04-26,M,Tunisie,C,3801787,2008-11-17,Monastir,4000,,+216-95-687-635,1477,Sousse,TN-61,TN,,,,,,,,,,,11.76,15.83,13.39,2015,employé,Satisfait
1478,Ben Ali,Ahmed,Nabeul,1994-11-01,M,Tunisie,C,9483818,2012-02-20,Gabès,2040,,+216-59-452-397,1478,Sousse,TN-12,TN,,,,,,,,,,,12.84,12.68,12.78,2018,chômage,Satisfait
1479,Jaziri,Chaker,Sousse,1991-03-27,F,TN,C,3458763,1996-09-22,Bizerte,2013,,+216-38-949-326,1479,Gabès,TN-13,TN,,,,,,,,,,,10.23,16.57,12.77,2020,employé,Peu satisfait
1480,Mansouri,Bilel,Kairouan,1994-04-23,M,Tunisie,C,8517197,2014-04-16,Ariana,1100,,+216-50-262-411,1480,Gafsa,TN-41,TN,,,,,,,,,,,11.13,11.38,11.23,2023,employé,Très satisfait
1481,Bouazizi,Ahmed,Gafsa,1998-02-04,F,????,C,4747268,1990-11-25,Gabès,1000,,+216-86-849-810,1481,Sousse,TN-11,TN,,,,,,,,,,,13.44,14.65,13.92,2015,employé,Satisfait
1482,Louati,Chaker,Nabeul,1994-12-03,F,Tunisie,C,5578023,2008-03-10,Sfax,1000,,+216-95-786-162,1482,Bizerte,TN-11,TN,,,,,,,,,,,11.25,14.71,12.63,2015,employé,Satisfait
1483,Louati,Yassine,Monastir,1992-03-01,F,Tunisie,C,1022836,2006-01-27,Bizerte,4600,,+216-43-501-329,1483,Monastir,TN-91,TN,,,,,,,,,,,15.45,12.81,14.39,2019,employé,Satisfait
1484,Abassi,Amine,Kairouan,1997-09-01,M,Tunisie,C,5508007,1999-12-29,Sousse,4000,,+216-93-921-901,1484,Sousse,TN-61,TN,,,,,,,,,,,11.2,14.64,12.58,2024,employé,Peu satisfait
1485,Ben Ali,Bilel,Kairouan,1998-06-16,F,Tunisie,C,2225916,1996-03-08,Gafsa,5500,,+216-86-904-832,1485,Gabès,TN-99,TN,,,,,,,,,,,12.45,15.92,13.84,2019,employé,Peu satisfait
1486,Abassi,Mohamed,Gabès,2001-12-02,F,????,C,2418960,2002-03-04,Kairouan,8000,,+216-54-161-951,1486,Monastir,TN-31,TN,,,,,,,,,,,13.87,10.67,12.59,2019,employé,Très satisfait
1487,Abassi,Karim,Kairouan,1993-10-28,M,Tunisie,C,6903372,1991-07-05,Gafsa,1100,,+216-63-406-878,1487,Bizerte,TN-94,TN,,,,,,,,,,,9.16,14.75,11.4,2024,chômage,Satisfait
1488,Trabelsi,Karim,Nabeul,1994-09-30,M,TN,C,6723721,2016-06-15,Ariana,2040,,+216-95-878-503,1488,Kairouan,TN-12,TN,,,,,,,,,,,8.48,10.26,9.19,2020,employé,Très satisfait
1489,Abassi,Karim,Nabeul,1996-10-28,M,Tunisie,C,9305518,2015-05-13,Gabès,1000,,+216-54-513-888,1489,Bizerte,TN-11,TN,,,,,,,,,,,8.95,12.55,10.39,2022,employé,Très satisfait
1490,Gharbi,Chaker,Monastir,1999-02-24,M,Tunisie,C,3831834,2010-05-26,Nabeul,2010,,+216-84-823-474,1490,Sousse,TN-21,TN,,,,,,,,,,,14.53,16.44,15.29,2017,employé,Satisfait
1491,Ben Ali,Ahmed,Gafsa,2001-08-06,F,Tunisie,C,5407190,1990-01-26,Tunis,1000,,+216-52-499-855,1491,Sousse,TN-11,TN,,,,,,,,,,,10.9,13.13,11.79,2023,chômage,Très satisfait
1492,Ben Ahmed,Houssem,Nabeul,1994-04-07,F,Tunisie,C,2697224,2016-02-26,Nabeul,4600,,+216-32-833-889,1492,Tunis,TN-91,TN,,,,,,,,,,,17.12,12.24,15.17,2015,chômage,Satisfait
1493,Chebbi,Anis,Sousse,1990-12-30,F,TN,C,1427738,2016-09-19,Monastir,1100,,+216-43-799-367,1493,Ariana,TN-41,TN,,,,,,,,,,,10.87,13.7,12.0,2018,chômage,Pas satisfait
1494,Trabelsi,Ahmed,Sousse,1995-12-04,M,Tunisie,C,2712897,1995-11-28,Sousse,4000,,+216-89-356-673,1494,Tunis,TN-61,TN,,,,,,,,,,,12.37,17.1,14.26,2023,employé,Très satisfait
1495,Chebbi,Anis,Ariana,1990-11-10,M,????,C,1276881,1999-03-30,Tunis,8000,,+216-89-899-584,1495,Kairouan,TN-31,TN,,,,,,,,,,,15.08,11.25,13.55,2022,chômage,Peu satisfait
1496,Ben Ahmed,Yassine,Sousse,2004-01-28,F,Tunisie,C,4010117,2017-10-18,Monastir,4000,,+216-26-159-479,1496,Sousse,TN-61,TN,,,,,,,,,,,16.01,12.42,14.57,2024,chômage,Satisfait
1497,Ben Ali,Amine,Sousse,1996-12-06,M,Tunisie,C,8101933,2018-07-08,Sfax,4600,,+216-92-250-413,1497,Tunis,TN-91,TN,,,,,,,,,,,16.12,16.25,16.17,2023,employé,Satisfait
1498,Jaziri,Ali,Ariana,1992-05-26,M,Tunisie,C,6336412,1999-12-27,Ariana,1000,,+216-28-179-926,1498,Kairouan,TN-11,TN,,,,,,,,,,,14.42,16.79,15.37,2015,employé,Peu satisfait
1499,Abassi,Houssem,Sousse,1997-04-15,M,Tunisie,C,6163439,2008-10-04,Gabès,1100,,+216-75-582-116,1499,Sousse,TN-41,TN,,,,,,,,,,,14.05,13.84,13.97,2023,employé,Très satisfait
1500,Ben Ali,Bilel,Monastir,1998-09-06,F,????,C,7456920,1997-12-15,Tunis,2013,,+216-97-907-989,1500,Kairouan,TN-13,TN,,,,,,,,,,,13.19,12.14,12.77,2017,chômage,Satisfait
1501,Ben Ali,Houssem,Gafsa,1997-05-17,F,Tunisie,C,1502364,2002-06-14,Tunis,1000,,+216-86-976-754,1501,Bizerte,TN-11,TN,,,,,,,,,,,13.56,17.14,14.99,2024,employé,Satisfait
1502,Trabelsi,Anis,Bizerte,2004-04-08,M,TN,C,8485720,1992-12-03,Kairouan,8000,,+216-78-659-840,1502,Nabeul,TN-31,TN,,,,,,,,,,,10.9,16.39,13.1,2023,employé,Très satisfait
1503,Louati,Bilel,Gabès,1992-03-09,M,Tunisie,C,7103464,1995-06-30,Sousse,2013,,+216-94-467-342,1503,Nabeul,TN-13,TN,,,,,,,,,,,10.36,15.02,12.22,2015,en formation,Peu satisfait
1504,Bouazizi,Karim,Sousse,1997-10-05,F,Tunisie,C,2324338,2006-12-07,Monastir,1000,,+216-79-669-265,1504,Gabès,TN-11,TN,,,,,,,,,,,11.99,12.78,12.31,2015,chômage,Peu satisfait
1505,Louati,Houssem,Tunis,1997-03-19,F,????,C,1304128,1990-10-19,Bizerte,1000,,+216-32-284-171,1505,Sousse,TN-11,TN,,,,,,,,,,,11.66,13.93,12.57,2023,en formation,Très satisfait
1506,Bouazizi,Houssem,Monastir,2001-03-11,M,Tunisie,C,7585168,2005-02-09,Tunis,1000,,+216-36-415-408,1506,Monastir,TN-11,TN,,,,,,,,,,,11.09,13.76,12.16,2020,en formation,Très satisfait
1507,Trabelsi,Ahmed,Monastir,1997-04-01,F,Tunisie,C,5477106,2006-11-22,Sfax,2010,,+216-58-292-814,1507,Ariana,TN-21,TN,,,,,,,,,,,13.39,14.5,13.83,2018,employé,Satisfait
1508,Abassi,Amine,Kairouan,2000-11-18,F,TN,C,5262139,2016-08-13,Monastir,2010,,+216-45-700-575,1508,Sfax,TN-21,TN,,,,,,,,,,,13.91,16.18,14.82,2021,chômage,Très satisfait
1509,Bouazizi,Ahmed,Gafsa,1996-06-06,M,Tunisie,C,3231062,2006-08-02,Gafsa,5500,,+216-44-183-445,1509,Gafsa,TN-99,TN,,,,,,,,,,,12.18,15.32,13.44,2019,employé,Satisfait
1510,Chebbi,Anis,Ariana,1991-02-20,F,Tunisie,C,7503614,1990-09-10,Tunis,1100,,+216-42-560-927,1510,Monastir,TN-41,TN,,,,,,,,,,,14.96,12.38,13.93,2024,chômage,Très satisfait
1511,Ben Ali,Houssem,Ariana,1990-03-08,M,Tunisie,C,5830263,2011-06-14,Kairouan,1000,,+216-54-465-586,1511,Kairouan,TN-11,TN,,,,,,,,,,,9.72,16.06,12.26,2021,employé,Satisfait
1512,Gharbi,Anis,Gabès,1999-04-12,F,Tunisie,C,7077083,1994-10-29,Nabeul,4000,,+216-96-649-406,1512,Tunis,TN-61,TN,,,,,,,,,,,11.61,14.47,12.75,2022,en formation,Très satisfait
1513,Jaziri,Karim,Monastir,2001-01-02,F,Tunisie,C,9474185,1995-04-27,Ariana,8000,,+216-31-907-227,1513,Bizerte,TN-31,TN,,,,,,,,,,,10.57,15.03,12.35,2022,chômage,Très satisfait
1514,Chebbi,Bilel,Sousse,1993-02-03,M,TN,C,7158092,2014-02-10,Ariana,1000,,+216-31-368-861,1514,Nabeul,TN-11,TN,,,,,,,,,,,8.27,16.2,11.44,2015,chômage,Satisfait
1515,Trabelsi,Ahmed,Kairouan,1996-08-19,F,Tunisie,C,4578617,2008-12-25,Monastir,1100,,+216-56-503-692,1515,Bizerte,TN-41,TN,,,,,,,,,,,11.83,12.33,12.03,2022,employé,Satisfait
1516,Gharbi,Ali,Sfax,1999-06-18,F,Tunisie,C,1681815,2013-09-05,Ariana,2013,,+216-23-256-832,1516,Gabès,TN-13,TN,,,,,,,,,,,11.76,13.95,12.64,2020,employé,Pas satisfait
1517,Abassi,Bilel,Tunis,1992-06-27,F,Tunisie,C,1938396,2013-02-16,Sousse,3000,,+216-64-810-538,1517,Sousse,TN-94,TN,,,,,,,,,,,15.03,13.2,14.3,2018,chômage,Peu satisfait
1518,Gharbi,Amine,Bizerte,1998-02-20,F,????,C,9303943,2008-11-08,Monastir,4600,,+216-74-252-834,1518,Tunis,TN-91,TN,,,,,,,,,,,13.26,11.65,12.62,2022,employé,Très satisfait
1519,Ben Ahmed,Houssem,Sfax,2001-06-06,F,Tunisie,C,7633286,1990-05-29,Bizerte,4000,,+216-65-999-647,1519,Gafsa,TN-61,TN,,,,,,,,,,,9.95,14.52,11.78,2017,chômage,Très satisfait
1520,Mansouri,Karim,Tunis,2005-02-17,F,Tunisie,C,3414569,2006-11-27,Sfax,1000,,+216-81-297-985,1520,Kairouan,TN-11,TN,,,,,,,,,,,15.71,17.77,16.53,2018,employé,Peu satisfait
1521,Ben Ahmed,Karim,Kairouan,1992-09-25,M,TN,C,2878789,2013-04-25,Sfax,2040,,+216-34-312-262,1521,Monastir,TN-12,TN,,,,,,,,,,,14.44,11.24,13.16,2020,chômage,Peu satisfait
1522,Louati,Amine,Sfax,1999-03-07,F,Tunisie,C,2255849,2017-07-09,Kairouan,2040,,+216-74-848-157,1522,Ariana,TN-12,TN,,,,,,,,,,,13.16,13.95,13.48,2021,employé,Peu satisfait
1523,Jaziri,Anis,Bizerte,2001-05-20,M,Tunisie,C,6709606,1994-05-28,Kairouan,2040,,+216-75-574-101,1523,Tunis,TN-12,TN,,,,,,,,,,,11.55,14.96,12.91,2018,chômage,Très satisfait
1524,Gharbi,Houssem,Kairouan,1994-03-25,F,????,C,6411201,2005-09-28,Bizerte,5500,,+216-68-941-590,1524,Gabès,TN-99,TN,,,,,,,,,,,10.08,14.18,11.72,2018,chômage,Pas satisfait
1525,Chebbi,Bilel,Gafsa,1999-09-10,M,Tunisie,C,5915342,2015-10-13,Gafsa,1000,,+216-44-311-302,1525,Tunis,TN-11,TN,,,,,,,,,,,11.26,13.83,12.29,2021,employé,Très satisfait
1526,Jaziri,Mohamed,Ariana,1999-11-30,M,Tunisie,C,3002868,1990-01-04,Gabès,3000,,+216-53-142-988,1526,Bizerte,TN-81,TN,,,,,,,,,,,14.18,12.05,13.33,2020,employé,Satisfait
1527,Trabelsi,Ali,Sousse,2003-03-08,M,????,C,2213201,1990-04-01,Gabès,2010,,+216-29-412-519,1527,Nabeul,TN-21,TN,,,,,,,,,,,15.77,14.35,15.2,2022,employé,Peu satisfait
1528,Trabelsi,Karim,Sousse,1996-08-10,M,Tunisie,C,6103870,2010-01-01,Gafsa,1100,,+216-51-579-885,1528,Sfax,TN-41,TN,,,,,,,,,,,15.09,12.86,14.2,2015,employé,Très satisfait
1529,Ben Ahmed,Amine,Gabès,1998-02-15,F,TN,C,1245367,1998-03-11,Kairouan,8000,,+216-48-752-869,1529,Bizerte,TN-31,TN,,,,,,,,,,,11.02,10.72,10.9,2024,employé,Peu satisfait
1530,Trabelsi,Yassine,Gabès,1992-09-22,F,Tunisie,C,9926839,2008-12-15,Sousse,8000,,+216-56-858-476,1530,Bizerte,TN-31,TN,,,,,,,,,,,9.76,15.79,12.17,2021,chômage,Très satisfait
1531,Abassi,Bilel,Kairouan,1992-08-22,F,Tunisie,C,5410277,2011-10-03,Ariana,8000,,+216-29-804-715,1531,Sousse,TN-31,TN,,,,,,,,,,,12.28,15.44,13.54,2021,employé,Pas satisfait
1532,Bouazizi,Houssem,Sousse,1997-06-06,M,Tunisie,C,9261506,2014-05-17,Nabeul,2040,,+216-50-182-287,1532,Kairouan,TN-12,TN,,,,,,,,,,,8.46,14.08,10.71,2021,employé,Très satisfait
1533,Louati,Anis,Sfax,1995-01-13,M,Tunisie,C,7779346,2012-08-18,Gafsa,1100,,+216-73-657-701,1533,Nabeul,TN-41,TN,,,,,,,,,,,12.65,14.34,13.33,2021,employé,Pas satisfait
1534,Trabelsi,Houssem,Monastir,1999-10-09,M,????,C,3591735,1991-10-21,Sfax,2040,,+216-50-876-724,1534,Kairouan,TN-12,TN,,,,,,,,,,,11.7,15.61,13.26,2024,employé,Très satisfait
1535,Trabelsi,Anis,Bizerte,1991-12-01,F,Tunisie,C,2774207,2005-05-26,Sfax,2040,,+216-62-459-385,1535,Sousse,TN-12,TN,,,,,,,,,,,11.07,14.34,12.38,2024,employé,Satisfait
1536,Jaziri,Chaker,Monastir,1991-01-10,M,TN,C,2982748,2011-01-31,Monastir,3000,,+216-65-292-891,1536,Sfax,TN-81,TN,,,,,,,,,,,8.81,15.36,11.43,2022,en formation,Satisfait
1537,Abassi,Chaker,Monastir,1990-12-26,M,Tunisie,C,8306025,2006-05-29,Kairouan,2013,,+216-88-722-337,1537,Monastir,TN-13,TN,,,,,,,,,,,13.03,13.55,13.24,2023,chômage,Satisfait
1538,Abassi,Bilel,Sfax,1997-05-25,F,????,C,4315427,2019-08-16,Tunis,3000,,+216-51-136-973,1538,Kairouan,TN-81,TN,,,,,,,,,,,10.93,15.97,12.95,2023,employé,Très satisfait
1539,Gharbi,Ahmed,Tunis,1994-11-02,M,Tunisie,C,6137431,1991-03-24,Gafsa,4600,,+216-91-684-199,1539,Bizerte,TN-91,TN,,,,,,,,,,,9.66,14.48,11.59,2016,employé,Satisfait
1540,Bouazizi,Amine,Ariana,1992-05-10,F,Tunisie,C,5189751,1999-11-08,Monastir,2010,,+216-32-854-356,1540,Kairouan,TN-21,TN,,,,,,,,,,,6.26,14.29,9.47,2021,chômage,Très satisfait
1541,Jaziri,Amine,Gabès,2000-09-12,M,Tunisie,C,3532029,2012-07-29,Ariana,2010,,+216-34-466-856,1541,Gafsa,TN-21,TN,,,,,,,,,,,11.94,12.09,12.0,2021,employé,Satisfait
1542,Chebbi,Karim,Monastir,1994-10-31,F,Tunisie,C,3868219,1994-02-03,Nabeul,2013,,+216-62-372-305,1542,Tunis,TN-13,TN,,,,,,,,,,,15.54,14.43,15.1,2018,employé,Très satisfait
1543,Abassi,Karim,Tunis,1992-11-15,M,TN,C,3682668,1999-08-25,Bizerte,5500,,+216-94-947-243,1543,Sousse,TN-99,TN,,,,,,,,,,,15.32,12.75,14.29,2023,employé,Pas satisfait
1544,Mansouri,Houssem,Ariana,1991-12-27,F,Tunisie,C,4278738,2012-06-30,Nabeul,2040,,+216-54-381-731,1544,Gabès,TN-12,TN,,,,,,,,,,,11.09,13.04,11.87,2022,employé,Très satisfait
1545,Chebbi,Yassine,Nabeul,1997-09-15,M,Tunisie,C,9334461,2000-02-29,Nabeul,8000,,+216-65-536-774,1545,Gabès,TN-31,TN,,,,,,,,,,,10.8,12.78,11.59,2015,en formation,Très satisfait
1546,Ben Ahmed,Amine,Sfax,1990-06-18,M,????,C,5434630,1995-02-16,Monastir,1100,,+216-41-798-897,1546,Monastir,TN-41,TN,,,,,,,,,,,12.94,12.4,12.72,2016,chômage,Très satisfait
1547,Louati,Chaker,Monastir,1999-03-04,F,Tunisie,C,3139060,2010-04-23,Monastir,2040,,+216-83-253-682,1547,Sfax,TN-12,TN,,,,,,,,,,,10.0,17.19,12.88,2016,employé,Satisfait
1548,Bouazizi,Mohamed,Tunis,1991-12-26,F,Tunisie,C,1010697,2017-03-10,Gabès,1000,,+216-36-260-234,1548,Ariana,TN-11,TN,,,,,,,,,,,12.6,16.0,13.96,2022,employé,Très satisfait
1549,Chebbi,Ahmed,Bizerte,1994-03-27,F,TN,C,3421940,1992-05-13,Ariana,2010,,+216-75-863-342,1549,Ariana,TN-21,TN,,,,,,,,,,,13.53,16.88,14.87,2015,chômage,Satisfait
1550,Ben Ali,Yassine,Gafsa,2001-07-05,F,Tunisie,C,8095125,2014-09-30,Kairouan,3000,,+216-96-552-747,1550,Nabeul,TN-81,TN,,,,,,,,,,,14.45,12.17,13.54,2018,chômage,Peu satisfait
1551,Louati,Amine,Gafsa,2001-02-27,F,????,C,7860641,2007-09-08,Kairouan,4600,,+216-67-402-854,1551,Ariana,TN-91,TN,,,,,,,,,,,11.8,14.11,12.72,2024,chômage,Satisfait
1552,Jaziri,Houssem,Tunis,1991-07-27,M,Tunisie,C,4623472,1998-08-08,Monastir,1000,,+216-75-600-809,1552,Tunis,TN-11,TN,,,,,,,,,,,11.59,12.06,11.78,2019,chômage,Satisfait
1553,Chebbi,Ali,Gafsa,2002-07-27,F,Tunisie,C,5688742,1999-11-12,Kairouan,4500,,+216-42-363-494,1553,Monastir,TN-94,TN,,,,,,,,,,,10.24,12.96,11.33,2023,employé,Très satisfait
1554,Bouazizi,Amine,Bizerte,2002-02-08,F,Tunisie,C,9679677,2000-01-07,Sousse,1100,,+216-62-492-821,1554,Ariana,TN-41,TN,,,,,,,,,,,10.35,12.62,11.26,2021,chômage,Satisfait
1555,Trabelsi,Houssem,Bizerte,1994-12-15,M,TN,C,6319810,2015-03-07,Kairouan,2013,,+216-23-212-169,1555,Bizerte,TN-13,TN,,,,,,,,,,,11.55,15.86,13.27,2022,chômage,Très satisfait
1556,Mansouri,Anis,Kairouan,1997-04-25,F,Tunisie,C,4135040,2009-01-27,Sfax,8000,,+216-96-998-820,1556,Ariana,TN-31,TN,,,,,,,,,,,12.73,13.41,13.0,2023,employé,Peu satisfait
1557,Trabelsi,Ali,Nabeul,1990-06-25,F,????,C,4323038,2001-05-13,Monastir,1000,,+216-25-104-159,1557,Tunis,TN-11,TN,,,,,,,,,,,13.83,15.6,14.54,2021,chômage,Très satisfait
1558,Jaziri,Mohamed,Tunis,1993-02-03,M,Tunisie,C,4705651,2016-06-16,Bizerte,8000,,+216-44-334-102,1558,Ariana,TN-31,TN,,,,,,,,,,,10.39,14.91,12.2,2019,employé,Satisfait
1559,Ben Ahmed,Karim,Ariana,1993-01-28,F,Tunisie,C,2984068,2015-10-25,Nabeul,3000,,+216-88-490-374,1559,Ariana,TN-81,TN,,,,,,,,,,,14.99,17.46,15.98,2019,employé,Très satisfait
1560,Trabelsi,Ali,Kairouan,1993-11-28,M,TN,C,4808893,2002-04-04,Sfax,2200,,+216-65-943-174,1560,Tunis,TN-43,TN,,,,,,,,,,,11.46,11.78,11.59,2024,employé,Peu satisfait
1561,Bouazizi,Karim,Gafsa,2000-06-21,M,Tunisie,C,5875101,1999-03-01,Gabès,2040,,+216-46-875-380,1561,Bizerte,TN-12,TN,,,,,,,,,,,11.96,15.89,13.53,2020,employé,Très satisfait
1562,Mansouri,Amine,Bizerte,1988-08-02,F,????,C,3907855,1999-11-30,Sfax,5500,,+216-55-455-983,1562,Monastir,TN-99,TN,,,,,,,,,,,10.51,15.72,12.59,2019,employé,Satisfait
1563,Abassi,Mohamed,Ariana,2002-05-18,M,Tunisie,C,1600982,2009-02-04,Kairouan,2013,,+216-37-427-293,1563,Sfax,TN-13,TN,,,,,,,,,,,7.15,12.54,9.31,2023,employé,Très satisfait
1564,Ben Ahmed,Bilel,Tunis,1999-05-22,F,Tunisie,C,4433892,2003-11-10,Kairouan,2040,,+216-89-189-119,1564,Sfax,TN-12,TN,,,,,,,,,,,13.77,15.51,14.47,2017,employé,Satisfait
1565,Bouazizi,Bilel,Kairouan,2003-04-06,M,Tunisie,C,4007865,2016-11-19,Ariana,8000,,+216-38-945-435,1565,Monastir,TN-31,TN,,,,,,,,,,,13.47,14.5,13.88,2017,employé,Peu satisfait
1566,Jaziri,Ali,Kairouan,2003-11-26,M,TN,C,8251935,2006-07-20,Monastir,3000,,+216-50-449-553,1566,Kairouan,TN-81,TN,,,,,,,,,,,11.44,13.66,12.33,2021,employé,Satisfait
1567,Louati,Chaker,Monastir,2004-07-12,M,Tunisie,C,5605350,1994-04-10,Bizerte,1100,,+216-80-420-801,1567,Monastir,TN-41,TN,,,,,,,,,,,12.13,12.76,12.38,2021,employé,Satisfait
1568,Gharbi,Mohamed,Tunis,2000-05-27,F,Tunisie,C,8483247,1991-06-09,Gafsa,4600,,+216-35-303-791,1568,Gabès,TN-91,TN,,,,,,,,,,,13.03,12.92,12.99,2020,chômage,Peu satisfait
1569,Louati,Ahmed,Bizerte,2001-02-07,M,????,C,6033636,2001-09-18,Ariana,2040,,+216-43-979-466,1569,Kairouan,TN-12,TN,,,,,,,,,,,8.87,17.07,12.15,2017,employé,Satisfait
1570,Ben Ali,Amine,Sfax,2001-12-05,M,Tunisie,C,7563441,2013-03-19,Tunis,2400,,+216-30-840-569,1570,Gabès,TN-51,TN,,,,,,,,,,,10.94,14.0,12.16,2021,employé,Satisfait
1571,Louati,Chaker,Gafsa,2003-02-23,F,TN,C,5452934,1995-01-09,Sousse,2040,,+216-88-338-700,1571,Gabès,TN-12,TN,,,,,,,,,,,13.59,15.17,14.22,2019,chômage,Satisfait
1572,Louati,Mohamed,Gabès,1993-01-12,M,Tunisie,C,6235135,1995-04-29,Nabeul,2400,,+216-76-436-455,1572,Gafsa,TN-51,TN,,,,,,,,,,,9.49,12.81,10.82,2021,chômage,Satisfait
1573,Mansouri,Bilel,Ariana,1993-12-06,M,????,C,2471767,2008-12-13,Ariana,3000,,+216-27-506-269,1573,Monastir,TN-81,TN,,,,,,,,,,,12.59,12.83,12.69,2016,chômage,Très satisfait
1574,Bouazizi,Karim,Kairouan,1991-02-08,F,Tunisie,C,2316649,1990-09-28,Kairouan,2400,,+216-87-640-628,1574,Gafsa,TN-51,TN,,,,,,,,,,,9.29,15.62,11.82,2020,employé,Peu satisfait
1575,Abassi,Yassine,Gabès,1998-02-19,M,Tunisie,C,9259197,2015-05-27,Nabeul,8000,,+216-27-441-686,1575,Gabès,TN-31,TN,,,,,,,,,,,12.93,11.98,12.55,2022,employé,Satisfait
1576,Ben Ahmed,Karim,Monastir,2000-04-03,M,TN,C,7494055,1997-12-15,Monastir,2400,,+216-20-967-276,1576,Bizerte,TN-51,TN,,,,,,,,,,,11.93,13.38,12.51,2015,chômage,Très satisfait
1577,Ben Ahmed,Ali,Nabeul,1991-07-16,F,Tunisie,C,1639702,1992-05-28,Nabeul,1100,,+216-79-489-574,1577,Sousse,TN-41,TN,,,,,,,,,,,8.77,14.05,10.88,2018,employé,Peu satisfait
1578,Bouazizi,Bilel,Sfax,1992-10-04,F,????,C,9358180,2000-08-24,Gabès,2010,,+216-69-769-823,1578,Gabès,TN-21,TN,,,,,,,,,,,14.33,14.17,14.27,2015,employé,Très satisfait
1579,Mansouri,Ali,Nabeul,1990-01-17,F,Tunisie,C,3805479,2016-11-03,Sousse,2010,,+216-27-528-518,1579,Bizerte,TN-21,TN,,,,,,,,,,,10.53,13.73,11.81,2015,employé,Très satisfait
1580,Abassi,Mohamed,Gabès,2004-09-25,M,Tunisie,C,8137515,2003-03-02,Tunis,2013,,+216-44-324-643,1580,Bizerte,TN-13,TN,,,,,,,,,,,10.38,14.59,12.06,2024,chômage,Satisfait
1581,Chebbi,Mohamed,Ariana,1992-04-20,M,Tunisie,C,8407810,2018-10-14,Nabeul,3000,,+216-93-342-987,1581,Ariana,TN-81,TN,,,,,,,,,,,12.4,15.04,13.46,2022,employé,Peu satisfait
1582,Chebbi,Karim,Sfax,1997-05-04,F,Tunisie,C,8950183,2019-05-26,Monastir,2400,,+216-51-174-102,1582,Bizerte,TN-51,TN,,,,,,,,,,,14.3,15.1,14.62,2021,en formation,Peu satisfait
1583,Abassi,Amine,Nabeul,1996-07-28,F,TN,C,7383804,2015-04-02,Gabès,1100,,+216-90-324-989,1583,Sfax,TN-41,TN,,,,,,,,,,,9.97,12.52,10.99,2024,chômage,Pas satisfait
1584,Ben Ali,Amine,Kairouan,1998-09-24,M,Tunisie,C,5401989,2007-06-20,Nabeul,8000,,+216-71-853-509,1584,Bizerte,TN-31,TN,,,,,,,,,,,12.12,13.57,12.7,2015,employé,Peu satisfait
1585,Bouazizi,Houssem,Gafsa,1998-12-02,F,Tunisie,C,6997534,2002-03-17,Gafsa,4600,,+216-73-461-881,1585,Monastir,TN-91,TN,,,,,,,,,,,12.86,15.79,14.03,2016,chômage,Très satisfait
1586,Bouazizi,Bilel,Monastir,2004-05-28,F,????,C,3683983,1993-02-26,Ariana,2013,,+216-93-160-261,1586,Bizerte,TN-13,TN,,,,,,,,,,,13.39,15.34,14.17,2018,chômage,Très satisfait
1587,Mansouri,Mohamed,Gabès,1999-12-07,M,Tunisie,C,9499358,2010-04-15,Bizerte,1100,,+216-72-520-515,1587,Gabès,TN-41,TN,,,,,,,,,,,12.35,11.94,12.19,2015,chômage,Peu satisfait
1588,Mansouri,Ahmed,Sousse,1996-01-27,M,TN,C,1692353,2011-05-25,Nabeul,1000,,+216-70-870-375,1588,Ariana,TN-11,TN,,,,,,,,,,,11.27,14.53,12.57,2017,employé,Très satisfait
1589,Chebbi,Houssem,Monastir,1992-07-11,M,Tunisie,C,3941941,2018-10-05,Monastir,3000,,+216-23-963-983,1589,Monastir,TN-81,TN,,,,,,,,,,,10.34,11.03,10.62,2022,chômage,Satisfait
1590,Jaziri,Karim,Kairouan,1999-05-21,M,????,C,5806725,1994-01-19,Sousse,2040,,+216-65-678-562,1590,Nabeul,TN-12,TN,,,,,,,,,,,12.17,14.07,12.93,2022,employé,Satisfait
1591,Jaziri,Bilel,Monastir,1996-09-07,F,Tunisie,C,4242118,1991-05-31,Ariana,3000,,+216-90-968-307,1591,Sousse,TN-94,TN,,,,,,,,,,,9.86,16.85,12.66,2022,en formation,Très satisfait
1592,Ben Ahmed,Houssem,Nabeul,1991-06-15,M,Tunisie,C,5789447,2006-09-06,Gabès,2010,,+216-77-982-570,1592,Sfax,TN-21,TN,,,,,,,,,,,6.16,12.58,8.73,2020,employé,Peu satisfait
1593,Mansouri,Ahmed,Ariana,1999-04-30,M,TN,C,5970101,2012-06-07,Ariana,2013,,+216-45-178-691,1593,Monastir,TN-13,TN,,,,,,,,,,,12.87,12.75,12.82,2020,employé,Satisfait
1594,Ben Ali,Anis,Kairouan,1993-07-22,M,Tunisie,C,7042826,2006-11-10,Gabès,2400,,+216-22-450-830,1594,Sfax,TN-51,TN,,,,,,,,,,,13.81,15.15,14.35,2019,chômage,Satisfait
1595,Ben Ahmed,Ahmed,Ariana,1994-01-24,M,Tunisie,C,4660337,1993-08-26,Gafsa,1100,,+216-75-559-113,1595,Sfax,TN-41,TN,,,,,,,,,,,7.27,11.69,09.04,2023,chômage,Pas satisfait
1596,Bouazizi,Amine,Nabeul,1992-04-06,F,Tunisie,C,6913279,2017-02-21,Gabès,1000,,+216-66-779-192,1596,Tunis,TN-11,TN,,,,,,,,,,,9.98,13.05,11.21,2018,employé,Satisfait
1597,Bouazizi,Chaker,Kairouan,1991-02-24,M,Tunisie,C,4274817,1992-08-08,Sousse,1000,,+216-79-220-981,1597,Sousse,TN-11,TN,,,,,,,,,,,13.24,14.89,13.9,2024,employé,Très satisfait
1598,Ben Ahmed,Mohamed,Monastir,2004-10-21,F,????,C,3609901,1992-05-17,Tunis,1000,,+216-43-646-614,1598,Nabeul,TN-11,TN,,,,,,,,,,,16.11,13.05,14.89,2021,employé,Satisfait
1599,Bouazizi,Houssem,Gabès,1980-10-01,F,Tunisie,C,1212755,1999-12-25,Gabès,3000,,+216-71-936-868,1599,Nabeul,TN-81,TN,,,,,,,,,,,12.04,13.65,12.68,2015,en formation,Peu satisfait
1600,Ben Ahmed,Ahmed,Sousse,1994-08-21,M,TN,C,1710610,2011-04-28,Sousse,4600,,+216-78-640-255,1600,Sfax,TN-91,TN,,,,,,,,,,,10.54,15.12,12.37,2023,chômage,Peu satisfait
1601,Mansouri,Yassine,Nabeul,1995-04-29,M,Tunisie,C,3289170,2013-10-05,Monastir,2010,,+216-40-158-924,1601,Ariana,TN-21,TN,,,,,,,,,,,11.63,14.63,12.83,2021,chômage,Peu satisfait
1602,Ben Ahmed,Houssem,Bizerte,1990-03-26,M,Tunisie,C,1954637,1992-04-09,Nabeul,5500,,+216-59-467-500,1602,Tunis,TN-99,TN,,,,,,,,,,,14.75,14.4,14.61,2024,employé,Satisfait
1603,Chebbi,Mohamed,Gabès,2004-09-04,F,????,C,7830456,1994-07-20,Bizerte,2013,,+216-56-133-684,1603,Monastir,TN-13,TN,,,,,,,,,,,10.71,13.49,11.82,2023,employé,Très satisfait
1604,Abassi,Bilel,Ariana,1995-07-22,F,Tunisie,C,8310541,2019-12-20,Gafsa,1000,,+216-27-715-995,1604,Nabeul,TN-11,TN,,,,,,,,,,,10.4,14.56,12.06,2021,chômage,Peu satisfait
1605,Mansouri,Amine,Kairouan,1991-10-14,M,TN,C,2096400,2012-01-08,Sousse,8000,,+216-95-161-515,1605,Ariana,TN-31,TN,,,,,,,,,,,11.03,13.81,12.14,2016,chômage,Peu satisfait
1606,Trabelsi,Anis,Sousse,2005-03-17,M,Tunisie,C,4896170,2007-05-18,Bizerte,1000,,+216-70-973-535,1606,Sfax,TN-11,TN,,,,,,,,,,,10.09,14.69,11.93,2020,employé,Très satisfait
1607,Mansouri,Amine,Gabès,1992-11-08,F,Tunisie,C,9723424,2013-01-26,Ariana,8000,,+216-30-249-851,1607,Ariana,TN-31,TN,,,,,,,,,,,12.25,13.25,12.65,2024,chômage,Très satisfait
1608,Ben Ahmed,Karim,Gafsa,1996-08-31,F,????,C,4447949,2018-08-18,Kairouan,2010,,+216-30-702-485,1608,Sfax,TN-21,TN,,,,,,,,,,,15.25,13.73,14.64,2018,employé,Pas satisfait
1609,Bouazizi,Bilel,Sousse,2001-06-15,F,Tunisie,C,2033013,2010-04-25,Gafsa,8000,,+216-26-114-327,1609,Ariana,TN-31,TN,,,,,,,,,,,12.65,12.52,12.6,2017,employé,Peu satisfait
1610,Mansouri,Amine,Sfax,1992-03-03,F,Tunisie,C,7352123,2005-02-16,Ariana,1100,,+216-82-436-811,1610,Sfax,TN-41,TN,,,,,,,,,,,11.5,13.95,12.48,2016,employé,Peu satisfait
1611,Ben Ahmed,Karim,Sousse,1991-06-01,F,TN,C,6798373,2013-11-28,Kairouan,3000,,+216-88-638-658,1611,Bizerte,TN-81,TN,,,,,,,,,,,11.42,12.78,11.96,2020,employé,Peu satisfait
1612,Louati,Anis,Tunis,1995-11-27,F,Tunisie,C,5289049,2008-04-27,Sfax,5000,,+216-75-727-308,1612,Nabeul,TN-93,TN,,,,,,,,,,,8.87,12.33,10.25,2022,employé,Satisfait
1613,Gharbi,Ali,Sfax,1990-05-28,F,Tunisie,C,1682002,2005-08-31,Gafsa,2010,,+216-24-861-421,1613,Tunis,TN-21,TN,,,,,,,,,,,13.77,14.39,14.02,2020,employé,Satisfait
1614,Louati,Anis,Tunis,1998-10-22,M,Tunisie,C,9159392,1998-01-06,Nabeul,2013,,+216-56-815-566,1614,Monastir,TN-13,TN,,,,,,,,,,,11.84,14.32,12.83,2023,employé,Satisfait
1615,Jaziri,Ali,Monastir,1997-07-29,M,????,C,5219787,2019-12-24,Ariana,4600,,+216-50-401-957,1615,Ariana,TN-91,TN,,,,,,,,,,,11.64,15.17,13.05,2019,chômage,Très satisfait
1616,Bouazizi,Anis,Bizerte,2005-10-31,F,Tunisie,C,7830416,1991-04-23,Tunis,8000,,+216-68-910-860,1616,Gafsa,TN-31,TN,,,,,,,,,,,18.39,13.35,16.37,2016,employé,Satisfait
1617,Mansouri,Amine,Ariana,2002-04-07,M,TN,C,4792375,2017-08-15,Kairouan,1100,,+216-38-768-116,1617,Monastir,TN-41,TN,,,,,,,,,,,12.6,14.61,13.4,2022,employé,Satisfait
1618,Mansouri,Ali,Gafsa,1992-05-24,F,Tunisie,C,8896378,1991-06-19,Ariana,1000,,+216-38-594-134,1618,Monastir,TN-11,TN,,,,,,,,,,,10.5,14.83,12.23,2023,employé,Satisfait
1619,Mansouri,Ali,Ariana,1991-12-24,M,Tunisie,C,1449789,2014-11-01,Sfax,3000,,+216-60-148-379,1619,Sfax,TN-81,TN,,,,,,,,,,,11.15,14.67,12.56,2024,employé,Satisfait
1620,Trabelsi,Anis,Sousse,1993-12-30,F,????,C,4061624,2015-04-17,Bizerte,2013,,+216-36-166-510,1620,Bizerte,TN-13,TN,,,,,,,,,,,14.3,12.76,13.68,2018,chômage,Satisfait
1621,Gharbi,Bilel,Tunis,1992-07-23,M,Tunisie,C,4115186,1993-06-19,Monastir,5000,,+216-37-925-533,1621,Monastir,TN-93,TN,,,,,,,,,,,12.23,14.22,13.03,2020,employé,Très satisfait
1622,Louati,Yassine,Gabès,1991-04-08,F,Tunisie,C,6743608,1999-10-06,Tunis,5500,,+216-33-831-370,1622,Gabès,TN-99,TN,,,,,,,,,,,9.12,14.55,11.29,2024,chômage,Très satisfait
1623,Ben Ahmed,Yassine,Bizerte,2004-03-25,F,TN,C,7873722,2013-10-13,Ariana,2040,,+216-67-810-292,1623,Gafsa,TN-12,TN,,,,,,,,,,,13.84,14.01,13.91,2022,chômage,Très satisfait
1624,Ben Ahmed,Mohamed,Nabeul,1991-09-11,F,Tunisie,C,4067146,1995-10-03,Ariana,3000,,+216-46-444-157,1624,Gafsa,TN-81,TN,,,,,,,,,,,10.66,10.87,10.74,2023,employé,Très satisfait
1625,Ben Ali,Amine,Bizerte,2001-03-05,M,Tunisie,C,7372071,2017-03-09,Gabès,1100,,+216-80-264-563,1625,Ariana,TN-41,TN,,,,,,,,,,,15.75,14.24,15.15,2019,employé,Pas satisfait
1626,Gharbi,Karim,Kairouan,1997-07-24,M,????,C,8763939,1993-08-12,Gafsa,2040,,+216-43-929-779,1626,Sfax,TN-12,TN,,,,,,,,,,,14.16,17.32,15.42,2020,employé,Très satisfait
1627,Jaziri,Karim,Nabeul,1996-04-19,F,Tunisie,C,8732595,2003-05-04,Gafsa,2013,,+216-37-205-528,1627,Gafsa,TN-13,TN,,,,,,,,,,,11.11,13.46,12.05,2018,employé,Très satisfait
1628,Ben Ali,Mohamed,Gabès,1997-05-14,F,Tunisie,C,8793752,2012-06-05,Kairouan,3000,,+216-66-420-507,1628,Tunis,TN-81,TN,,,,,,,,,,,14.56,12.91,13.9,2019,chômage,Satisfait
1629,Louati,Yassine,Sousse,1991-03-30,M,Tunisie,C,1350653,2017-06-18,Kairouan,1100,,+216-54-290-858,1629,Sfax,TN-41,TN,,,,,,,,,,,12.14,14.56,13.11,2021,employé,Satisfait
1630,Ben Ali,Houssem,Gabès,2005-08-27,F,????,C,2055394,1994-12-25,Nabeul,3000,,+216-56-510-406,1630,Sfax,TN-81,TN,,,,,,,,,,,13.71,14.47,14.01,2023,employé,Très satisfait
1631,Chebbi,Bilel,Ariana,1997-03-23,M,Tunisie,C,1857181,1993-02-15,Tunis,5000,,+216-86-325-564,1631,Ariana,TN-93,TN,,,,,,,,,,,12.97,15.79,14.1,2024,employé,Peu satisfait
1632,Ben Ahmed,Ahmed,Gafsa,2003-09-13,M,Tunisie,C,1847801,2005-05-18,Gabès,4600,,+216-82-667-676,1632,Sousse,TN-91,TN,,,,,,,,,,,10.31,12.11,11.03,2020,employé,Peu satisfait
1633,Abassi,Bilel,Tunis,1990-08-07,F,TN,C,6594648,2011-09-18,Gafsa,8000,,+216-96-768-897,1633,Ariana,TN-31,TN,,,,,,,,,,,10.71,15.1,12.47,2020,employé,Très satisfait
1634,Chebbi,Mohamed,Ariana,1998-09-24,M,Tunisie,C,8307328,2005-10-03,Sousse,2010,,+216-58-659-759,1634,Kairouan,TN-21,TN,,,,,,,,,,,14.06,14.89,14.39,2022,employé,Très satisfait
1635,Jaziri,Ahmed,Gabès,1991-10-18,F,Tunisie,C,9553975,2018-12-15,Kairouan,2040,,+216-32-410-103,1635,Gabès,TN-12,TN,,,,,,,,,,,11.33,13.79,12.31,2018,employé,Peu satisfait
1636,Chebbi,Chaker,Bizerte,1992-06-26,M,????,C,1926165,2013-11-27,Sfax,6000,,+216-90-876-328,1636,Ariana,TN-100,TN,,,,,,,,,,,11.19,14.51,12.52,2017,employé,Peu satisfait
1637,Mansouri,Ahmed,Monastir,1997-02-16,F,Tunisie,C,5751367,1994-05-15,Gafsa,1000,,+216-77-818-711,1637,Monastir,TN-11,TN,,,,,,,,,,,10.09,15.54,12.27,2021,chômage,Satisfait
1638,Ben Ahmed,Amine,Sousse,1995-03-03,M,TN,C,1220773,2015-03-03,Gafsa,2040,,+216-56-403-491,1638,Kairouan,TN-12,TN,,,,,,,,,,,12.85,15.31,13.83,2019,chômage,Très satisfait
1639,Mansouri,Houssem,Sousse,1993-06-26,F,Tunisie,C,3138272,1998-05-02,Nabeul,2040,,+216-62-915-162,1639,Ariana,TN-12,TN,,,,,,,,,,,16.13,12.29,14.59,2016,employé,Satisfait
1640,Louati,Chaker,Ariana,1994-06-06,F,Tunisie,C,5879191,2000-11-27,Ariana,2010,,+216-20-715-199,1640,Sousse,TN-21,TN,,,,,,,,,,,9.86,15.23,12.01,2016,employé,Satisfait
1641,Chebbi,Ahmed,Tunis,1994-04-28,F,Tunisie,C,9724563,2007-06-17,Ariana,8000,,+216-77-909-152,1641,Ariana,TN-31,TN,,,,,,,,,,,12.05,13.9,12.79,2020,en formation,Très satisfait
1642,Chebbi,Ahmed,Nabeul,1991-09-22,M,Tunisie,C,6107793,2001-12-26,Kairouan,2010,,+216-73-805-900,1642,Gabès,TN-21,TN,,,,,,,,,,,14.82,14.11,14.54,2022,employé,Satisfait
1643,Trabelsi,Chaker,Kairouan,2000-12-04,F,????,C,5090844,2013-07-12,Kairouan,2040,,+216-32-879-235,1643,Sousse,TN-12,TN,,,,,,,,,,,11.84,14.11,12.75,2015,employé,Satisfait
1644,Trabelsi,Bilel,Tunis,1991-07-22,F,Tunisie,C,1152958,2015-12-09,Ariana,1000,,+216-31-988-705,1644,Kairouan,TN-11,TN,,,,,,,,,,,12.9,13.77,13.25,2020,employé,Très satisfait
1645,Trabelsi,Ali,Monastir,1992-01-09,F,TN,C,7711894,2014-08-16,Gabès,8000,,+216-68-324-869,1645,Bizerte,TN-31,TN,,,,,,,,,,,9.88,15.79,12.24,2016,chômage,Peu satisfait
1646,Mansouri,Ali,Bizerte,1994-01-08,F,Tunisie,C,2294887,2001-09-20,Ariana,1100,,+216-47-520-663,1646,Kairouan,TN-41,TN,,,,,,,,,,,12.86,13.87,13.26,2016,employé,Peu satisfait
1647,Jaziri,Amine,Gafsa,1997-09-09,M,Tunisie,C,6476963,2015-11-10,Tunis,2010,,+216-70-681-102,1647,Nabeul,TN-21,TN,,,,,,,,,,,11.63,12.32,11.91,2021,en formation,Très satisfait
1648,Ben Ali,Chaker,Monastir,1993-12-31,M,????,C,9339165,1997-12-11,Kairouan,2010,,+216-97-372-220,1648,Gafsa,TN-21,TN,,,,,,,,,,,13.97,13.41,13.75,2024,chômage,Peu satisfait
1649,Jaziri,Bilel,Gabès,1993-05-08,M,Tunisie,C,4888279,2005-02-17,Gafsa,5000,,+216-27-199-806,1649,Sfax,TN-93,TN,,,,,,,,,,,14.37,14.27,14.33,2015,chômage,Très satisfait
1650,Jaziri,Houssem,Bizerte,1993-10-13,M,Tunisie,C,6609227,2001-04-03,Kairouan,1100,,+216-91-480-323,1650,Sousse,TN-41,TN,,,,,,,,,,,17.18,15.84,16.64,2020,chômage,Peu satisfait
1651,Gharbi,Amine,Nabeul,1992-07-23,M,Tunisie,C,9972171,1998-09-02,Kairouan,4600,,+216-29-696-632,1651,Kairouan,TN-91,TN,,,,,,,,,,,13.16,14.9,13.86,2021,employé,Très satisfait
1652,Chebbi,Amine,Monastir,1989-06-09,F,????,C,2133259,2014-03-24,Ariana,8000,,+216-32-935-954,1652,Sfax,TN-31,TN,,,,,,,,,,,12.65,12.72,12.68,2022,employé,Très satisfait
1653,Abassi,Chaker,Gafsa,1993-08-02,F,Tunisie,C,7454538,2003-07-20,Ariana,2013,,+216-32-794-476,1653,Monastir,TN-13,TN,,,,,,,,,,,12.39,17.73,14.53,2021,chômage,Satisfait
1654,Ben Ali,Bilel,Bizerte,1995-08-09,F,TN,C,6277808,2006-02-12,Tunis,5500,,+216-55-931-575,1654,Kairouan,TN-99,TN,,,,,,,,,,,11.29,14.4,12.53,2020,en formation,Satisfait
1655,Jaziri,Chaker,Nabeul,1993-05-24,F,Tunisie,C,9369581,2008-10-31,Sousse,9000,,+216-38-699-707,1655,Ariana,TN-91,TN,,,,,,,,,,,12.68,15.91,13.97,2023,employé,Peu satisfait
1656,Ben Ali,Anis,Sousse,1994-03-25,M,Tunisie,C,5044994,2012-05-09,Nabeul,1100,,+216-61-945-450,1656,Monastir,TN-41,TN,,,,,,,,,,,11.41,13.77,12.35,2017,en formation,Très satisfait
1657,Gharbi,Karim,Monastir,2003-02-22,M,TN,C,1072376,2018-10-04,Ariana,3000,,+216-61-278-198,1657,Sfax,TN-81,TN,,,,,,,,,,,12.34,14.8,13.32,2020,employé,Très satisfait
1658,Abassi,Ahmed,Nabeul,1994-01-12,F,Tunisie,C,8617256,2006-10-11,Kairouan,2010,,+216-25-475-187,1658,Monastir,TN-21,TN,,,,,,,,,,,14.64,15.26,14.89,2018,employé,Satisfait
1659,Gharbi,Yassine,Sousse,1996-07-02,M,Tunisie,C,3530095,2003-04-09,Kairouan,2040,,+216-58-195-111,1659,Tunis,TN-12,TN,,,,,,,,,,,9.99,15.83,12.33,2016,employé,Satisfait
1660,Abassi,Chaker,Sfax,1990-01-14,M,????,C,6777206,2002-01-26,Kairouan,5000,,+216-70-750-273,1660,Nabeul,TN-93,TN,,,,,,,,,,,14.28,15.59,14.8,2015,employé,Très satisfait
1661,Jaziri,Bilel,Gafsa,1997-01-09,F,Tunisie,C,5918907,2019-07-06,Sfax,1000,,+216-51-608-364,1661,Ariana,TN-11,TN,,,,,,,,,,,14.63,15.31,14.9,2015,employé,Satisfait
1662,Bouazizi,Ali,Ariana,2002-12-05,F,TN,C,4320811,2016-05-27,Sfax,8000,,+216-54-177-205,1662,Sfax,TN-31,TN,,,,,,,,,,,11.76,13.53,12.47,2024,employé,Peu satisfait
1663,Trabelsi,Karim,Sfax,2000-10-05,F,Tunisie,C,1747774,2000-11-20,Sousse,4600,,+216-92-175-673,1663,Bizerte,TN-91,TN,,,,,,,,,,,7.76,13.14,9.91,2017,employé,Peu satisfait
1664,Trabelsi,Ahmed,Gafsa,1993-03-01,M,????,C,1688766,1999-01-19,Gafsa,2010,,+216-95-257-376,1664,Nabeul,TN-21,TN,,,,,,,,,,,10.78,14.5,12.27,2018,employé,Pas satisfait
1665,Mansouri,Karim,Tunis,1997-07-13,F,Tunisie,C,4176639,1992-11-29,Nabeul,5500,,+216-72-834-482,1665,Sfax,TN-99,TN,,,,,,,,,,,14.59,15.4,14.91,2016,employé,Très satisfait
1666,Ben Ali,Houssem,Sousse,1996-04-28,M,Tunisie,C,2560191,2013-12-26,Sfax,6000,,+216-92-137-661,1666,Sfax,TN-100,TN,,,,,,,,,,,11.95,13.67,12.64,2015,en formation,Satisfait
1667,Louati,Houssem,Bizerte,1999-04-26,F,TN,C,1166742,2011-09-19,Monastir,2013,,+216-68-190-544,1667,Sfax,TN-13,TN,,,,,,,,,,,10.0,15.6,12.24,2018,employé,Très satisfait
1668,Gharbi,Chaker,Kairouan,1994-05-15,F,Tunisie,C,6541569,2009-06-17,Ariana,2013,,+216-59-479-792,1668,Sfax,TN-13,TN,,,,,,,,,,,10.99,16.18,13.07,2021,employé,Satisfait
1669,Gharbi,Chaker,Sfax,1993-03-14,F,????,C,5155508,1998-12-22,Monastir,1000,,+216-56-389-695,1669,Bizerte,TN-11,TN,,,,,,,,,,,13.68,12.63,13.26,2024,employé,Satisfait
1670,Trabelsi,Mohamed,Monastir,1996-03-08,F,Tunisie,C,9107342,1997-03-23,Tunis,1100,,+216-29-339-250,1670,Monastir,TN-41,TN,,,,,,,,,,,13.09,12.74,12.95,2020,employé,Pas satisfait
1671,Trabelsi,Ali,Sousse,1990-08-21,F,Tunisie,C,6254653,1992-10-09,Gafsa,9000,,+216-83-452-443,1671,Monastir,TN-91,TN,,,,,,,,,,,11.52,13.79,12.43,2020,chômage,Satisfait
1672,Abassi,Mohamed,Sfax,1989-09-02,F,Tunisie,C,3218382,2012-03-28,Sfax,2010,,+216-57-757-366,1672,Sfax,TN-21,TN,,,,,,,,,,,11.27,14.46,12.55,2023,employé,Pas satisfait
1673,Abassi,Ali,Nabeul,1993-10-19,M,Tunisie,C,6751190,2011-03-18,Monastir,2400,,+216-95-928-112,1673,Sousse,TN-51,TN,,,,,,,,,,,11.22,13.21,12.02,2016,chômage,Peu satisfait
1674,Jaziri,Ali,Gabès,1997-05-23,M,TN,C,9686151,2006-11-24,Nabeul,1100,,+216-29-290-943,1674,Gafsa,TN-41,TN,,,,,,,,,,,10.16,16.03,12.51,2018,employé,Peu satisfait
1675,Trabelsi,Amine,Gafsa,2003-09-05,F,Tunisie,C,9944974,1994-05-18,Monastir,2010,,+216-84-104-845,1675,Monastir,TN-21,TN,,,,,,,,,,,15.23,14.64,14.99,2019,employé,Peu satisfait
1676,Louati,Chaker,Nabeul,2002-06-21,M,Tunisie,C,1642238,2002-08-03,Sfax,4600,,+216-76-379-269,1676,Gabès,TN-91,TN,,,,,,,,,,,11.36,14.06,12.44,2015,employé,Satisfait
1677,Jaziri,Anis,Sfax,1997-08-22,F,Tunisie,C,3939173,2000-09-09,Nabeul,5000,,+216-48-548-652,1677,Sfax,TN-93,TN,,,,,,,,,,,14.43,11.85,13.4,2022,employé,Très satisfait
1678,Chebbi,Chaker,Tunis,2004-11-22,M,????,C,3220777,1998-12-26,Ariana,1000,,+216-37-528-890,1678,Monastir,TN-11,TN,,,,,,,,,,,15.04,12.03,13.84,2022,employé,Très satisfait
1679,Louati,Yassine,Sousse,1994-12-07,F,Tunisie,C,5858920,2006-10-29,Gafsa,2013,,+216-64-981-398,1679,Sousse,TN-13,TN,,,,,,,,,,,14.0,14.42,14.17,2020,employé,Très satisfait
1680,Abassi,Anis,Gabès,1995-11-10,F,TN,C,7689987,2019-04-06,Sousse,2040,,+216-81-482-360,1680,Sousse,TN-12,TN,,,,,,,,,,,11.14,10.8,11.0,2019,employé,Satisfait
1681,Mansouri,Houssem,Nabeul,1992-09-27,M,Tunisie,C,7073380,2019-10-31,Sfax,8000,,+216-26-738-230,1681,Ariana,TN-31,TN,,,,,,,,,,,12.81,15.52,13.89,2022,employé,Satisfait
1682,Bouazizi,Ahmed,Sfax,1994-09-21,F,Tunisie,C,9478450,1993-10-30,Tunis,2040,,+216-70-318-766,1682,Nabeul,TN-12,TN,,,,,,,,,,,11.95,13.76,12.67,2017,en formation,Satisfait
1683,Ben Ahmed,Bilel,Kairouan,1992-05-06,M,????,C,5270163,1994-02-05,Bizerte,2040,,+216-53-973-348,1683,Gabès,TN-12,TN,,,,,,,,,,,10.19,18.86,13.66,2017,employé,Pas satisfait
1684,Mansouri,Houssem,Sousse,2003-07-17,M,Tunisie,C,5711634,1992-05-05,Gabès,2013,,+216-33-359-765,1684,Kairouan,TN-13,TN,,,,,,,,,,,12.65,17.46,14.57,2016,employé,Peu satisfait
1685,Gharbi,Amine,Nabeul,1995-04-18,M,TN,C,7745593,2014-07-11,Gabès,5500,,+216-36-466-878,1685,Sfax,TN-99,TN,,,,,,,,,,,9.64,13.73,11.28,2019,employé,Très satisfait
1686,Gharbi,Yassine,Gafsa,1995-12-11,M,Tunisie,C,5116026,1992-03-29,Tunis,1100,,+216-23-533-902,1686,Sfax,TN-41,TN,,,,,,,,,,,14.38,13.84,14.16,2017,employé,Très satisfait
1687,Gharbi,Ali,Bizerte,1999-06-08,M,????,C,9621562,2006-03-24,Kairouan,1000,,+216-90-114-264,1687,Nabeul,TN-11,TN,,,,,,,,,,,11.07,15.49,12.84,2017,employé,Satisfait
1688,Ben Ahmed,Yassine,Monastir,1995-04-30,F,Tunisie,C,4066666,1997-12-27,Nabeul,4600,,+216-96-861-400,1688,Monastir,TN-91,TN,,,,,,,,,,,12.4,16.55,14.06,2020,chômage,Très satisfait
1689,Trabelsi,Karim,Sousse,1994-12-16,M,Tunisie,C,4506687,2018-04-15,Kairouan,1000,,+216-25-899-197,1689,Bizerte,TN-11,TN,,,,,,,,,,,12.57,11.54,12.16,2022,en formation,Peu satisfait
1690,Gharbi,Anis,Ariana,1994-12-17,F,Tunisie,C,6475048,1997-10-16,Monastir,5000,,+216-68-656-756,1690,Sousse,TN-93,TN,,,,,,,,,,,11.48,11.32,11.42,2016,employé,Satisfait
1691,Mansouri,Anis,Gabès,1997-01-03,F,Tunisie,C,4307262,2004-05-15,Ariana,2013,,+216-45-449-560,1691,Gafsa,TN-13,TN,,,,,,,,,,,13.17,13.07,13.13,2018,employé,Satisfait
1692,Bouazizi,Bilel,Bizerte,1990-11-14,F,TN,C,8408014,2010-05-16,Monastir,1000,,+216-67-979-976,1692,Kairouan,TN-11,TN,,,,,,,,,,,11.05,14.87,12.58,2021,employé,Peu satisfait
1693,Gharbi,Yassine,Gafsa,1995-04-09,F,Tunisie,C,6424336,2012-01-21,Kairouan,2040,,+216-83-105-489,1693,Bizerte,TN-12,TN,,,,,,,,,,,13.74,14.75,14.14,2015,chômage,Peu satisfait
1694,Louati,Yassine,Tunis,1995-11-08,F,Tunisie,C,3491239,1997-04-09,Bizerte,2040,,+216-61-961-363,1694,Bizerte,TN-12,TN,,,,,,,,,,,9.31,15.6,11.83,2015,employé,Très satisfait
1695,Ben Ali,Ahmed,Bizerte,1993-07-29,F,????,C,9224199,2015-11-24,Monastir,2010,,+216-57-523-102,1695,Gafsa,TN-21,TN,,,,,,,,,,,12.25,12.2,12.23,2024,employé,Satisfait
1696,Abassi,Ahmed,Gafsa,1995-11-13,M,Tunisie,C,3637398,1999-08-12,Sousse,2040,,+216-44-583-821,1696,Tunis,TN-12,TN,,,,,,,,,,,15.88,10.53,13.74,2021,employé,Satisfait
1697,Mansouri,Ali,Ariana,1996-10-11,F,TN,C,1624791,2006-06-28,Gabès,1000,,+216-88-638-431,1697,Kairouan,TN-11,TN,,,,,,,,,,,10.0,15.29,12.12,2021,chômage,Très satisfait
1698,Ben Ahmed,Bilel,Gafsa,1994-08-08,F,Tunisie,C,6963514,2010-11-19,Monastir,5500,,+216-83-993-482,1698,Monastir,TN-99,TN,,,,,,,,,,,10.64,12.76,11.49,2015,employé,Très satisfait
1699,Jaziri,Houssem,Ariana,1994-09-30,M,????,C,7486997,2000-01-26,Bizerte,2010,,+216-23-228-689,1699,Sfax,TN-21,TN,,,,,,,,,,,13.03,10.97,12.21,2015,employé,Satisfait
1700,Jaziri,Houssem,Bizerte,1997-09-22,F,Tunisie,C,9820993,2019-09-20,Nabeul,2013,,+216-48-849-299,1700,Sousse,TN-13,TN,,,,,,,,,,,12.36,14.22,13.1,2018,chômage,Très satisfait
1701,Chebbi,Ali,Bizerte,1995-12-27,M,Tunisie,C,6277269,2016-02-09,Bizerte,2040,,+216-79-548-456,1701,Gabès,TN-12,TN,,,,,,,,,,,12.7,15.19,13.7,2019,employé,Très satisfait
1702,Abassi,Ali,Ariana,1990-12-17,F,Tunisie,C,2374427,2009-10-20,Nabeul,8000,,+216-73-787-425,1702,Nabeul,TN-31,TN,,,,,,,,,,,12.98,13.82,13.32,2019,chômage,Satisfait
1703,Ben Ali,Anis,Tunis,1991-05-05,F,????,C,2880065,2007-10-26,Gabès,1000,,+216-59-531-958,1703,Tunis,TN-11,TN,,,,,,,,,,,13.27,13.31,13.29,2018,employé,Peu satisfait
1704,Chebbi,Ahmed,Ariana,1994-09-17,M,Tunisie,C,4302027,2001-11-05,Bizerte,8000,,+216-67-889-531,1704,Kairouan,TN-31,TN,,,,,,,,,,,14.22,13.76,14.04,2022,chômage,Très satisfait
1705,Mansouri,Bilel,Tunis,1999-08-18,F,TN,C,7095821,1999-02-05,Nabeul,8000,,+216-41-602-917,1705,Monastir,TN-31,TN,,,,,,,,,,,12.82,13.44,13.07,2021,chômage,Très satisfait
1706,Abassi,Houssem,Ariana,1996-12-31,M,Tunisie,C,1926390,2014-04-11,Gafsa,2010,,+216-90-660-203,1706,Bizerte,TN-21,TN,,,,,,,,,,,11.52,11.98,11.7,2023,employé,Peu satisfait
1707,Jaziri,Chaker,Tunis,1997-02-27,F,Tunisie,C,3588076,2009-12-18,Sfax,2040,,+216-56-239-104,1707,Gafsa,TN-12,TN,,,,,,,,,,,13.35,12.93,13.18,2021,chômage,Très satisfait
1708,Jaziri,Houssem,Gafsa,1992-09-23,M,????,C,8967917,1999-11-15,Kairouan,2010,,+216-82-299-831,1708,Bizerte,TN-21,TN,,,,,,,,,,,15.8,14.78,15.39,2024,employé,Peu satisfait
1709,Gharbi,Houssem,Gabès,1994-03-05,M,Tunisie,C,4820366,2016-09-29,Gabès,2040,,+216-60-988-423,1709,Sousse,TN-12,TN,,,,,,,,,,,11.73,14.48,12.83,2015,en formation,Satisfait
1710,Mansouri,Chaker,Monastir,1993-10-19,F,Tunisie,C,2692610,2005-10-09,Tunis,2040,,+216-28-656-363,1710,Ariana,TN-12,TN,,,,,,,,,,,10.05,14.25,11.73,2021,employé,Très satisfait
1711,Ben Ali,Anis,Tunis,1995-01-06,M,Tunisie,C,3339724,2013-12-07,Tunis,6000,,+216-35-203-885,1711,Kairouan,TN-100,TN,,,,,,,,,,,14.21,12.51,13.53,2015,chômage,Très satisfait
1712,Jaziri,Houssem,Sfax,1999-02-12,M,TN,C,7672439,2012-01-01,Bizerte,2013,,+216-71-870-559,1712,Bizerte,TN-13,TN,,,,,,,,,,,11.76,13.73,12.55,2021,employé,Très satisfait
1713,Mansouri,Ali,Monastir,1991-01-25,F,Tunisie,C,8829910,2018-06-22,Monastir,2010,,+216-84-747-988,1713,Nabeul,TN-21,TN,,,,,,,,,,,7.65,10.73,8.88,2024,en formation,Très satisfait
1714,Ben Ali,Bilel,Kairouan,1995-07-07,M,????,C,2226433,2001-11-03,Gafsa,5000,,+216-20-210-932,1714,Monastir,TN-93,TN,,,,,,,,,,,13.69,14.27,13.92,2022,employé,Très satisfait
1715,Chebbi,Anis,Kairouan,2002-09-08,M,Tunisie,C,7138131,1996-04-11,Tunis,2013,,+216-61-616-164,1715,Monastir,TN-13,TN,,,,,,,,,,,10.93,16.14,13.01,2023,en formation,Satisfait
1716,Jaziri,Ahmed,Gafsa,1993-10-18,F,Tunisie,C,4954073,2014-11-07,Sousse,2400,,+216-20-111-536,1716,Sfax,TN-51,TN,,,,,,,,,,,11.82,11.79,11.81,2017,en formation,Très satisfait
1717,Ben Ahmed,Ahmed,Monastir,1994-06-04,F,Tunisie,C,9848037,2019-09-22,Gabès,1100,,+216-44-748-469,1717,Sfax,TN-41,TN,,,,,,,,,,,12.66,13.12,12.84,2018,employé,Satisfait
1718,Chebbi,Yassine,Sfax,1994-11-25,F,????,C,6934830,2004-10-31,Gabès,9000,,+216-33-948-227,1718,Nabeul,TN-91,TN,,,,,,,,,,,12.38,14.49,13.22,2018,chômage,Satisfait
1719,Jaziri,Ali,Tunis,1990-12-25,M,Tunisie,C,7371652,2005-03-24,Ariana,1100,,+216-33-362-149,1719,Ariana,TN-41,TN,,,,,,,,,,,13.42,15.88,14.4,2023,en formation,Très satisfait
1720,Ben Ali,Bilel,Kairouan,2002-06-19,M,Tunisie,C,9930959,1990-04-14,Bizerte,2040,,+216-28-326-651,1720,Gafsa,TN-12,TN,,,,,,,,,,,11.13,13.33,12.01,2021,employé,Très satisfait
1721,Ben Ali,Chaker,Tunis,1998-01-25,F,TN,C,9509292,2000-11-22,Gafsa,4600,,+216-67-940-801,1721,Kairouan,TN-91,TN,,,,,,,,,,,13.03,12.96,13.0,2017,employé,Très satisfait
1722,Trabelsi,Anis,Sfax,2000-11-29,M,Tunisie,C,5291926,1997-06-20,Nabeul,1000,,+216-79-126-842,1722,Sousse,TN-11,TN,,,,,,,,,,,11.48,11.05,11.31,2024,employé,Très satisfait
1723,Jaziri,Ali,Sousse,2005-12-13,M,????,C,6886014,2005-12-09,Bizerte,5500,,+216-46-358-489,1723,Bizerte,TN-99,TN,,,,,,,,,,,13.48,14.16,13.75,2019,employé,Satisfait
1724,Bouazizi,Bilel,Gafsa,1995-05-18,F,Tunisie,C,1270513,2001-11-09,Bizerte,1000,,+216-23-104-493,1724,Ariana,TN-11,TN,,,,,,,,,,,13.23,17.06,14.76,2021,employé,Très satisfait
1725,Trabelsi,Chaker,Sousse,1993-09-19,F,TN,C,3747209,2003-07-23,Sfax,2400,,+216-87-969-848,1725,Kairouan,TN-51,TN,,,,,,,,,,,10.13,14.42,11.85,2022,employé,Peu satisfait
1726,Abassi,Houssem,Sfax,1990-06-22,M,Tunisie,C,9262400,2008-11-28,Bizerte,8000,,+216-48-483-128,1726,Ariana,TN-31,TN,,,,,,,,,,,14.17,13.97,14.09,2015,employé,Satisfait
1727,Abassi,Bilel,Bizerte,1998-03-31,M,????,C,4982601,2014-08-02,Sousse,1000,,+216-35-372-542,1727,Tunis,TN-11,TN,,,,,,,,,,,10.93,14.48,12.35,2016,employé,Satisfait
1728,Mansouri,Ahmed,Tunis,1992-05-15,M,Tunisie,C,7991574,1991-06-21,Tunis,2040,,+216-75-348-489,1728,Gabès,TN-12,TN,,,,,,,,,,,13.62,13.98,13.76,2021,employé,Satisfait
1729,Abassi,Karim,Bizerte,2001-06-01,M,Tunisie,C,5436553,2013-10-11,Sousse,5000,,+216-20-395-449,1729,Ariana,TN-93,TN,,,,,,,,,,,12.73,12.78,12.75,2016,chômage,Satisfait
1730,Bouazizi,Ali,Ariana,1993-02-26,F,TN,C,8066164,2019-08-19,Bizerte,5500,,+216-87-117-106,1730,Bizerte,TN-99,TN,,,,,,,,,,,15.68,15.23,15.5,2021,chômage,Très satisfait
1731,Chebbi,Karim,Ariana,1992-08-06,M,Tunisie,C,8446158,1997-08-30,Nabeul,2013,,+216-82-890-799,1731,Bizerte,TN-13,TN,,,,,,,,,,,11.55,14.34,12.67,2023,employé,Très satisfait
1732,Trabelsi,Anis,Nabeul,1996-07-31,M,Tunisie,C,7302370,1996-07-30,Sousse,1000,,+216-75-131-441,1732,Monastir,TN-11,TN,,,,,,,,,,,11.3,14.03,12.39,2016,chômage,Satisfait
1733,Gharbi,Chaker,Ariana,1989-01-19,M,????,C,6218840,1995-04-02,Ariana,4600,,+216-87-123-234,1733,Gabès,TN-91,TN,,,,,,,,,,,11.96,12.54,12.19,2021,chômage,Très satisfait
1734,Bouazizi,Yassine,Ariana,1999-08-09,M,Tunisie,C,3328161,2008-09-08,Monastir,1000,,+216-31-274-492,1734,Monastir,TN-11,TN,,,,,,,,,,,11.39,15.96,13.22,2018,en formation,Satisfait
1735,Mansouri,Amine,Bizerte,1993-08-22,M,Tunisie,C,2568978,2019-10-12,Sfax,1100,,+216-92-470-573,1735,Monastir,TN-41,TN,,,,,,,,,,,13.6,15.0,14.16,2016,employé,Satisfait
1736,Trabelsi,Karim,Kairouan,1999-09-12,M,TN,C,6304142,2010-08-11,Sousse,2010,,+216-32-606-134,1736,Sfax,TN-21,TN,,,,,,,,,,,8.77,13.17,10.53,2021,employé,Satisfait
1737,Abassi,Karim,Gafsa,2002-07-14,F,Tunisie,C,8057399,1997-10-02,Tunis,5000,,+216-36-585-334,1737,Ariana,TN-93,TN,,,,,,,,,,,9.89,15.5,12.13,2019,en formation,Satisfait
1738,Gharbi,Mohamed,Kairouan,2001-07-09,M,Tunisie,C,4054184,2001-10-18,Sfax,9000,,+216-63-741-477,1738,Nabeul,TN-91,TN,,,,,,,,,,,9.86,13.25,11.22,2015,en formation,Satisfait
1739,Mansouri,Amine,Kairouan,1991-04-10,F,????,C,4618168,2001-06-12,Monastir,1000,,+216-99-631-412,1739,Nabeul,TN-11,TN,,,,,,,,,,,13.9,12.83,13.47,2019,chômage,Satisfait
1740,Ben Ahmed,Anis,Ariana,2002-08-18,M,Tunisie,C,2762364,2019-03-06,Nabeul,4600,,+216-69-800-790,1740,Sousse,TN-91,TN,,,,,,,,,,,15.42,12.86,14.4,2017,chômage,Satisfait
1741,Ben Ahmed,Ali,Gafsa,2003-05-12,F,TN,C,2084439,2001-12-19,Bizerte,2040,,+216-89-479-490,1741,Monastir,TN-12,TN,,,,,,,,,,,11.79,11.34,11.61,2021,employé,Satisfait
1742,Abassi,Bilel,Sfax,2003-04-25,M,Tunisie,C,2545094,2011-09-09,Ariana,6000,,+216-84-800-519,1742,Gabès,TN-100,TN,,,,,,,,,,,11.66,14.71,12.88,2020,employé,Satisfait
1743,Bouazizi,Ali,Tunis,1998-04-07,F,Tunisie,C,1305789,2016-05-26,Ariana,1000,,+216-74-624-103,1743,Tunis,TN-11,TN,,,,,,,,,,,12.14,11.25,11.78,2022,employé,Peu satisfait
1744,Jaziri,Mohamed,Tunis,2003-08-31,F,Tunisie,C,6078680,2005-03-16,Gabès,2010,,+216-84-482-132,1744,Nabeul,TN-21,TN,,,,,,,,,,,14.32,12.16,13.46,2019,employé,Satisfait
1745,Abassi,Bilel,Gafsa,2003-12-17,M,????,C,7553930,2000-11-26,Kairouan,8000,,+216-32-309-983,1745,Bizerte,TN-31,TN,,,,,,,,,,,10.15,10.89,10.45,2016,chômage,Satisfait
1746,Jaziri,Amine,Kairouan,2001-10-03,F,Tunisie,C,2491621,2008-06-26,Ariana,1000,,+216-67-856-898,1746,Ariana,TN-11,TN,,,,,,,,,,,12.48,13.87,13.04,2023,employé,Peu satisfait
1747,Ben Ali,Ahmed,Bizerte,2003-06-29,F,TN,C,7078242,1991-02-01,Gabès,5000,,+216-28-171-107,1747,Kairouan,TN-93,TN,,,,,,,,,,,13.95,13.77,13.88,2022,employé,Satisfait
1748,Abassi,Mohamed,Nabeul,2003-06-09,M,Tunisie,C,5083820,1998-12-13,Nabeul,2040,,+216-93-659-648,1748,Tunis,TN-12,TN,,,,,,,,,,,13.0,13.51,13.2,2020,en formation,Très satisfait
1749,Trabelsi,Bilel,Ariana,1989-07-26,F,Tunisie,C,2462803,2010-02-22,Kairouan,2040,,+216-68-149-906,1749,Monastir,TN-12,TN,,,,,,,,,,,12.38,12.44,12.4,2024,employé,Peu satisfait
1750,Bouazizi,Houssem,Tunis,2000-05-27,F,????,C,8011101,1995-02-15,Kairouan,1000,,+216-54-648-622,1750,Monastir,TN-11,TN,,,,,,,,,,,14.0,12.24,13.3,2021,en formation,Très satisfait
1751,Jaziri,Houssem,Monastir,1989-12-23,F,Tunisie,C,7826398,1999-09-25,Monastir,9000,,+216-92-938-696,1751,Monastir,TN-91,TN,,,,,,,,,,,6.59,14.7,9.83,2023,en formation,Satisfait
1752,Gharbi,Karim,Gafsa,1989-07-28,M,Tunisie,C,9922233,2014-11-15,Bizerte,8000,,+216-64-791-422,1752,Monastir,TN-31,TN,,,,,,,,,,,13.36,13.17,13.28,2021,employé,Peu satisfait
1753,Mansouri,Mohamed,Bizerte,1994-07-06,M,Tunisie,C,6878604,2016-07-14,Sfax,4600,,+216-88-582-757,1753,Monastir,TN-91,TN,,,,,,,,,,,10.69,14.47,12.2,2017,employé,Pas satisfait
1754,Chebbi,Ahmed,Tunis,1993-12-16,M,TN,C,3702952,2014-11-27,Monastir,8000,,+216-47-415-544,1754,Nabeul,TN-31,TN,,,,,,,,,,,8.34,12.67,10.07,2020,employé,Très satisfait
1755,Chebbi,Yassine,Nabeul,1984-02-12,M,Tunisie,C,8160061,2018-01-28,Sousse,1000,,+216-78-473-156,1755,Nabeul,TN-11,TN,,,,,,,,,,,13.02,14.27,13.52,2021,employé,Satisfait
1756,Louati,Amine,Gafsa,2001-08-22,F,Tunisie,C,8114014,2015-01-18,Ariana,1000,,+216-76-522-126,1756,Monastir,TN-11,TN,,,,,,,,,,,14.75,15.95,15.23,2016,employé,Satisfait
1757,Mansouri,Chaker,Kairouan,1991-01-25,M,Tunisie,C,7753313,2013-12-23,Sfax,2010,,+216-58-844-945,1757,Kairouan,TN-21,TN,,,,,,,,,,,11.73,14.88,12.99,2017,employé,Très satisfait
1758,Louati,Yassine,Tunis,2001-11-25,F,TN,C,6505245,2013-10-31,Gafsa,1000,,+216-57-220-167,1758,Kairouan,TN-11,TN,,,,,,,,,,,13.91,13.38,13.7,2018,en formation,Très satisfait
1759,Louati,Houssem,Kairouan,1992-02-22,F,Tunisie,C,6228411,1992-11-03,Sousse,6000,,+216-67-966-451,1759,Bizerte,TN-100,TN,,,,,,,,,,,15.22,14.39,14.89,2024,employé,Satisfait
1760,Bouazizi,Anis,Gabès,1993-10-31,M,????,C,1487897,1996-08-18,Monastir,4600,,+216-75-412-877,1760,Ariana,TN-91,TN,,,,,,,,,,,14.63,13.64,14.23,2020,chômage,Satisfait
1761,Ben Ali,Chaker,Sfax,2003-09-23,M,Tunisie,C,4372949,1995-04-05,Sfax,2010,,+216-46-809-657,1761,Gafsa,TN-21,TN,,,,,,,,,,,15.28,14.01,14.77,2015,employé,Très satisfait
1762,Louati,Amine,Bizerte,1994-06-20,F,Tunisie,C,7847202,2013-01-06,Sousse,2013,,+216-72-484-603,1762,Bizerte,TN-13,TN,,,,,,,,,,,13.48,13.51,13.49,2023,employé,Satisfait
1763,Gharbi,Ahmed,Sousse,1996-01-14,M,Tunisie,C,6117286,2019-10-08,Gafsa,5500,,+216-20-162-811,1763,Gafsa,TN-99,TN,,,,,,,,,,,12.15,13.75,12.79,2019,en formation,Satisfait
1764,Jaziri,Bilel,Gafsa,2002-02-22,M,TN,C,1931790,2009-06-20,Tunis,8000,,+216-81-462-361,1764,Gafsa,TN-31,TN,,,,,,,,,,,8.8,14.32,11.01,2021,employé,Peu satisfait
1765,Louati,Amine,Ariana,1994-06-11,F,Tunisie,C,5411563,1992-03-21,Sousse,5000,,+216-85-132-438,1765,Sousse,TN-93,TN,,,,,,,,,,,11.51,12.51,11.91,2023,employé,Peu satisfait
1766,Louati,Ahmed,Sfax,1998-03-11,M,????,C,3306364,2014-03-24,Monastir,2010,,+216-83-326-354,1766,Bizerte,TN-21,TN,,,,,,,,,,,10.31,12.48,11.18,2023,chômage,Satisfait
1767,Gharbi,Bilel,Tunis,1994-03-02,F,Tunisie,C,7949677,2008-03-03,Gafsa,8000,,+216-28-629-137,1767,Monastir,TN-31,TN,,,,,,,,,,,16.34,11.92,14.57,2015,chômage,Pas satisfait
1768,Ben Ahmed,Bilel,Kairouan,1999-03-22,F,Tunisie,C,4109072,1994-11-29,Sfax,6000,,+216-39-423-120,1768,Kairouan,TN-100,TN,,,,,,,,,,,11.65,11.6,11.63,2015,chômage,Peu satisfait
1769,Bouazizi,Mohamed,Gabès,1994-02-22,M,Tunisie,C,8503175,2018-07-06,Monastir,2013,,+216-56-456-812,1769,Ariana,TN-13,TN,,,,,,,,,,,12.25,12.17,12.22,2017,employé,Très satisfait
1770,Chebbi,Karim,Sousse,1998-08-06,M,TN,C,2913801,1993-05-23,Sfax,2010,,+216-95-136-836,1770,Nabeul,TN-21,TN,,,,,,,,,,,13.1,14.24,13.56,2020,employé,Très satisfait
1771,Jaziri,Yassine,Gabès,2004-09-15,F,Tunisie,C,3462936,1995-03-17,Gafsa,1000,,+216-23-724-395,1771,Gafsa,TN-11,TN,,,,,,,,,,,12.09,12.66,12.32,2016,en formation,Satisfait
1772,Jaziri,Houssem,Bizerte,1996-07-16,M,Tunisie,C,5847926,2002-04-23,Sousse,4700,,+216-63-870-514,1772,Bizerte,TN-92,TN,,,,,,,,,,,15.39,14.77,15.14,2024,en formation,Satisfait
1773,Ben Ali,Amine,Nabeul,1998-09-21,M,????,C,5892894,1996-12-14,Sfax,4600,,+216-84-510-358,1773,Sousse,TN-91,TN,,,,,,,,,,,10.75,14.05,12.07,2015,employé,Satisfait
1774,Ben Ahmed,Mohamed,Bizerte,1996-05-28,F,Tunisie,C,6353021,2013-07-26,Sfax,8000,,+216-34-230-333,1774,Bizerte,TN-31,TN,,,,,,,,,,,12.39,11.05,11.85,2015,chômage,Satisfait
1775,Jaziri,Amine,Nabeul,1992-11-27,F,Tunisie,C,1463062,2009-09-07,Gabès,5500,,+216-21-365-300,1775,Gafsa,TN-99,TN,,,,,,,,,,,10.52,14.98,12.3,2019,employé,Satisfait
1776,Louati,Yassine,Ariana,1992-05-31,F,TN,C,4910333,2001-05-06,Nabeul,1000,,+216-54-174-481,1776,Gabès,TN-11,TN,,,,,,,,,,,9.36,15.22,11.7,2018,employé,Satisfait
1777,Abassi,Karim,Monastir,2000-06-26,F,Tunisie,C,5631232,1992-08-08,Sfax,1000,,+216-68-954-355,1777,Tunis,TN-11,TN,,,,,,,,,,,10.78,12.51,11.47,2015,employé,Très satisfait
1778,Bouazizi,Anis,Monastir,2001-12-18,M,Tunisie,C,2803452,1995-07-07,Bizerte,1100,,+216-95-610-535,1778,Sousse,TN-41,TN,,,,,,,,,,,11.93,14.63,13.01,2018,employé,Peu satisfait
1779,Abassi,Houssem,Nabeul,2001-09-08,M,TN,C,5742055,1992-11-30,Sousse,9000,,+216-92-266-668,1779,Monastir,TN-91,TN,,,,,,,,,,,11.14,12.72,11.77,2017,employé,Très satisfait
1780,Trabelsi,Ahmed,Sfax,1997-09-07,M,Tunisie,C,4009342,2015-12-31,Sousse,6000,,+216-50-377-103,1780,Tunis,TN-100,TN,,,,,,,,,,,10.62,14.15,12.03,2016,employé,Pas satisfait
1781,Jaziri,Yassine,Gabès,1990-03-15,M,????,C,6521159,1999-09-27,Sfax,8000,,+216-27-284-554,1781,Gabès,TN-31,TN,,,,,,,,,,,9.19,12.1,10.35,2023,employé,Très satisfait
1782,Louati,Chaker,Tunis,2003-11-01,F,Tunisie,C,5612288,2012-03-04,Bizerte,5000,,+216-71-976-126,1782,Bizerte,TN-93,TN,,,,,,,,,,,11.83,11.31,11.62,2015,chômage,Pas satisfait
1783,Louati,Bilel,Sfax,1999-01-06,M,Tunisie,C,4688078,1991-03-26,Gabès,1000,,+216-99-693-782,1783,Sfax,TN-11,TN,,,,,,,,,,,8.99,13.43,10.77,2021,chômage,Très satisfait
1784,Gharbi,Bilel,Sfax,1995-07-01,F,Tunisie,C,3651175,2019-07-09,Monastir,4700,,+216-66-845-199,1784,Gabès,TN-92,TN,,,,,,,,,,,13.52,13.81,13.64,2018,chômage,Très satisfait
1785,Trabelsi,Ahmed,Gabès,1996-04-14,F,TN,C,2408800,2008-06-25,Bizerte,9000,,+216-87-903-810,1785,Ariana,TN-91,TN,,,,,,,,,,,12.16,13.4,12.66,2019,en formation,Très satisfait
1786,Louati,Ahmed,Sfax,1998-07-04,M,Tunisie,C,4302770,2018-08-12,Tunis,2400,,+216-95-753-101,1786,Nabeul,TN-51,TN,,,,,,,,,,,09.08,12.22,10.34,2024,employé,Satisfait
1787,Jaziri,Houssem,Kairouan,1999-03-04,M,Tunisie,C,4165655,1996-07-14,Ariana,2010,,+216-96-510-709,1787,Monastir,TN-21,TN,,,,,,,,,,,11.38,13.4,12.19,2019,employé,Peu satisfait
1788,Louati,Ahmed,Kairouan,1994-06-05,M,Tunisie,C,1173044,1997-07-08,Monastir,2013,,+216-75-408-992,1788,Tunis,TN-13,TN,,,,,,,,,,,10.5,14.4,12.06,2015,chômage,Satisfait
1789,Jaziri,Mohamed,Sousse,2000-04-29,M,????,C,4247260,2002-03-30,Sfax,5500,,+216-96-166-486,1789,Sousse,TN-99,TN,,,,,,,,,,,12.64,13.93,13.16,2020,employé,Peu satisfait
1790,Abassi,Ali,Kairouan,1990-05-22,M,TN,C,7330670,2002-03-03,Gafsa,1000,,+216-21-861-805,1790,Nabeul,TN-11,TN,,,,,,,,,,,14.68,14.27,14.52,2023,employé,Satisfait
1791,Chebbi,Bilel,Ariana,2004-08-25,F,Tunisie,C,7025847,2003-01-10,Sfax,2040,,+216-30-698-795,1791,Bizerte,TN-12,TN,,,,,,,,,,,8.25,12.99,10.15,2016,employé,Satisfait
1792,Ben Ahmed,Ahmed,Nabeul,1989-11-27,F,Tunisie,C,3208593,2017-10-30,Sfax,1100,,+216-54-485-367,1792,Kairouan,TN-41,TN,,,,,,,,,,,12.23,15.76,13.64,2021,chômage,Peu satisfait
1793,Ben Ahmed,Houssem,Sfax,1990-04-05,F,????,C,1789323,1993-11-14,Gabès,2400,,+216-38-632-982,1793,Sousse,TN-51,TN,,,,,,,,,,,11.68,12.24,11.9,2020,employé,Très satisfait
1794,Chebbi,Amine,Tunis,1994-10-10,F,Tunisie,C,2223413,2008-07-05,Tunis,8000,,+216-66-157-573,1794,Ariana,TN-31,TN,,,,,,,,,,,13.34,14.73,13.9,2019,chômage,Très satisfait
1795,Mansouri,Ahmed,Monastir,2001-04-21,M,TN,C,4759977,1992-06-23,Ariana,2040,,+216-55-533-463,1795,Bizerte,TN-12,TN,,,,,,,,,,,12.43,15.77,13.77,2018,employé,Peu satisfait
1796,Ben Ali,Yassine,Sousse,2003-10-13,M,Tunisie,C,2031304,2009-12-12,Gafsa,2010,,+216-43-530-199,1796,Bizerte,TN-21,TN,,,,,,,,,,,10.5,14.72,12.19,2018,chômage,Peu satisfait
1797,Abassi,Bilel,Monastir,2002-04-03,F,Tunisie,C,6335779,2000-07-07,Kairouan,9000,,+216-72-560-427,1797,Nabeul,TN-91,TN,,,,,,,,,,,11.36,13.7,12.3,2020,chômage,Pas satisfait
1798,Louati,Anis,Monastir,2003-04-08,M,????,C,8513665,2009-07-18,Bizerte,8000,,+216-59-780-947,1798,Kairouan,TN-31,TN,,,,,,,,,,,10.41,13.21,11.53,2018,chômage,Peu satisfait
1799,Bouazizi,Houssem,Sousse,1996-11-11,F,Tunisie,C,5803792,1993-11-20,Nabeul,8000,,+216-64-124-924,1799,Monastir,TN-31,TN,,,,,,,,,,,14.15,15.55,14.71,2019,employé,Très satisfait
1800,Louati,Amine,Gafsa,1994-04-30,F,Tunisie,C,4080005,2005-12-10,Gabès,5500,,+216-44-656-497,1800,Monastir,TN-99,TN,,,,,,,,,,,12.04,11.87,11.97,2020,employé,Peu satisfait
1801,Ben Ahmed,Karim,Sfax,1999-09-11,M,TN,C,5653854,2009-08-16,Nabeul,2010,,+216-53-567-232,1801,Gabès,TN-21,TN,,,,,,,,,,,15.8,12.54,14.5,2019,chômage,Satisfait
1802,Mansouri,Bilel,Gabès,1991-01-22,F,Tunisie,C,6974796,2007-12-11,Gabès,5000,,+216-52-521-229,1802,Monastir,TN-93,TN,,,,,,,,,,,11.88,13.4,12.49,2021,employé,Pas satisfait
1803,Gharbi,Karim,Sfax,2002-03-18,M,????,C,5982758,2005-06-16,Gafsa,1000,,+216-94-745-864,1803,Bizerte,TN-11,TN,,,,,,,,,,,10.58,15.86,12.69,2023,employé,Satisfait
1804,Ben Ahmed,Ahmed,Gabès,1999-02-07,F,Tunisie,C,5569204,2001-09-26,Bizerte,1000,,+216-24-837-225,1804,Bizerte,TN-11,TN,,,,,,,,,,,8.97,14.57,11.21,2024,employé,Satisfait
1805,Ben Ali,Mohamed,Sousse,1993-02-03,F,TN,C,5207894,1991-03-25,Monastir,2040,,+216-79-952-559,1805,Kairouan,TN-12,TN,,,,,,,,,,,8.39,12.55,10.05,2021,en formation,Satisfait
1806,Jaziri,Bilel,Sfax,1999-10-25,F,Tunisie,C,6897085,2002-07-16,Tunis,4700,,+216-46-562-901,1806,Gafsa,TN-92,TN,,,,,,,,,,,8.83,13.53,10.71,2021,employé,Très satisfait
1807,Ben Ali,Bilel,Gafsa,1998-01-08,M,????,C,2794119,2016-02-06,Gafsa,2400,,+216-67-888-338,1807,Nabeul,TN-51,TN,,,,,,,,,,,12.53,13.08,12.75,2018,chômage,Très satisfait
1808,Ben Ahmed,Mohamed,Gafsa,1991-09-17,M,Tunisie,C,1045532,2014-07-17,Nabeul,1100,,+216-20-587-145,1808,Sfax,TN-41,TN,,,,,,,,,,,13.02,12.94,12.99,2015,employé,Peu satisfait
1809,Louati,Amine,Gafsa,1999-06-09,M,Tunisie,C,2922035,1995-09-30,Gabès,5500,,+216-25-604-432,1809,Nabeul,TN-99,TN,,,,,,,,,,,8.84,15.47,11.49,2022,employé,Peu satisfait
1810,Abassi,Ali,Sousse,1988-01-14,F,Tunisie,C,7955089,2015-10-20,Nabeul,8000,,+216-34-615-498,1810,Gafsa,TN-31,TN,,,,,,,,,,,13.79,11.94,13.05,2018,chômage,Très satisfait
1811,Jaziri,Bilel,Bizerte,1976-03-09,F,TN,C,8376778,2015-10-28,Gabès,6000,,+216-60-878-582,1811,Sousse,TN-100,TN,,,,,,,,,,,11.03,16.41,13.18,2015,employé,Peu satisfait
1812,Gharbi,Houssem,Monastir,1990-06-24,F,Tunisie,C,9827141,2000-12-26,Gafsa,2040,,+216-53-522-266,1812,Monastir,TN-12,TN,,,,,,,,,,,12.29,15.24,13.47,2019,employé,Satisfait
1813,Bouazizi,Anis,Sousse,1999-06-07,M,Tunisie,C,7520869,2019-02-02,Bizerte,1100,,+216-40-451-281,1813,Tunis,TN-41,TN,,,,,,,,,,,15.22,15.64,15.39,2022,chômage,Satisfait
1814,Mansouri,Amine,Sfax,1995-12-01,M,????,C,1406381,2008-06-19,Kairouan,9000,,+216-52-613-665,1814,Sousse,TN-91,TN,,,,,,,,,,,13.79,13.31,13.6,2018,chômage,Très satisfait
1815,Jaziri,Anis,Nabeul,2002-11-18,F,Tunisie,C,6281586,2019-12-21,Gabès,2040,,+216-33-723-453,1815,Kairouan,TN-12,TN,,,,,,,,,,,11.46,13.78,12.39,2022,employé,Peu satisfait
1816,Abassi,Yassine,Ariana,1993-09-19,M,TN,C,6274822,2006-11-03,Gafsa,8000,,+216-53-806-502,1816,Sousse,TN-31,TN,,,,,,,,,,,10.22,11.85,10.87,2022,chômage,Satisfait
1817,Ben Ali,Yassine,Tunis,1994-03-07,M,Tunisie,C,6588939,1998-05-22,Gabès,2400,,+216-20-816-553,1817,Bizerte,TN-51,TN,,,,,,,,,,,7.7,13.21,9.9,2017,chômage,Satisfait
1818,Chebbi,Mohamed,Bizerte,1991-08-24,F,????,C,8109362,2011-04-26,Sfax,8000,,+216-74-954-573,1818,Ariana,TN-31,TN,,,,,,,,,,,10.56,14.74,12.23,2023,chômage,Satisfait
1819,Abassi,Chaker,Monastir,1991-05-14,F,Tunisie,C,7606868,2010-10-05,Nabeul,2040,,+216-30-699-246,1819,Nabeul,TN-12,TN,,,,,,,,,,,11.58,15.94,13.32,2017,employé,Très satisfait
1820,Abassi,Houssem,Tunis,1990-04-27,M,Tunisie,C,2947855,2018-05-13,Monastir,5500,,+216-97-511-138,1820,Nabeul,TN-99,TN,,,,,,,,,,,10.03,12.34,10.95,2015,employé,Satisfait
1821,Trabelsi,Bilel,Sfax,2002-03-24,M,TN,C,9135532,1996-03-26,Sfax,2010,,+216-68-871-782,1821,Bizerte,TN-21,TN,,,,,,,,,,,11.74,13.45,12.42,2016,en formation,Très satisfait
1822,Ben Ali,Karim,Monastir,2002-12-17,F,????,C,5012577,2011-01-24,Sfax,1000,,+216-39-494-274,1822,Monastir,TN-11,TN,,,,,,,,,,,12.15,13.77,12.8,2020,chômage,Très satisfait
1823,Bouazizi,Ahmed,Sfax,1995-01-08,F,Tunisie,C,9439885,1993-12-05,Sousse,1000,,+216-44-195-196,1823,Ariana,TN-11,TN,,,,,,,,,,,11.55,11.91,11.69,2024,employé,Satisfait
1824,Ben Ahmed,Anis,Monastir,2000-11-06,M,Tunisie,C,2863161,2019-11-29,Sousse,2013,,+216-62-552-919,1824,Gafsa,TN-13,TN,,,,,,,,,,,10.7,14.89,12.38,2016,employé,Peu satisfait
1825,Trabelsi,Ahmed,Ariana,1997-04-03,M,Tunisie,C,9997001,2009-04-30,Kairouan,2013,,+216-75-257-351,1825,Kairouan,TN-13,TN,,,,,,,,,,,12.34,12.91,12.57,2020,employé,Satisfait
1826,Louati,Anis,Gafsa,1995-04-09,M,TN,C,4628977,2001-05-14,Kairouan,1000,,+216-51-381-467,1826,Nabeul,TN-11,TN,,,,,,,,,,,12.88,13.71,13.21,2015,employé,Très satisfait
1827,Louati,Anis,Nabeul,1992-04-23,F,Tunisie,C,2142172,1993-08-05,Bizerte,1000,,+216-80-922-649,1827,Kairouan,TN-11,TN,,,,,,,,,,,9.82,13.32,11.22,2015,employé,Satisfait
1828,Jaziri,Chaker,Bizerte,1992-05-01,M,????,C,8256995,1990-09-07,Gafsa,4700,,+216-61-442-660,1828,Gabès,TN-92,TN,,,,,,,,,,,14.82,12.82,14.02,2019,employé,Peu satisfait
1829,Bouazizi,Anis,Sousse,1994-12-01,M,Tunisie,C,2593604,1994-04-01,Sfax,5000,,+216-93-231-904,1829,Gafsa,TN-93,TN,,,,,,,,,,,11.8,13.99,12.68,2024,chômage,Satisfait
1830,Ben Ali,Anis,Gafsa,1998-10-11,M,Tunisie,C,7882166,2009-07-15,Tunis,2040,,+216-34-392-788,1830,Ariana,TN-12,TN,,,,,,,,,,,12.04,13.68,12.7,2023,employé,Peu satisfait
1831,Chebbi,Mohamed,Ariana,1990-04-25,M,Tunisie,C,6509479,2006-12-18,Bizerte,9000,,+216-99-845-213,1831,Bizerte,TN-91,TN,,,,,,,,,,,13.42,13.44,13.43,2022,chômage,Satisfait
1832,Trabelsi,Mohamed,Sfax,1999-07-02,M,TN,C,6649255,2017-11-10,Bizerte,5500,,+216-46-466-838,1832,Nabeul,TN-99,TN,,,,,,,,,,,12.47,12.91,12.65,2017,employé,Peu satisfait
1833,Chebbi,Chaker,Gafsa,1999-06-06,F,Tunisie,C,1494416,2000-11-21,Nabeul,2010,,+216-35-153-251,1833,Sfax,TN-21,TN,,,,,,,,,,,13.91,14.48,14.14,2017,employé,Très satisfait
1834,Ben Ali,Karim,Nabeul,1992-06-02,M,????,C,7051269,2017-09-02,Sfax,2013,,+216-71-156-939,1834,Nabeul,TN-13,TN,,,,,,,,,,,12.57,16.48,14.13,2015,employé,Très satisfait
1835,Mansouri,Mohamed,Gafsa,2004-10-22,F,Tunisie,C,9321360,2015-05-08,Bizerte,2013,,+216-96-853-125,1835,Tunis,TN-13,TN,,,,,,,,,,,10.78,14.21,12.15,2017,employé,Très satisfait
1836,Gharbi,Houssem,Monastir,1994-04-22,M,Tunisie,C,9883933,2010-04-14,Sousse,2040,,+216-43-511-690,1836,Tunis,TN-12,TN,,,,,,,,,,,12.72,15.49,13.83,2015,chômage,Satisfait
1837,Mansouri,Houssem,Nabeul,1992-12-30,F,TN,C,8483701,2005-08-05,Gafsa,8000,,+216-90-304-534,1837,Sousse,TN-31,TN,,,,,,,,,,,9.71,11.91,10.59,2022,chômage,Peu satisfait
1838,Chebbi,Ahmed,Tunis,1996-12-11,M,Tunisie,C,5879002,2009-02-10,Tunis,1000,,+216-41-837-135,1838,Sousse,TN-11,TN,,,,,,,,,,,12.22,14.24,13.03,2015,employé,Peu satisfait
1839,Bouazizi,Chaker,Sfax,1999-04-20,M,Tunisie,C,2330391,1994-05-30,Monastir,1000,,+216-84-449-233,1839,Gabès,TN-11,TN,,,,,,,,,,,11.93,12.35,12.1,2019,employé,Très satisfait
1840,Trabelsi,Houssem,Nabeul,1998-05-30,M,????,C,9515905,2001-08-19,Monastir,6000,,+216-99-616-398,1840,Ariana,TN-100,TN,,,,,,,,,,,11.58,11.78,11.66,2023,employé,Très satisfait
1841,Mansouri,Ali,Tunis,1994-09-30,M,Tunisie,C,8078716,2013-05-18,Sousse,2010,,+216-36-298-754,1841,Kairouan,TN-21,TN,,,,,,,,,,,11.74,12.89,12.2,2021,chômage,Très satisfait
1842,Ben Ahmed,Amine,Sousse,1990-01-26,F,TN,C,7470864,2009-08-18,Nabeul,2500,,+216-69-538-493,1842,Sousse,TN-52,TN,,,,,,,,,,,8.24,15.79,11.26,2018,chômage,Très satisfait
1843,Louati,Amine,Gabès,1994-09-15,F,Tunisie,C,6537198,2010-06-21,Ariana,9000,,+216-42-899-127,1843,Sfax,TN-91,TN,,,,,,,,,,,10.9,15.43,12.71,2023,employé,Satisfait
1844,Chebbi,Bilel,Tunis,2004-09-15,F,Tunisie,C,3764304,2015-08-25,Monastir,1000,,+216-82-373-278,1844,Kairouan,TN-11,TN,,,,,,,,,,,12.19,14.36,13.06,2023,chômage,Peu satisfait
1845,Abassi,Karim,Bizerte,1991-10-20,F,????,C,7429916,1995-02-17,Tunis,2010,,+216-34-680-441,1845,Sfax,TN-21,TN,,,,,,,,,,,12.32,11.7,12.07,2016,chômage,Pas satisfait
1846,Gharbi,Mohamed,Ariana,1992-07-10,F,Tunisie,C,6759594,1990-06-06,Sousse,2010,,+216-88-169-287,1846,Nabeul,TN-21,TN,,,,,,,,,,,9.94,13.71,11.45,2024,employé,Satisfait
1847,Jaziri,Anis,Sfax,1991-09-20,F,TN,C,3400731,1998-08-20,Sousse,8000,,+216-24-648-751,1847,Sousse,TN-31,TN,,,,,,,,,,,14.53,14.45,14.5,2024,employé,Peu satisfait
1848,Mansouri,Amine,Tunis,1992-12-12,M,Tunisie,C,4213793,1990-06-16,Kairouan,4700,,+216-70-209-384,1848,Monastir,TN-92,TN,,,,,,,,,,,10.27,14.26,11.87,2020,en formation,Satisfait
1849,Gharbi,Ali,Ariana,1991-08-29,F,Tunisie,C,2738441,1992-05-28,Ariana,2013,,+216-72-319-563,1849,Monastir,TN-13,TN,,,,,,,,,,,13.94,11.23,12.86,2018,chômage,Très satisfait
1850,Bouazizi,Houssem,Monastir,2000-09-23,F,????,C,1656501,1994-03-13,Gafsa,5000,,+216-93-465-325,1850,Monastir,TN-93,TN,,,,,,,,,,,12.85,12.66,12.77,2022,employé,Satisfait
1851,Ben Ali,Ali,Nabeul,1999-02-01,M,Tunisie,C,9197810,2001-03-06,Gafsa,1000,,+216-29-919-671,1851,Ariana,TN-11,TN,,,,,,,,,,,10.71,13.9,11.99,2021,employé,Satisfait
1852,Ben Ali,Chaker,Sousse,1996-06-22,M,TN,C,7219348,1998-04-11,Kairouan,1000,,+216-98-828-701,1852,Gafsa,TN-11,TN,,,,,,,,,,,15.55,14.8,15.25,2021,employé,Satisfait
1853,Louati,Yassine,Bizerte,1995-10-24,M,Tunisie,C,8297120,2002-12-09,Monastir,2010,,+216-51-821-356,1853,Bizerte,TN-21,TN,,,,,,,,,,,9.61,10.71,10.05,2024,employé,Très satisfait
1854,Chebbi,Chaker,Ariana,2001-11-12,F,Tunisie,C,1167973,1993-05-08,Gabès,6000,,+216-46-711-186,1854,Gafsa,TN-100,TN,,,,,,,,,,,13.84,13.76,13.81,2023,chômage,Très satisfait
1855,Gharbi,Anis,Monastir,1998-01-09,F,????,C,1877214,2013-11-23,Ariana,1100,,+216-75-608-986,1855,Monastir,TN-41,TN,,,,,,,,,,,14.0,14.21,14.08,2019,employé,Très satisfait
1856,Louati,Ali,Ariana,1994-01-03,F,Tunisie,C,7133868,2009-02-19,Kairouan,9000,,+216-74-942-445,1856,Bizerte,TN-91,TN,,,,,,,,,,,10.66,15.27,12.5,2020,chômage,Pas satisfait
1857,Mansouri,Chaker,Monastir,1991-11-08,F,Tunisie,C,9421339,2017-11-27,Gabès,2013,,+216-70-252-491,1857,Gafsa,TN-13,TN,,,,,,,,,,,14.78,15.04,14.88,2015,chômage,Satisfait
1858,Gharbi,Mohamed,Sousse,2000-06-07,F,TN,C,1468655,2007-06-30,Gafsa,2010,,+216-27-843-519,1858,Ariana,TN-21,TN,,,,,,,,,,,11.5,14.87,12.85,2020,employé,Peu satisfait
1859,Abassi,Houssem,Kairouan,1992-09-30,F,????,C,7854115,1994-07-15,Sfax,4700,,+216-86-642-503,1859,Gabès,TN-92,TN,,,,,,,,,,,12.58,12.8,12.67,2016,employé,Peu satisfait
1860,Bouazizi,Houssem,Tunis,2001-07-26,F,Tunisie,C,6733090,2006-06-10,Nabeul,1100,,+216-68-259-641,1860,Bizerte,TN-41,TN,,,,,,,,,,,12.52,11.14,11.97,2020,employé,Très satisfait
1861,Chebbi,Karim,Bizerte,1990-02-07,M,Tunisie,C,2149714,1997-02-28,Ariana,9000,,+216-77-336-717,1861,Monastir,TN-91,TN,,,,,,,,,,,11.73,13.41,12.4,2023,chômage,Satisfait
1862,Ben Ali,Chaker,Tunis,1991-11-12,F,TN,C,9553508,1999-06-24,Gafsa,4700,,+216-20-171-187,1862,Tunis,TN-92,TN,,,,,,,,,,,13.62,15.5,14.37,2022,employé,Peu satisfait
1863,Bouazizi,Mohamed,Sousse,1991-11-14,F,????,C,9334967,2019-07-24,Kairouan,5500,,+216-96-681-724,1863,Nabeul,TN-99,TN,,,,,,,,,,,13.59,16.09,14.59,2023,chômage,Satisfait
1864,Chebbi,Ahmed,Tunis,1996-10-21,F,Tunisie,C,5228397,1996-08-15,Sousse,1000,,+216-35-145-638,1864,Nabeul,TN-11,TN,,,,,,,,,,,8.5,15.07,11.13,2024,chômage,Peu satisfait
1865,Louati,Anis,Ariana,1996-11-02,M,Tunisie,C,8677545,2005-11-22,Kairouan,2010,,+216-52-765-898,1865,Bizerte,TN-21,TN,,,,,,,,,,,14.61,14.64,14.62,2022,employé,Très satisfait
1866,Jaziri,Karim,Bizerte,1999-02-21,F,Tunisie,C,4453578,2001-01-29,Ariana,5000,,+216-36-214-306,1866,Monastir,TN-93,TN,,,,,,,,,,,8.68,14.57,11.04,2017,en formation,Très satisfait
1867,Mansouri,Bilel,Nabeul,1998-04-28,M,Tunisie,C,1755047,1991-04-28,Sfax,2013,,+216-41-961-901,1867,Bizerte,TN-13,TN,,,,,,,,,,,14.07,13.17,13.71,2022,en formation,Peu satisfait
1868,Chebbi,Karim,Bizerte,2004-02-15,M,????,C,5850508,2012-08-12,Kairouan,1000,,+216-27-575-374,1868,Monastir,TN-11,TN,,,,,,,,,,,14.25,13.8,14.07,2020,employé,Peu satisfait
1869,Jaziri,Bilel,Sfax,1994-01-02,F,Tunisie,C,4092301,2002-11-24,Monastir,1000,,+216-40-932-405,1869,Sfax,TN-11,TN,,,,,,,,,,,9.82,16.5,12.49,2020,employé,Pas satisfait
1870,Abassi,Bilel,Kairouan,1999-12-08,F,Tunisie,C,7077406,2017-07-04,Sousse,2040,,+216-24-186-348,1870,Kairouan,TN-12,TN,,,,,,,,,,,11.18,12.59,11.74,2020,en formation,Satisfait
1871,Ben Ahmed,Karim,Tunis,1997-01-11,F,TN,C,5193563,2014-05-29,Gafsa,2010,,+216-54-138-858,1871,Sousse,TN-21,TN,,,,,,,,,,,9.79,16.42,12.44,2017,en formation,Peu satisfait
1872,Mansouri,Anis,Kairouan,1992-09-18,M,????,C,5914758,2016-08-19,Bizerte,2010,,+216-87-704-227,1872,Bizerte,TN-21,TN,,,,,,,,,,,11.57,13.52,12.35,2024,employé,Peu satisfait
1873,Bouazizi,Ahmed,Kairouan,1993-11-13,F,????,C,5979334,2005-08-05,Sfax,2013,,+216-30-458-466,1873,Monastir,TN-13,TN,,,,,,,,,,,11.38,15.99,13.22,2015,employé,Peu satisfait
1874,Jaziri,Houssem,Sousse,1995-09-10,F,Tunisie,C,1169424,2003-10-04,Monastir,8000,,+216-94-855-637,1874,Gabès,TN-31,TN,,,,,,,,,,,13.56,11.89,12.89,2018,employé,Satisfait
1875,Mansouri,Bilel,Gabès,1991-03-29,F,Tunisie,C,9712029,2019-12-02,Gafsa,5000,,+216-66-569-818,1875,Sousse,TN-93,TN,,,,,,,,,,,14.62,14.88,14.72,2024,en formation,Très satisfait
1876,Ben Ahmed,Houssem,Bizerte,1999-01-27,F,TN,C,6271539,2001-05-07,Sfax,6000,,+216-67-963-562,1876,Nabeul,TN-100,TN,,,,,,,,,,,14.79,12.89,14.03,2020,employé,Peu satisfait
1877,Gharbi,Houssem,Kairouan,1996-03-07,F,????,C,9909647,1997-08-18,Kairouan,4700,,+216-80-948-738,1877,Kairouan,TN-92,TN,,,,,,,,,,,10.88,11.88,11.28,2024,employé,Satisfait
1878,Ben Ahmed,Mohamed,Sfax,1993-01-30,M,Tunisie,C,4130729,2013-09-11,Gafsa,1000,,+216-42-628-680,1878,Gafsa,TN-11,TN,,,,,,,,,,,11.58,14.33,12.68,2016,chômage,Satisfait
1879,Mansouri,Ahmed,Tunis,1999-10-08,F,Tunisie,C,8745981,1998-07-15,Gabès,1000,,+216-37-843-225,1879,Nabeul,TN-11,TN,,,,,,,,,,,8.63,15.51,11.38,2021,employé,Satisfait
1880,Ben Ahmed,Yassine,Sousse,1990-10-10,F,Tunisie,C,6108124,2017-03-17,Bizerte,9000,,+216-23-515-597,1880,Gafsa,TN-91,TN,,,,,,,,,,,10.39,12.73,11.33,2021,chômage,Satisfait
1881,Mansouri,Mohamed,Tunis,1999-03-15,F,????,C,7622211,1997-06-09,Monastir,2013,,+216-47-316-151,1881,Ariana,TN-13,TN,,,,,,,,,,,13.93,11.75,13.06,2018,employé,Satisfait
1882,Chebbi,Ali,Tunis,1992-08-16,F,Tunisie,C,4612879,2010-10-23,Ariana,2010,,+216-51-376-241,1882,Bizerte,TN-21,TN,,,,,,,,,,,15.23,13.86,14.68,2018,chômage,Très satisfait
1883,Ben Ahmed,Karim,Ariana,1994-07-12,F,TN,C,2759960,2018-01-21,Gabès,5500,,+216-56-877-420,1883,Sousse,TN-99,TN,,,,,,,,,,,9.53,13.87,11.27,2015,employé,Peu satisfait
1884,Chebbi,Chaker,Sousse,1996-06-24,F,????,C,9503737,2016-10-19,Monastir,1000,,+216-39-668-136,1884,Nabeul,TN-11,TN,,,,,,,,,,,10.82,14.82,12.42,2016,chômage,Satisfait
1885,Gharbi,Mohamed,Ariana,1993-09-28,F,Tunisie,C,3623841,1999-04-24,Kairouan,2040,,+216-89-471-548,1885,Nabeul,TN-12,TN,,,,,,,,,,,11.95,15.42,13.34,2023,chômage,Satisfait
1886,Trabelsi,Ali,Monastir,1990-02-07,F,Tunisie,C,8272008,2015-11-10,Nabeul,9000,,+216-60-180-921,1886,Kairouan,TN-91,TN,,,,,,,,,,,12.56,13.91,13.1,2024,employé,Très satisfait
1887,Ben Ali,Houssem,Nabeul,1996-01-22,F,TN,C,5421539,2012-08-18,Kairouan,6000,,+216-40-856-870,1887,Nabeul,TN-100,TN,,,,,,,,,,,10.38,16.78,12.94,2022,employé,Très satisfait
1888,Louati,Ali,Nabeul,1998-07-13,M,Tunisie,C,6110550,2017-07-25,Sfax,1000,,+216-52-182-374,1888,Gabès,TN-11,TN,,,,,,,,,,,12.85,14.34,13.45,2022,employé,Très satisfait
1889,Jaziri,Houssem,Gabès,1998-03-12,F,????,C,6078735,1991-08-27,Tunis,5500,,+216-57-680-138,1889,Tunis,TN-99,TN,,,,,,,,,,,11.05,13.48,12.02,2023,employé,Satisfait
1890,Mansouri,Mohamed,Tunis,1996-11-06,F,Tunisie,C,6854380,1999-02-19,Tunis,9000,,+216-64-334-175,1890,Monastir,TN-91,TN,,,,,,,,,,,11.97,11.58,11.81,2021,chômage,Très satisfait
1891,Bouazizi,Ali,Tunis,2003-10-18,F,Tunisie,C,8929763,2012-01-12,Sousse,5000,,+216-44-995-455,1891,Gabès,TN-93,TN,,,,,,,,,,,13.09,13.61,13.3,2023,chômage,Peu satisfait
1892,Mansouri,Karim,Nabeul,1994-05-21,F,????,C,5770013,1991-07-15,Tunis,4700,,+216-31-299-144,1892,Nabeul,TN-92,TN,,,,,,,,,,,12.01,13.5,12.61,2024,employé,Très satisfait
1893,Chebbi,Ali,Kairouan,1991-09-24,M,Tunisie,C,2028900,2018-09-19,Gabès,1100,,+216-94-306-824,1893,Nabeul,TN-41,TN,,,,,,,,,,,11.13,15.44,12.85,2016,chômage,Très satisfait
1894,Abassi,Ali,Sfax,2001-05-13,F,TN,C,7236781,2012-10-19,Gafsa,2500,,+216-45-403-855,1894,Ariana,TN-52,TN,,,,,,,,,,,11.78,14.69,12.94,2020,chômage,Très satisfait
1895,Jaziri,Anis,Kairouan,1995-02-03,F,Tunisie,C,1674349,1996-03-01,Monastir,1100,,+216-46-598-860,1895,Gafsa,TN-41,TN,,,,,,,,,,,11.82,12.23,11.98,2017,chômage,Très satisfait
1896,Gharbi,Bilel,Sfax,1984-12-26,F,????,C,3348803,2001-04-18,Bizerte,9000,,+216-22-843-535,1896,Ariana,TN-91,TN,,,,,,,,,,,11.26,14.26,12.46,2020,employé,Peu satisfait
1897,Bouazizi,Anis,Gabès,1995-02-04,F,Tunisie,C,2269878,1998-03-13,Nabeul,2010,,+216-35-618-427,1897,Ariana,TN-21,TN,,,,,,,,,,,11.48,15.01,12.89,2017,employé,Peu satisfait
1898,Bouazizi,Amine,Tunis,2003-08-20,F,Tunisie,C,3794804,2003-01-28,Tunis,2013,,+216-82-825-571,1898,Gabès,TN-13,TN,,,,,,,,,,,15.2,16.29,15.64,2022,employé,Satisfait
1899,Trabelsi,Ahmed,Gabès,1992-12-15,F,TN,C,6312013,1998-11-22,Nabeul,2013,,+216-72-609-274,1899,Kairouan,TN-13,TN,,,,,,,,,,,13.12,15.33,14.0,2018,employé,Très satisfait
1900,Mansouri,Ali,Sfax,1997-04-15,M,????,C,8912803,2011-02-28,Bizerte,5500,,+216-59-367-294,1900,Ariana,TN-99,TN,,,,,,,,,,,11.41,15.14,12.9,2024,employé,Très satisfait
1901,Gharbi,Mohamed,Monastir,2003-12-17,M,Tunisie,C,1356731,2001-12-10,Ariana,1000,,+216-49-443-260,1901,Ariana,TN-11,TN,,,,,,,,,,,13.39,14.09,13.67,2020,employé,Satisfait
1902,Abassi,Ali,Kairouan,1995-08-24,F,Tunisie,C,6153630,2000-09-06,Sousse,1000,,+216-54-315-330,1902,Nabeul,TN-11,TN,,,,,,,,,,,11.33,14.58,12.63,2023,employé,Pas satisfait
1903,Chebbi,Bilel,Nabeul,1993-09-25,F,TN,C,7095973,2003-05-20,Gafsa,2500,,+216-89-510-410,1903,Bizerte,TN-52,TN,,,,,,,,,,,14.35,15.87,14.96,2016,chômage,Très satisfait
1904,Trabelsi,Karim,Sousse,1992-04-12,F,Tunisie,C,1278033,1993-03-21,Monastir,4700,,+216-93-619-940,1904,Gabès,TN-92,TN,,,,,,,,,,,12.74,12.0,12.44,2016,employé,Satisfait
1905,Mansouri,Karim,Ariana,1997-05-03,M,????,C,9192853,2010-04-26,Tunis,9000,,+216-20-455-534,1905,Gabès,TN-91,TN,,,,,,,,,,,11.79,13.48,12.47,2021,employé,Satisfait
1906,Ben Ali,Chaker,Sfax,1996-10-22,M,Tunisie,C,5957850,1994-07-25,Monastir,2040,,+216-40-114-378,1906,Gafsa,TN-12,TN,,,,,,,,,,,12.9,12.84,12.88,2016,employé,Très satisfait
1907,Abassi,Anis,Kairouan,1990-07-19,F,Tunisie,C,7838741,2001-11-26,Monastir,5000,,+216-82-601-172,1907,Ariana,TN-93,TN,,,,,,,,,,,8.86,14.57,11.14,2016,employé,Satisfait
1908,Abassi,Yassine,Ariana,1990-04-17,M,Tunisie,C,2887900,2012-08-12,Ariana,2010,,+216-86-331-552,1908,Sousse,TN-21,TN,,,,,,,,,,,9.75,15.85,12.19,2018,employé,Très satisfait
1909,Bouazizi,Yassine,Tunis,1990-10-11,M,TN,C,5091656,1996-03-25,Ariana,8000,,+216-69-222-777,1909,Gafsa,TN-31,TN,,,,,,,,,,,9.61,13.1,11.01,2023,employé,Peu satisfait
1910,Ben Ali,Chaker,Nabeul,1999-11-09,F,????,C,3528962,1992-08-13,Nabeul,1100,,+216-53-668-502,1910,Kairouan,TN-41,TN,,,,,,,,,,,12.29,10.41,11.54,2022,employé,Très satisfait
1911,Ben Ali,Karim,Tunis,1993-02-07,M,Tunisie,C,8450868,2018-05-29,Sousse,2040,,+216-45-492-694,1911,Tunis,TN-12,TN,,,,,,,,,,,15.47,13.38,14.63,2016,employé,Satisfait
1912,Trabelsi,Ali,Gafsa,1996-10-04,F,Tunisie,C,7143702,2015-06-23,Gabès,2013,,+216-90-406-696,1912,Nabeul,TN-13,TN,,,,,,,,,,,16.46,15.37,16.02,2022,employé,Très satisfait
1913,Bouazizi,Houssem,Ariana,1997-08-07,M,????,C,2867657,1990-02-24,Sousse,4700,,+216-21-206-648,1913,Monastir,TN-92,TN,,,,,,,,,,,13.28,14.81,13.89,2018,employé,Pas satisfait
1914,Gharbi,Houssem,Sousse,1990-03-25,M,Tunisie,C,1177057,2019-11-19,Nabeul,2013,,+216-84-701-129,1914,Gafsa,TN-13,TN,,,,,,,,,,,13.0,14.64,13.66,2016,chômage,Très satisfait
1915,Jaziri,Karim,Gafsa,1998-07-29,M,TN,C,1232314,1991-06-29,Bizerte,5000,,+216-39-355-321,1915,Ariana,TN-93,TN,,,,,,,,,,,8.4,13.58,10.47,2024,employé,Peu satisfait
1916,Mansouri,Anis,Tunis,1998-09-25,M,Tunisie,C,8199304,2007-09-23,Kairouan,2013,,+216-77-233-869,1916,Sfax,TN-13,TN,,,,,,,,,,,10.91,12.08,11.38,2021,employé,Peu satisfait
1917,Mansouri,Bilel,Nabeul,1997-10-12,F,Tunisie,C,1810918,2017-08-05,Sousse,5500,,+216-71-484-855,1917,Gafsa,TN-99,TN,,,,,,,,,,,10.42,14.77,12.16,2020,employé,Pas satisfait
1918,Abassi,Ali,Monastir,1998-07-22,F,TN,C,8381772,1990-11-16,Gabès,6000,,+216-85-893-199,1918,Monastir,TN-100,TN,,,,,,,,,,,10.76,12.75,11.56,2024,employé,Satisfait
1919,Mansouri,Yassine,Monastir,1990-07-07,F,Tunisie,C,7500235,1999-06-05,Sousse,2013,,+216-42-496-535,1919,Monastir,TN-13,TN,,,,,,,,,,,11.66,17.28,13.91,2019,employé,Satisfait
1920,Ben Ali,Ahmed,Tunis,1990-01-31,M,????,C,7086537,1997-09-28,Sousse,2500,,+216-54-337-683,1920,Monastir,TN-52,TN,,,,,,,,,,,11.06,14.86,12.58,2015,employé,Très satisfait
1921,Mansouri,Amine,Sousse,1992-12-30,F,Tunisie,C,6902982,2003-12-24,Ariana,2500,,+216-68-786-445,1921,Monastir,TN-52,TN,,,,,,,,,,,08.04,13.13,10.08,2016,chômage,Très satisfait
1922,Ben Ali,Houssem,Bizerte,1992-01-04,M,Tunisie,C,1733545,1998-12-28,Nabeul,5500,,+216-28-896-641,1922,Nabeul,TN-99,TN,,,,,,,,,,,13.5,13.08,13.33,2022,employé,Satisfait
1923,Abassi,Ahmed,Tunis,1990-09-21,F,TN,C,4443712,2018-10-01,Monastir,2040,,+216-86-415-401,1923,Ariana,TN-12,TN,,,,,,,,,,,9.85,13.86,11.45,2015,employé,Très satisfait
1924,Ben Ahmed,Yassine,Gafsa,1995-12-25,F,????,C,3824976,2006-03-11,Gafsa,6000,,+216-57-626-133,1924,Nabeul,TN-100,TN,,,,,,,,,,,12.48,13.64,12.94,2017,chômage,Pas satisfait
1925,Chebbi,Anis,Gabès,1999-03-14,F,Tunisie,C,9086115,2007-03-16,Gafsa,2013,,+216-32-540-828,1925,Gabès,TN-13,TN,,,,,,,,,,,16.15,15.68,15.96,2016,en formation,Très satisfait
1926,Chebbi,Bilel,Bizerte,1994-06-22,F,Tunisie,C,5619058,2017-02-07,Nabeul,2010,,+216-42-498-386,1926,Gafsa,TN-21,TN,,,,,,,,,,,10.16,14.28,11.81,2019,employé,Satisfait
1927,Mansouri,Karim,Gafsa,1993-03-28,F,TN,C,9112715,1997-01-20,Tunis,5000,,+216-97-386-814,1927,Gafsa,TN-93,TN,,,,,,,,,,,6.94,12.9,9.32,2018,employé,Satisfait
1928,Gharbi,Mohamed,Gafsa,2003-07-03,M,????,C,3804314,2010-01-19,Monastir,2040,,+216-89-879-807,1928,Sousse,TN-12,TN,,,,,,,,,,,11.43,16.84,13.59,2021,employé,Satisfait
1929,Abassi,Yassine,Sousse,1999-06-06,M,Tunisie,C,9472857,1996-12-01,Gafsa,2010,,+216-41-972-641,1929,Bizerte,TN-21,TN,,,,,,,,,,,14.2,14.07,14.15,2019,employé,Satisfait
1930,Ben Ali,Mohamed,Sfax,1990-02-04,F,Tunisie,C,5740968,2015-01-16,Nabeul,5500,,+216-45-313-364,1930,Bizerte,TN-99,TN,,,,,,,,,,,15.92,15.15,15.61,2022,employé,Très satisfait
1931,Gharbi,Ahmed,Ariana,1999-07-23,M,Tunisie,C,6868703,1996-04-09,Gabès,4700,,+216-58-212-777,1931,Ariana,TN-92,TN,,,,,,,,,,,9.54,13.09,10.96,2018,employé,Satisfait
1932,Gharbi,Houssem,Bizerte,2001-09-09,F,????,C,9026200,2000-11-19,Nabeul,8000,,+216-99-624-703,1932,Tunis,TN-31,TN,,,,,,,,,,,12.99,14.54,13.61,2020,chômage,Très satisfait
1933,Jaziri,Houssem,Bizerte,1995-02-05,M,Tunisie,C,7459235,1998-12-07,Sousse,8000,,+216-32-423-279,1933,Ariana,TN-31,TN,,,,,,,,,,,11.07,14.47,12.43,2018,employé,Peu satisfait
1934,Bouazizi,Karim,Monastir,1993-05-02,F,TN,C,6557278,2005-10-28,Kairouan,2010,,+216-73-755-435,1934,Nabeul,TN-21,TN,,,,,,,,,,,11.79,11.17,11.54,2016,employé,Peu satisfait
1935,Ben Ahmed,Amine,Sfax,1993-01-03,F,Tunisie,C,6351458,1999-06-17,Tunis,8000,,+216-36-263-855,1935,Ariana,TN-31,TN,,,,,,,,,,,17.29,17.02,17.18,2015,employé,Pas satisfait
1936,Gharbi,Mohamed,Gabès,1993-05-13,M,TN,C,1162736,2007-12-18,Gabès,6000,,+216-76-453-888,1936,Monastir,TN-100,TN,,,,,,,,,,,8.99,15.94,11.77,2015,chômage,Très satisfait
1937,Ben Ali,Amine,Ariana,1993-03-30,M,Tunisie,C,8085630,2010-06-17,Sfax,1000,,+216-76-595-271,1937,Gabès,TN-11,TN,,,,,,,,,,,12.51,13.4,12.87,2022,employé,Très satisfait
1938,Jaziri,Ahmed,Ariana,1994-10-21,M,????,C,3411702,1995-07-24,Kairouan,2010,,+216-22-181-416,1938,Gabès,TN-21,TN,,,,,,,,,,,12.94,12.35,12.7,2018,chômage,Très satisfait
1939,Abassi,Bilel,Tunis,1990-06-13,F,TN,C,6857748,1998-11-21,Sfax,2010,,+216-97-165-876,1939,Gabès,TN-21,TN,,,,,,,,,,,14.17,14.52,14.31,2019,employé,Très satisfait
1940,Abassi,Bilel,Tunis,1992-12-06,M,Tunisie,C,9867639,2010-02-19,Gabès,8000,,+216-22-214-430,1940,Kairouan,TN-31,TN,,,,,,,,,,,12.2,14.13,12.97,2022,employé,Très satisfait
1941,Abassi,Houssem,Tunis,2001-04-28,F,????,C,1623977,2014-07-06,Gafsa,5000,,+216-83-338-798,1941,Gabès,TN-93,TN,,,,,,,,,,,12.62,14.53,13.38,2021,employé,Satisfait
1942,Ben Ahmed,Yassine,Monastir,1999-01-31,M,Tunisie,C,6529075,2013-02-13,Gafsa,2013,,+216-66-467-134,1942,Sousse,TN-13,TN,,,,,,,,,,,11.22,14.29,12.45,2022,employé,Très satisfait
1943,Louati,Bilel,Nabeul,2002-11-01,M,Tunisie,C,8654048,2007-03-06,Nabeul,1000,,+216-49-610-685,1943,Kairouan,TN-11,TN,,,,,,,,,,,12.54,14.76,13.43,2022,employé,Satisfait
1944,Abassi,Anis,Gafsa,2000-06-04,M,TN,C,4338339,1995-09-19,Nabeul,1000,,+216-60-512-309,1944,Monastir,TN-11,TN,,,,,,,,,,,11.31,16.17,13.25,2020,employé,Peu satisfait
1945,Jaziri,Yassine,Gabès,2001-02-28,M,Tunisie,C,4557807,2015-09-30,Gafsa,2500,,+216-56-400-825,1945,Sfax,TN-52,TN,,,,,,,,,,,13.24,14.85,13.88,2024,employé,Satisfait
1946,Louati,Yassine,Kairouan,2001-10-26,F,????,C,6086254,2013-07-28,Tunis,5500,,+216-31-933-245,1946,Gabès,TN-99,TN,,,,,,,,,,,11.26,12.43,11.73,2016,chômage,Très satisfait
1947,Mansouri,Amine,Nabeul,2002-06-11,M,Tunisie,C,5532726,2009-11-19,Bizerte,4700,,+216-79-454-711,1947,Kairouan,TN-92,TN,,,,,,,,,,,12.75,16.04,14.07,2020,employé,Très satisfait
1948,Louati,Karim,Monastir,2002-05-27,M,Tunisie,C,2068361,2000-03-16,Tunis,6000,,+216-28-126-770,1948,Tunis,TN-100,TN,,,,,,,,,,,11.94,16.46,13.75,2015,employé,Satisfait
1949,Abassi,Houssem,Gafsa,1994-05-29,M,TN,C,3752789,2010-09-30,Monastir,1000,,+216-27-576-986,1949,Tunis,TN-11,TN,,,,,,,,,,,14.25,18.73,16.04,2015,employé,Très satisfait
1950,Jaziri,Mohamed,Sfax,1997-06-14,M,????,C,2281418,2016-04-08,Ariana,1000,,+216-92-201-975,1950,Bizerte,TN-11,TN,,,,,,,,,,,11.9,12.31,12.06,2017,chômage,Satisfait
1951,Gharbi,Ahmed,Nabeul,1996-03-28,F,Tunisie,C,6530229,1999-12-28,Sousse,2013,,+216-84-726-442,1951,Bizerte,TN-13,TN,,,,,,,,,,,8.45,14.36,10.81,2017,en formation,Très satisfait
1952,Ben Ahmed,Karim,Nabeul,1992-08-28,M,Tunisie,C,1268202,2017-05-07,Sfax,2040,,+216-35-678-622,1952,Nabeul,TN-12,TN,,,,,,,,,,,14.52,10.88,13.06,2019,employé,Peu satisfait
1953,Gharbi,Anis,Sfax,2001-07-11,M,TN,C,3583285,1990-10-03,Bizerte,1000,,+216-77-866-975,1953,Bizerte,TN-11,TN,,,,,,,,,,,10.19,14.83,12.05,2015,employé,Peu satisfait
1954,Ben Ahmed,Bilel,Nabeul,2005-11-28,M,Tunisie,C,5303366,1994-04-21,Ariana,8000,,+216-58-434-702,1954,Nabeul,TN-31,TN,,,,,,,,,,,10.69,13.18,11.69,2024,employé,Satisfait
1955,Chebbi,Ahmed,Monastir,1993-12-31,M,Tunisie,C,7045567,2011-05-15,Gafsa,5500,,+216-77-456-294,1955,Nabeul,TN-99,TN,,,,,,,,,,,10.81,16.89,13.24,2020,en formation,Très satisfait
1956,Mansouri,Houssem,Kairouan,1990-07-30,M,Tunisie,C,2171136,1995-11-09,Sfax,5000,,+216-71-174-875,1956,Sfax,TN-93,TN,,,,,,,,,,,14.75,12.84,13.99,2021,chômage,Très satisfait
1957,Chebbi,Houssem,Nabeul,1993-12-06,F,????,C,5546602,1993-06-25,Monastir,4700,,+216-22-984-778,1957,Ariana,TN-92,TN,,,,,,,,,,,7.73,11.47,9.23,2024,employé,Peu satisfait
1958,Jaziri,Yassine,Nabeul,1995-04-13,M,Tunisie,C,2200607,2008-12-15,Monastir,2040,,+216-82-230-125,1958,Ariana,TN-12,TN,,,,,,,,,,,18.28,13.29,16.28,2017,employé,Satisfait
1959,Gharbi,Karim,Sousse,1995-01-14,F,TN,C,8726739,2014-11-08,Sfax,5500,,+216-62-263-752,1959,Tunis,TN-99,TN,,,,,,,,,,,14.11,11.04,12.88,2018,employé,Très satisfait
1960,Jaziri,Houssem,Gabès,1992-12-29,F,Tunisie,C,7444903,2000-09-16,Tunis,2040,,+216-23-583-504,1960,Kairouan,TN-12,TN,,,,,,,,,,,12.45,15.13,13.52,2024,employé,Très satisfait
1961,Jaziri,Ali,Nabeul,1991-07-12,M,TN,C,1798951,2019-08-31,Gafsa,1000,,+216-40-576-392,1961,Sousse,TN-11,TN,,,,,,,,,,,11.89,10.9,11.49,2024,chômage,Très satisfait
1962,Chebbi,Houssem,Kairouan,1993-10-16,M,Tunisie,C,3074848,1997-05-29,Gafsa,6000,,+216-55-718-492,1962,Sfax,TN-100,TN,,,,,,,,,,,12.57,14.04,13.16,2024,employé,Peu satisfait
1963,Louati,Mohamed,Sousse,2005-06-21,M,Tunisie,C,4499768,2017-03-10,Nabeul,1000,,+216-87-811-285,1963,Bizerte,TN-11,TN,,,,,,,,,,,13.04,10.88,12.18,2024,employé,Très satisfait
1964,Jaziri,Amine,Kairouan,2000-10-31,M,TN,C,6136395,2008-03-16,Ariana,8000,,+216-93-620-866,1964,Bizerte,TN-31,TN,,,,,,,,,,,13.29,13.52,13.38,2024,chômage,Satisfait
1965,Bouazizi,Ali,Tunis,1993-07-26,F,????,C,3008841,2015-07-10,Nabeul,1000,,+216-49-767-369,1965,Ariana,TN-11,TN,,,,,,,,,,,13.11,16.47,14.45,2017,chômage,Satisfait
1966,Jaziri,Anis,Monastir,1993-03-01,F,Tunisie,C,2937316,2017-09-08,Monastir,4700,,+216-84-154-193,1966,Tunis,TN-92,TN,,,,,,,,,,,12.18,14.54,13.12,2015,employé,Satisfait
1967,Gharbi,Anis,Ariana,2001-10-19,M,Tunisie,C,9790451,2016-10-16,Tunis,2010,,+216-20-119-841,1967,Nabeul,TN-21,TN,,,,,,,,,,,11.61,12.7,12.05,2022,chômage,Peu satisfait
1968,Jaziri,Ahmed,Kairouan,1994-05-12,F,TN,C,7584359,2018-02-01,Bizerte,2010,,+216-21-234-787,1968,Gafsa,TN-21,TN,,,,,,,,,,,11.7,13.95,12.6,2024,employé,Peu satisfait
1969,Louati,Ali,Gafsa,1996-10-10,F,Tunisie,C,2951134,1992-01-02,Bizerte,4700,,+216-38-709-288,1969,Monastir,TN-92,TN,,,,,,,,,,,11.61,14.03,12.58,2024,chômage,Satisfait
1970,Ben Ahmed,Amine,Sousse,1994-12-31,M,????,C,4412754,2006-10-11,Sousse,2013,,+216-94-232-233,1970,Nabeul,TN-13,TN,,,,,,,,,,,14.27,14.71,14.45,2016,chômage,Très satisfait
1971,Trabelsi,Amine,Gabès,1991-02-22,M,TN,C,1352990,2002-01-29,Gafsa,5500,,+216-61-720-757,1971,Tunis,TN-99,TN,,,,,,,,,,,13.19,11.95,12.69,2015,employé,Satisfait
1972,Mansouri,Karim,Monastir,2002-12-04,F,Tunisie,C,7035434,2018-08-10,Monastir,2040,,+216-73-878-156,1972,Sfax,TN-12,TN,,,,,,,,,,,6.12,14.89,9.63,2022,chômage,Satisfait
1973,Ben Ali,Karim,Monastir,1993-02-07,F,Tunisie,C,5169888,2017-10-14,Bizerte,8000,,+216-31-578-806,1973,Bizerte,TN-31,TN,,,,,,,,,,,13.31,9.94,11.96,2021,chômage,Satisfait
1974,Jaziri,Mohamed,Tunis,1990-03-23,M,TN,C,9025614,2008-08-13,Sousse,8000,,+216-38-242-622,1974,Ariana,TN-31,TN,,,,,,,,,,,12.39,13.06,12.66,2021,employé,Satisfait
1975,Jaziri,Houssem,Kairouan,1993-07-20,M,????,C,1298289,1991-08-11,Bizerte,6000,,+216-36-303-866,1975,Kairouan,TN-100,TN,,,,,,,,,,,11.96,13.27,12.48,2018,employé,Très satisfait
1976,Mansouri,Ahmed,Bizerte,1990-02-16,F,Tunisie,C,6807339,2017-08-26,Tunis,2040,,+216-21-279-855,1976,Tunis,TN-12,TN,,,,,,,,,,,11.22,14.95,12.71,2023,chômage,Satisfait
1977,Ben Ali,Bilel,Bizerte,1992-11-17,M,Tunisie,C,1346397,1998-03-11,Tunis,5500,,+216-81-206-428,1977,Nabeul,TN-99,TN,,,,,,,,,,,14.25,14.03,14.16,2020,employé,Très satisfait
1978,Mansouri,Houssem,Sousse,1993-11-05,F,TN,C,7887377,2017-04-13,Gabès,2040,,+216-70-675-349,1978,Nabeul,TN-12,TN,,,,,,,,,,,13.9,11.89,13.1,2016,employé,Peu satisfait
1979,Louati,Ali,Tunis,1996-01-31,M,????,C,6892465,2012-08-10,Kairouan,5000,,+216-43-601-687,1979,Gabès,TN-93,TN,,,,,,,,,,,10.45,12.52,11.28,2015,chômage,Très satisfait
1980,Abassi,Mohamed,Bizerte,2004-05-05,M,Tunisie,C,7425966,2017-05-20,Ariana,5500,,+216-94-314-494,1980,Gafsa,TN-99,TN,,,,,,,,,,,12.81,14.3,13.41,2015,chômage,Satisfait
1981,Chebbi,Houssem,Tunis,1997-12-04,M,Tunisie,C,2224114,1996-10-13,Gabès,2013,,+216-49-187-129,1981,Ariana,TN-13,TN,,,,,,,,,,,10.06,13.88,11.59,2023,employé,Très satisfait
1982,Ben Ahmed,Anis,Nabeul,1989-11-04,M,TN,C,3472042,2002-08-17,Sfax,1000,,+216-44-437-464,1982,Gafsa,TN-11,TN,,,,,,,,,,,9.24,13.13,10.8,2018,employé,Satisfait
1983,Mansouri,Karim,Gabès,2003-06-11,F,Tunisie,C,4618491,2000-12-22,Nabeul,2040,,+216-90-679-703,1983,Kairouan,TN-12,TN,,,,,,,,,,,10.75,13.28,11.76,2019,employé,Satisfait
1984,Mansouri,Mohamed,Sousse,1998-12-07,M,????,C,8895878,2004-03-11,Sfax,5500,,+216-76-712-824,1984,Bizerte,TN-99,TN,,,,,,,,,,,13.72,15.04,14.25,2017,employé,Très satisfait
1985,Abassi,Karim,Bizerte,1991-03-18,F,Tunisie,C,1166730,2012-09-18,Gabès,1000,,+216-51-615-794,1985,Kairouan,TN-11,TN,,,,,,,,,,,13.91,13.22,13.63,2018,employé,Peu satisfait
1986,Chebbi,Mohamed,Ariana,1992-01-16,M,TN,C,2831434,2000-07-23,Tunis,2040,,+216-51-814-214,1986,Ariana,TN-12,TN,,,,,,,,,,,13.03,13.87,13.37,2022,chômage,Satisfait
1987,Jaziri,Bilel,Monastir,1999-08-12,M,Tunisie,C,8769714,1995-09-09,Sfax,5500,,+216-75-396-441,1987,Kairouan,TN-99,TN,,,,,,,,,,,13.45,17.25,14.97,2018,employé,Satisfait
1988,Louati,Ali,Tunis,1991-04-03,F,Tunisie,C,8364827,1992-08-26,Kairouan,1000,,+216-42-523-270,1988,Nabeul,TN-11,TN,,,,,,,,,,,13.03,11.86,12.56,2023,employé,Très satisfait
1989,Louati,Anis,Ariana,2001-01-25,M,????,C,3884638,2002-02-05,Ariana,2040,,+216-56-695-314,1989,Monastir,TN-12,TN,,,,,,,,,,,10.72,11.22,10.92,2023,employé,Satisfait
1990,Gharbi,Karim,Tunis,2004-04-25,F,Tunisie,C,2556669,2001-02-24,Tunis,6000,,+216-59-350-827,1990,Gafsa,TN-100,TN,,,,,,,,,,,12.86,15.18,13.79,2020,en formation,Satisfait
1991,Louati,Yassine,Nabeul,1995-11-22,F,TN,C,4448641,2009-04-21,Tunis,1000,,+216-74-704-602,1991,Sousse,TN-11,TN,,,,,,,,,,,13.6,12.98,13.35,2016,employé,Satisfait
1992,Bouazizi,Chaker,Gabès,1999-11-04,M,????,C,1985673,2013-03-22,Gafsa,2040,,+216-76-422-329,1992,Ariana,TN-12,TN,,,,,,,,,,,13.51,13.52,13.51,2024,employé,Satisfait
1993,Louati,Bilel,Gabès,1993-06-26,F,Tunisie,C,3014480,1996-11-06,Monastir,1000,,+216-99-521-655,1993,Gabès,TN-11,TN,,,,,,,,,,,14.38,12.83,13.76,2021,employé,Satisfait
1994,Ben Ahmed,Yassine,Sfax,2002-05-06,F,TN,C,2658330,2016-04-16,Gafsa,5500,,+216-35-847-259,1994,Monastir,TN-99,TN,,,,,,,,,,,13.42,13.61,13.5,2023,employé,Très satisfait
1995,Ben Ali,Ali,Ariana,2001-06-23,F,Tunisie,C,3231634,1991-11-18,Sousse,2010,,+216-21-244-791,1995,Gafsa,TN-21,TN,,,,,,,,,,,12.7,16.4,14.18,2020,employé,Très satisfait
1996,Mansouri,Ahmed,Bizerte,1993-03-09,F,Tunisie,C,7126292,2015-03-04,Tunis,6000,,+216-66-192-538,1996,Gabès,TN-100,TN,,,,,,,,,,,14.14,15.2,14.56,2017,employé,Très satisfait
1997,Gharbi,Ali,Bizerte,1995-03-16,F,TN,C,5311563,1996-06-07,Monastir,8000,,+216-35-793-748,1997,Kairouan,TN-31,TN,,,,,,,,,,,11.95,15.29,13.29,2021,employé,Très satisfait
1998,Abassi,Anis,Kairouan,2004-02-11,F,Tunisie,C,1452658,1997-04-12,Ariana,6000,,+216-47-676-437,1998,Bizerte,TN-100,TN,,,,,,,,,,,10.24,11.88,10.9,2019,employé,Satisfait
1999,Ben Ahmed,Ali,Gafsa,2000-07-17,F,TN,C,9667247,1996-02-18,Ariana,1000,,+216-42-723-814,1999,Sfax,TN-11,TN,,,,,,,,,,,11.67,12.27,11.91,2015,employé,Peu satisfait
2000,Chebbi,Amine,Gafsa,1997-07-19,F,????,C,3307343,2010-06-01,Gafsa,6000,,+216-39-390-695,2000,Bizerte,TN-100,TN,,,,,,,,,,,10.51,9.74,10.2,2017,employé,Très satisfait
2001,Mbappe,Samuel,,1995-06-12,M,Cameroon,P,10010010,2000-01-01,,1000,,+237-650-123-456,2001,,,,,,,,,,,,,,10.65,12.79,11.51,2019,employé,Pas satisfait
2002,Ngom,Delphine,,1992-04-05,F,Cameroon,P,10020020,2005-02-10,,4000,,+237-671-321-789,2002,,,,,,,,,,,,,,11.71,15.44,13.2,2021,employé,Satisfait
2003,Fokou,Alain,,1990-10-20,M,Cameroon,P,10030030,2010-05-12,,4000,,+237-655-987-321,2003,,,,,,,,,,,,,,10.42,14.78,12.16,2017,employé,Peu satisfait
2004,Tchoumi,Nathalie,,1998-07-11,F,Cameroon,P,10040040,2008-09-14,,3500,,+237-620-111-222,2004,,,,,,,,,,,,,,11.38,13.67,12.3,2020,employé,Satisfait
2005,Ndongo,Pierre,,1993-03-03,M,Cameroon,P,10050050,2003-03-20,,3500,,+237-699-333-444,2005,,,,,,,,,,,,,,8.21,13.97,10.51,2019,chômage,Satisfait
2006,Etoa,Brigitte,,1985-02-18,F,Cameroon,P,10060060,2005-08-08,,3500,,+237-640-555-666,2006,,,,,,,,,,,,,,12.43,12.97,12.65,2015,employé,Très satisfait
2007,Fokam,Didier,,1999-09-09,M,Cameroon,P,10070070,2018-04-15,,3500,,+237-670-777-888,2007,,,,,,,,,,,,,,12.0,14.31,12.92,2024,employé,Très satisfait
2008,Yemba,Charlotte,,1994-11-20,F,Cameroon,P,10080080,2010-12-01,,3500,,+237-610-999-000,2008,,,,,,,,,,,,,,10.37,15.15,12.28,2020,employé,Très satisfait
2009,Kouam,Victor,,1988-01-15,M,Cameroon,P,10090090,1995-06-30,,3500,,+237-650-112-334,2009,,,,,,,,,,,,,,13.32,11.58,12.62,2022,en formation,Satisfait
2010,Ndedi,Yves,,2000-08-25,M,Cameroon,P,10100010,2015-03-11,,3500,,+237-620-556-778,2010,,,,,,,,,,,,,,13.88,14.45,14.11,2015,chômage,Très satisfait
2011,Ahmed,Mohamed,,1998-02-12,M,Egypte,P,14568795,2015-08-12,,3000,,+20-10-1234-5678,2011,,,,,,,,,,,,,,8.78,15.4,11.43,2016,employé,Peu satisfait
2012,Fathy,Hana,,1994-06-18,F,Egypte,P,24681357,2013-03-05,,3000,,+20-12-9876-5432,2012,,,,,,,,,,,,,,10.47,13.38,11.63,2018,employé,Très satisfait
2013,Ali,Salma,,2000-11-30,F,Egypte,P,36548279,2017-01-20,,3000,,+20-15-2345-6789,2013,,,,,,,,,,,,,,10.46,15.05,12.3,2016,employé,Peu satisfait
2014,Osman,Kareem,,1999-03-25,M,Egypte,P,58463729,2014-12-11,,3000,,+20-11-3456-7890,2014,,,,,,,,,,,,,,10.12,18.22,13.36,2023,employé,Très satisfait
2015,Youssef,Eman,,1992-07-15,F,Egypte,P,75924813,2012-09-22,,2500,,+20-14-4567-8901,2015,,,,,,,,,,,,,,13.66,13.84,13.73,2024,employé,Très satisfait
2016,Mahmoud,Omar,,1997-01-07,M,Egypte,P,83412567,2015-10-30,,2500,,+20-13-5678-9012,2016,,,,,,,,,,,,,,11.61,14.59,12.8,2022,chômage,Très satisfait
2017,Hassan,Nada,,1995-12-02,F,Egypte,P,94213758,2016-05-15,,2500,,+20-16-6789-0123,2017,,,,,,,,,,,,,,11.47,12.89,12.04,2022,employé,Satisfait
2018,Boualem,Mohamed,,1997-06-18,M,Algerie,P,94715832,2015-02-13,,1000,,+213-778-901-234,2018,Tizi-Ouzou,,,,,,,,,,,,,7.99,14.27,10.5,2018,chômage,Très satisfait
2019,Belhadj,Rania,,1996-09-12,F,Algerie,P,83547912,2014-09-15,,1000,,+213-777-890-123,2019,Bejaia,,,,,,,,,,,,,13.27,14.69,13.84,2019,employé,Peu satisfait
2020,Yahia,Salim,,1993-04-05,M,Algerie,P,72938461,2011-12-21,,2200,,+213-776-789-012,2020,Mostaganem,,,,,,,,,,,,,9.52,14.29,11.43,2018,chômage,Très satisfait
2021,Cherif,Nadia,,1999-10-10,F,Algerie,P,61428579,2017-06-08,,1100,,+213-775-678-901,2021,Alger,,,,,,,,,,,,,12.12,12.47,12.26,2023,chômage,Très satisfait
2022,Mwangi,James,,1995-07-10,M,Kenya,P,15268749,2012-03-22,,2500,,+254-712-345-678,2022,,,,,,,,,,,,,,12.55,14.31,13.25,2016,employé,Peu satisfait
2023,Njoroge,Mary,,1993-03-19,F,Kenya,P,24678932,2014-06-05,,2400,,+254-721-456-789,2023,,,,,,,,,,,,,,14.72,16.19,15.31,2022,employé,Très satisfait
2024,Wanjiku,Peter,,2001-10-05,M,Kenya,P,34891257,2019-08-14,,2400,,+254-731-567-890,2024,,,,,,,,,,,,,,9.38,14.67,11.5,2016,employé,Peu satisfait
2025,Otieno,Jane,,1999-11-15,F,Kenya,P,45912376,2016-02-29,,2400,,+254-741-678-901,2025,,,,,,,,,,,,,,5.96,15.44,9.75,2015,employé,Pas satisfait
2026,Kamau,Cynthia,,1996-02-28,F,Kenya,P,56789124,2015-07-12,,2400,,+254-751-789-012,2026,,,,,,,,,,,,,,12.37,13.64,12.88,2024,employé,Très satisfait
2027,Omondi,Joseph,,1998-06-03,M,Kenya,P,67891245,2017-04-18,,2200,,+254-761-890-123,2027,,,,,,,,,,,,,,15.6,15.12,15.41,2017,employé,Très satisfait
2028,Wambui,Emily,,2000-05-09,F,Kenya,P,79123564,2018-01-07,,2200,,+254-771-901-234,2028,,,,,,,,,,,,,,14.48,14.42,14.46,2023,employé,Très satisfait
2029,Ndungu,Grace,,1997-09-22,F,Kenya,P,81924356,2013-09-03,,2200,,+254-781-012-345,2029,,,,,,,,,,,,,,12.42,12.57,12.48,2017,en formation,Peu satisfait
2030,Benali,Yacine,,1997-01-15,M,Algerie,P,15236478,2015-03-10,,7000,,+213-770-123-456,2030,Alger,,,,,,,,,,,,,11.02,14.48,12.4,2023,employé,Satisfait
2031,Zeroual,Amel,,1996-05-27,F,Algerie,P,24568791,2014-07-18,,1100,,+213-771-234-567,2031,Oran,,,,,,,,,,,,,13.61,12.51,13.17,2021,en formation,Satisfait
2032,Bouras,Samir,,1995-11-09,M,Algerie,P,36548912,2013-11-05,,1000,,+213-772-345-678,2032,Constantine,,,,,,,,,,,,,10.05,13.05,11.25,2024,employé,Peu satisfait
2033,Mokhtar,Lamia,,1994-08-20,F,Algerie,P,48125936,2012-05-24,,1000,,+213-773-456-789,2033,Annaba,,,,,,,,,,,,,12.95,14.28,13.48,2015,chômage,Très satisfait
2034,Bessa,Adel,,1998-03-31,M,Algerie,P,59748213,2016-01-15,,1000,,+213-774-567-890,2034,Blida,,,,,,,,,,,,,13.01,14.45,13.59,2024,employé,Peu satisfait